frame,shin.R__head_x,shin.R__head_y,shin.R__head_z,shin.R__tail_x,shin.R__tail_y,shin.R__tail_z,thigh.R__head_x,thigh.R__head_y,thigh.R__head_z,thigh.R__tail_x,thigh.R__tail_y,thigh.R__tail_z,shin.L__head_x,shin.L__head_y,shin.L__head_z,shin.L__tail_x,shin.L__tail_y,shin.L__tail_z,thigh.L__head_x,thigh.L__head_y,thigh.L__head_z,thigh.L__tail_x,thigh.L__tail_y,thigh.L__tail_z,spine__head_x,spine__head_y,spine__head_z,spine__tail_x,spine__tail_y,spine__tail_z,spine.006__head_x,spine.006__head_y,spine.006__head_z,spine.006__tail_x,spine.006__tail_y,spine.006__tail_z,upper_arm.R__head_x,upper_arm.R__head_y,upper_arm.R__head_z,upper_arm.R__tail_x,upper_arm.R__tail_y,upper_arm.R__tail_z,forearm.R__head_x,forearm.R__head_y,forearm.R__head_z,forearm.R__tail_x,forearm.R__tail_y,forearm.R__tail_z,upper_arm.L__head_x,upper_arm.L__head_y,upper_arm.L__head_z,upper_arm.L__tail_x,upper_arm.L__tail_y,upper_arm.L__tail_z,forearm.L__head_x,forearm.L__head_y,forearm.L__head_z,forearm.L__tail_x,forearm.L__tail_y,forearm.L__tail_z
1,-0.0317479707300663,-0.013783064670860767,0.026125455275177956,-0.04244835674762726,-0.0015755349304527044,0.009385043755173683,-0.025026505813002586,0.0009581830236129463,0.03785224258899689,-0.0317479707300663,-0.013783070258796215,0.026125449687242508,0.04585622623562813,-0.014720166102051735,0.023432644084095955,0.05748554691672325,-0.0001857946626842022,0.00938720814883709,0.03477039188146591,-0.0034898275043815374,0.035720184445381165,0.045856229960918427,-0.014720169827342033,0.023432640358805656,0.005423266906291246,0.004410793539136648,0.04040610417723656,0.006017312873154879,0.0035152030177414417,0.05893547832965851,0.00511156627908349,-0.029361071065068245,0.1365329623222351,0.004843320697546005,-0.03955219313502312,0.1554974913597107,-0.04336056113243103,-0.010185789316892624,0.10185792297124863,-0.051125284284353256,-0.022548262029886246,0.07004786282777786,-0.05112528055906296,-0.022548258304595947,0.07004787772893906,-0.024120643734931946,-0.03255901485681534,0.07844631373882294,0.05283835530281067,-0.004665418528020382,0.10386987775564194,0.07349615544080734,0.0065549262799322605,0.0779399648308754,0.07349614053964615,0.0065549155697226524,0.07793997973203659,0.05841616541147232,-0.01896330714225769,0.08256742358207703
2,-0.031849734485149384,-0.01345739047974348,0.026375969871878624,-0.04239380359649658,-0.0014621266163885593,0.00938479509204626,-0.024874672293663025,0.0013084945967420936,0.03792227804660797,-0.03184973821043968,-0.013457395136356354,0.026375968009233475,0.045866888016462326,-0.014947053976356983,0.02315126731991768,0.05743010714650154,-9.405170567333698e-05,0.009387407451868057,0.03486355394124985,-0.0037659909576177597,0.035557325929403305,0.04586689546704292,-0.014947057701647282,0.023151259869337082,0.0056187910959124565,0.0044182296842336655,0.040394026786088943,0.006265279836952686,0.003397133434191346,0.0589151494204998,0.005682752467691898,-0.028558531776070595,0.13693594932556152,0.005597582086920738,-0.038490064442157745,0.15603938698768616,-0.04342084005475044,-0.009746100753545761,0.10299801081418991,-0.05063781142234802,-0.02379143051803112,0.07176268100738525,-0.050637807697057724,-0.023791424930095673,0.07176269590854645,-0.02376890927553177,-0.03439963608980179,0.07985760271549225,0.053737036883831024,-0.005479129496961832,0.10363855212926865,0.07486463338136673,0.0030952836386859417,0.07708472013473511,0.07486461848020554,0.0030952761881053448,0.0770847499370575,0.059665631502866745,-0.02208937704563141,0.08297742903232574
3,-0.03195662051439285,-0.013112902641296387,0.026635969057679176,-0.042339395731687546,-0.0013506270479410887,0.009384578093886375,-0.02471299283206463,0.0016441844636574388,0.03802711144089699,-0.03195662796497345,-0.013112908229231834,0.02663596160709858,0.04587717726826668,-0.015142001211643219,0.022891180589795113,0.05737417936325073,-1.5194527804851532e-06,0.009387529455125332,0.03496091812849045,-0.004046337213367224,0.03544989973306656,0.045877180993556976,-0.015142004936933517,0.022891173139214516,0.005818786099553108,0.004413444083184004,0.04042983427643776,0.00650798249989748,0.00325689441524446,0.05894144997000694,0.0062565975822508335,-0.02770066261291504,0.13740421831607819,0.006349954754114151,-0.03734635189175606,0.1566535383462906,-0.043454572558403015,-0.009299101307988167,0.10417588800191879,-0.050088413059711456,-0.025099512189626694,0.07365801185369492,-0.05008840933442116,-0.025099504739046097,0.07365801930427551,-0.023402757942676544,-0.036401256918907166,0.08141341060400009,0.05460906773805618,-0.006312885321676731,0.1034834012389183,0.07615765929222107,-0.000550091965124011,0.07651212811470032,0.07615765184164047,-0.0005500998813658953,0.07651215046644211,0.06083760783076286,-0.02534019574522972,0.08363581448793411
4,-0.03206662833690643,-0.012745003215968609,0.026906650513410568,-0.042286381125450134,-0.0012432712828740478,0.009384374134242535,-0.024543482810258865,0.0019648708403110504,0.03817705810070038,-0.03206662833690643,-0.012745008803904057,0.02690664306282997,0.04588937759399414,-0.015306699089705944,0.022655749693512917,0.05731954053044319,9.056809358298779e-05,0.009387769736349583,0.03506019711494446,-0.004333191085606813,0.035395875573158264,0.04588938504457474,-0.015306703746318817,0.02265574224293232,0.006022013258188963,0.004395883064717054,0.04051627591252327,0.006748161278665066,0.0030981714371591806,0.0590171217918396,0.006850887089967728,-0.026800401508808136,0.13793057203292847,0.007118639070540667,-0.03613695129752159,0.15733009576797485,-0.043444279581308365,-0.008852965198457241,0.10538525879383087,-0.04946354031562805,-0.02641713060438633,0.07571590691804886,-0.04946354031562805,-0.026417121291160583,0.07571592926979065,-0.02301652729511261,-0.0385061614215374,0.08309220522642136,0.055461931973695755,-0.007165749091655016,0.1033983826637268,0.07735244184732437,-0.004342471249401569,0.07623524963855743,0.07735243439674377,-0.004342477302998304,0.07623526453971863,0.06192681938409805,-0.028702229261398315,0.08452092856168747
5,-0.03217707946896553,-0.012350300326943398,0.027187734842300415,-0.042235806584358215,-0.001142312539741397,0.009384187869727612,-0.02436833828687668,0.002269550459459424,0.03838075324892998,-0.03217708691954613,-0.01235030498355627,0.027187727391719818,0.0459015853703022,-0.015444621443748474,0.022444337606430054,0.0572669692337513,0.00017980276606976986,0.009387953206896782,0.0351586788892746,-0.004629405681043863,0.0353911817073822,0.0459015928208828,-0.015444625169038773,0.022444333881139755,0.0062269908376038074,0.004364455584436655,0.04065417870879173,0.006988612934947014,0.0029241491574794054,0.05914304032921791,0.007483471650630236,-0.025874067097902298,0.13850568234920502,0.007922341115772724,-0.034881990402936935,0.15805687010288239,-0.04337332025170326,-0.008418764919042587,0.10661959648132324,-0.04874461144208908,-0.02772022783756256,0.07792108505964279,-0.04874460771679878,-0.027720218524336815,0.07792110741138458,-0.02261037938296795,-0.04070950672030449,0.08486944437026978,0.05630352720618248,-0.0080372029915452,0.10337405651807785,0.0784272775053978,-0.008236857131123543,0.07625392824411392,0.0784272700548172,-0.008236860856413841,0.07625394314527512,0.06293079257011414,-0.032161932438611984,0.08560537546873093
6,-0.03228472173213959,-0.011926339939236641,0.027477223426103592,-0.042188696563243866,-0.001049386104568839,0.009383955039083958,-0.02418939583003521,0.002557454165071249,0.0386434905230999,-0.032284725457429886,-0.011926345527172089,0.027477215975522995,0.04591135308146477,-0.015560154803097248,0.022255288437008858,0.05721765756607056,0.00026284961495548487,0.009388136677443981,0.03525387495756149,-0.0049371798522770405,0.035429902374744415,0.045911356806755066,-0.015560158528387547,0.02225528471171856,0.006432443391531706,0.004318424966186285,0.04084194451570511,0.007231977302581072,0.0027377402875572443,0.059317730367183685,0.008169720880687237,-0.024940384551882744,0.13911794126033783,0.008777821436524391,-0.033605046570301056,0.15881916880607605,-0.0432283990085125,-0.00800857413560152,0.10787291079759598,-0.04791976511478424,-0.028988849371671677,0.08025369793176651,-0.04791976511478424,-0.02898884192109108,0.0802537202835083,-0.022193506360054016,-0.04300061985850334,0.08672124147415161,0.057141102850437164,-0.00892719067633152,0.10339894145727158,0.07936529815196991,-0.012185374274849892,0.07655734568834305,0.07936529070138931,-0.012185376137495041,0.07655736804008484,0.06384993344545364,-0.0357026606798172,0.0868631899356842
7,-0.03238542750477791,-0.011472067795693874,0.027771467342972755,-0.04214530438184738,-0.0009650322608649731,0.009383703581988811,-0.024007517844438553,0.0028293209616094828,0.038964368402957916,-0.03238542750477791,-0.011472072452306747,0.027771461755037308,0.045918919146060944,-0.015657398849725723,0.02208717167377472,0.057172562927007675,0.000338158686645329,0.00938828382641077,0.03534429892897606,-0.005256724543869495,0.03550369665026665,0.04591892659664154,-0.01565740257501602,0.022087164223194122,0.006637833546847105,0.004258597269654274,0.04107404127717018,0.007480465807020664,0.0025422596372663975,0.05953580513596535,0.008919747546315193,-0.02401517704129219,0.1397535353899002,0.009697169065475464,-0.03232698515057564,0.15960030257701874,-0.043002452701330185,-0.0076303198002278805,0.10914011299610138,-0.04698820039629936,-0.03020656108856201,0.08269339799880981,-0.046988192945718765,-0.030206549912691116,0.08269341289997101,-0.021784905344247818,-0.04535714164376259,0.08863081783056259,0.057979781180620193,-0.009834342636168003,0.10346005856990814,0.08015758544206619,-0.01614060439169407,0.07712799310684204,0.0801575779914856,-0.01614060252904892,0.07712801545858383,0.06468676775693893,-0.039299365133047104,0.0882781371474266
8,-0.032475318759679794,-0.010988201014697552,0.02806548960506916,-0.04210558906197548,-0.0008885585702955723,0.009383474476635456,-0.023822886869311333,0.003087021643295884,0.039335962384939194,-0.03247532248497009,-0.010988205671310425,0.028065485879778862,0.04592440649867058,-0.015740027651190758,0.021937092766165733,0.05713185295462608,0.00040575419552624226,0.009388366714119911,0.03542940691113472,-0.005586501210927963,0.03560313582420349,0.045924410223960876,-0.015740031376481056,0.021937085315585136,0.006843029987066984,0.00418688403442502,0.04134169593453407,0.007734872400760651,0.002340420614928007,0.05978858470916748,0.00973551906645298,-0.023109879344701767,0.14039777219295502,0.01068471185863018,-0.03106396459043026,0.1603831648826599,-0.04269706457853317,-0.007285870611667633,0.11041811853647232,-0.0459628626704216,-0.03136073425412178,0.08522412180900574,-0.0459628663957119,-0.03136071935296059,0.08522413671016693,-0.021411746740341187,-0.04774383828043938,0.09059394896030426,0.05882050096988678,-0.010756909847259521,0.10354536771774292,0.08080394566059113,-0.020060038194060326,0.07794886082410812,0.08080393821001053,-0.020060036331415176,0.07794887572526932,0.06544417887926102,-0.04291651397943497,0.08985091000795364
9,-0.03255029395222664,-0.01045816671103239,0.028363721445202827,-0.04206991195678711,-0.0008206814527511597,0.009383260272443295,-0.023637743666768074,0.0033244644291698933,0.039792001247406006,-0.03255029767751694,-0.010458171367645264,0.02836371771991253,0.04592848941683769,-0.015809208154678345,0.021811464801430702,0.05710071325302124,0.00045778637286275625,0.00938850361853838,0.03550437465310097,-0.005935325752943754,0.035734258592128754,0.04592849314212799,-0.015809211879968643,0.021811457350850105,0.007046734914183617,0.004097483120858669,0.04166189208626747,0.008003918454051018,0.002134088659659028,0.06009342893958092,0.010656658560037613,-0.022254783660173416,0.14105893671512604,0.011777319014072418,-0.029849067330360413,0.1611749678850174,-0.042268481105566025,-0.007022051140666008,0.11169587820768356,-0.04477071389555931,-0.032460782676935196,0.08778747171163559,-0.04477071389555931,-0.032460767775774,0.08778749406337738,-0.02104213275015354,-0.05020611360669136,0.09248393028974533,0.05968879535794258,-0.011696230620145798,0.10364357382059097,0.08127802610397339,-0.023901375010609627,0.07894659042358398,0.08127802610397339,-0.02390137128531933,0.07894661277532578,0.0661347433924675,-0.046593084931373596,0.09142725169658661
10,-0.03262145072221756,-0.009716695174574852,0.028743870556354523,-0.042038336396217346,-0.0007591576431877911,0.009382913820445538,-0.02341749705374241,0.003449337789788842,0.04065784811973572,-0.03262145817279816,-0.009716699831187725,0.028743863105773926,0.04595189914107323,-0.01572994515299797,0.02193119190633297,0.057101137936115265,0.000460626557469368,0.009388329461216927,0.03561076521873474,-0.006366020068526268,0.03626219928264618,0.045951902866363525,-0.01572994887828827,0.021931184455752373,0.007281454745680094,0.0039076609537005424,0.04238860309123993,0.008304545655846596,0.0018141304608434439,0.06080227345228195,0.011732039041817188,-0.02111252397298813,0.14224916696548462,0.012955622747540474,-0.02815052680671215,0.1625605821609497,-0.04161017760634422,-0.007049171719700098,0.11309182643890381,-0.04278618469834328,-0.03389137610793114,0.09066160768270493,-0.04278618469834328,-0.033891357481479645,0.09066163003444672,-0.020393410697579384,-0.05355753004550934,0.09409740567207336,0.060682691633701324,-0.012626362964510918,0.10421976447105408,0.08129400759935379,-0.027920888736844063,0.08042369782924652,0.0812940001487732,-0.027920883148908615,0.08042372018098831,0.06684506684541702,-0.051110994070768356,0.09281104058027267
11,-0.03267741575837135,-0.008976414799690247,0.029082000255584717,-0.042012184858322144,-0.0006967365043237805,0.009382504038512707,-0.023198291659355164,0.0035054655745625496,0.04150572419166565,-0.03267742320895195,-0.008976418524980545,0.02908199280500412,0.04596969112753868,-0.015679478645324707,0.022010790184140205,0.05710747838020325,0.0004569296143017709,0.009388219565153122,0.03571902588009834,-0.00676957331597805,0.036691971123218536,0.04596969857811928,-0.015679484233260155,0.02201078273355961,0.007514036260545254,0.0037120541092008352,0.04303589463233948,0.008640900254249573,0.0015532693360000849,0.06143596023321152,0.012857910245656967,-0.020046047866344452,0.14327959716320038,0.014173650182783604,-0.026567384600639343,0.16375702619552612,-0.04082763195037842,-0.00695058424025774,0.11432427167892456,-0.0408487431704998,-0.03506990894675255,0.0934842973947525,-0.0408487468957901,-0.03506989777088165,0.0934843122959137,-0.020082294940948486,-0.05662450194358826,0.09552212804555893,0.06169535219669342,-0.013687165454030037,0.10470394045114517,0.08109741657972336,-0.0320931077003479,0.08212558925151825,0.08109740167856216,-0.0320931002497673,0.08212560415267944,0.06712368130683899,-0.055778227746486664,0.09411510825157166
12,-0.03269529342651367,-0.008211958222091198,0.029382918030023575,-0.04199531301856041,-0.0006461134762503207,0.009382214397192001,-0.02296709083020687,0.003560875542461872,0.042296577244997025,-0.03269530087709427,-0.008211961947381496,0.029382910579442978,0.04600518196821213,-0.015707286074757576,0.022008370608091354,0.05712109059095383,0.00044603191781789064,0.00938812643289566,0.03581254556775093,-0.007247809320688248,0.036993272602558136,0.046005185693502426,-0.015707289800047874,0.022008363157510757,0.0077581871300935745,0.0035003055818378925,0.04355544224381447,0.009028545580804348,0.0013829364906996489,0.06195097416639328,0.014032505452632904,-0.018921058624982834,0.1441417634487152,0.015430519357323647,-0.024938514456152916,0.16476748883724213,-0.039918310940265656,-0.006521811243146658,0.11538296192884445,-0.03907492756843567,-0.03582954779267311,0.09626888483762741,-0.03907492384314537,-0.03582952916622162,0.0962688997387886,-0.020254096016287804,-0.05918336659669876,0.09688083827495575,0.06270597130060196,-0.014888984151184559,0.10505718737840652,0.08056638389825821,-0.03640531003475189,0.08400831371545792,0.08056636899709702,-0.036405298858881,0.08400832861661911,0.0667908787727356,-0.06050406023859978,0.09538745880126953
13,-0.03264210373163223,-0.007609436754137278,0.029814355075359344,-0.04196106269955635,-0.0007383162155747414,0.009573184885084629,-0.022696562111377716,0.003631365019828081,0.0430329293012619,-0.03264211118221283,-0.007609440013766289,0.029814347624778748,0.04607287794351578,-0.015837566927075386,0.02190815471112728,0.05714048445224762,0.0004265671595931053,0.009388183243572712,0.03589432314038277,-0.007896509021520615,0.037183504551649094,0.046072881668806076,-0.015837570652365685,0.021908147260546684,0.008038393221795559,0.0032355051953345537,0.04394788667559624,0.009493167512118816,0.0012924440670758486,0.062348999083042145,0.015270784497261047,-0.017667226493358612,0.1448603719472885,0.016745151951909065,-0.02317024953663349,0.1656239926815033,-0.03887046501040459,-0.00566426245495677,0.11628887057304382,-0.03753029182553291,-0.03608864173293114,0.09903886169195175,-0.03753029182553291,-0.03608862683176994,0.09903887659311295,-0.020968671888113022,-0.061092808842659,0.09832938015460968,0.06369893252849579,-0.016249537467956543,0.10529974102973938,0.07960998266935349,-0.040790192782878876,0.0860748365521431,0.07960997521877289,-0.04079017788171768,0.08607485145330429,0.06574308127164841,-0.06516753137111664,0.09672627598047256
14,-0.03254630044102669,-0.007119390182197094,0.030295707285404205,-0.0419345498085022,-0.0009325934806838632,0.009866705164313316,-0.022396955639123917,0.0037475924473255873,0.04367104545235634,-0.03254630044102669,-0.00711939437314868,0.030295703560113907,0.046160537749528885,-0.016052525490522385,0.021711718291044235,0.05716051906347275,0.000406396109610796,0.009388232603669167,0.03594490885734558,-0.008705965243279934,0.03725741431117058,0.04616054147481918,-0.016052527353167534,0.02171171084046364,0.008339145220816135,0.0029364386573433876,0.04418616369366646,0.01001502014696598,0.0013049612753093243,0.06259872764348984,0.016556693241000175,-0.016228346154093742,0.1454101800918579,0.01811124198138714,-0.021195167675614357,0.16630274057388306,-0.03771296888589859,-0.004343151580542326,0.11701947450637817,-0.036264512687921524,-0.03579946979880333,0.10174190253019333,-0.036264508962631226,-0.03579945117235184,0.10174191743135452,-0.022215431556105614,-0.06224473565816879,0.09993363916873932,0.06462045013904572,-0.01770801842212677,0.1054191142320633,0.07815847545862198,-0.045048948377370834,0.08826693892478943,0.07815847545862198,-0.04504893720149994,0.08826695382595062,0.06394921988248825,-0.06954991072416306,0.09815626591444016
15,-0.03243458271026611,-0.006660677492618561,0.03073294460773468,-0.041909780353307724,-0.0011014139745384455,0.010164161212742329,-0.022071443498134613,0.0039062269497662783,0.04418455809354782,-0.03243459016084671,-0.006660682149231434,0.030732937157154083,0.04625818505883217,-0.016320476308465004,0.021437587216496468,0.05717485398054123,0.00039483909495174885,0.009388173930346966,0.03596813604235649,-0.009620057418942451,0.037224266678094864,0.04625818505883217,-0.016320478171110153,0.02143758349120617,0.008652808144688606,0.0026237075217068195,0.04426658898591995,0.010581742972135544,0.0014216189738363028,0.06268741190433502,0.017884083092212677,-0.014627262949943542,0.1457698792219162,0.019532082602381706,-0.01904158480465412,0.16677899658679962,-0.03646673262119293,-0.0026362710632383823,0.1175563633441925,-0.03526388108730316,-0.035004086792469025,0.10429439693689346,-0.03526388481259346,-0.035004064440727234,0.10429441183805466,-0.02386750467121601,-0.06263230741024017,0.10168635845184326,0.06543952226638794,-0.019190793856978416,0.1054171770811081,0.076242595911026,-0.04895467311143875,0.09050385653972626,0.076242595911026,-0.04895465448498726,0.09050387144088745,0.061515867710113525,-0.07343713194131851,0.09965434670448303
16,-0.032293207943439484,-0.006252630613744259,0.0311008021235466,-0.041836947202682495,-0.0012107092188671231,0.010430639609694481,-0.02172974869608879,0.0040724086575210094,0.04458438232541084,-0.03229321539402008,-0.006252634339034557,0.031100794672966003,0.04633891209959984,-0.016635440289974213,0.02112729288637638,0.05713731050491333,0.00039284140802919865,0.009414204396307468,0.03597605600953102,-0.010567771270871162,0.03712086379528046,0.04633891209959984,-0.016635442152619362,0.021127285435795784,0.008968549780547619,0.002307124901562929,0.044224586337804794,0.011174534447491169,0.0016138730570673943,0.06264049559831619,0.019239159300923347,-0.012961845844984055,0.14594943821430206,0.021000973880290985,-0.016827814280986786,0.1670571267604828,-0.03516105189919472,-0.000705295242369175,0.11791649460792542,-0.03448916971683502,-0.03382543474435806,0.1066201850771904,-0.03448916971683502,-0.03382541984319687,0.10662019997835159,-0.02574154920876026,-0.062354955822229385,0.10353077948093414,0.0661410242319107,-0.02063901722431183,0.10531856119632721,0.07397279888391495,-0.052329134196043015,0.09269312024116516,0.07397279143333435,-0.05232911556959152,0.09269314259290695,0.05864245444536209,-0.07668675482273102,0.10115987062454224
17,-0.03243456035852432,-0.006660685408860445,0.030732978135347366,-0.041909754276275635,-0.0011014073388651013,0.01016419567167759,-0.02207142673432827,0.0039062488358467817,0.04418457671999931,-0.03243456408381462,-0.006660688668489456,0.03073297254741192,0.046258196234703064,-0.016320496797561646,0.021437617018818855,0.05717484652996063,0.0003948316443711519,0.009388195350766182,0.03596815466880798,-0.00962003879249096,0.03722427412867546,0.04625819995999336,-0.016320498660206795,0.02143760956823826,0.008652826771140099,0.0026237289421260357,0.04426660016179085,0.010581765323877335,0.0014216492418199778,0.06268741935491562,0.017884111031889915,-0.014627201482653618,0.1457699090242386,0.019532112404704094,-0.019041510298848152,0.16677901148796082,-0.03646668419241905,-0.0026362091302871704,0.11755629628896713,-0.035263825207948685,-0.035004034638404846,0.10429435223340988,-0.035263825207948685,-0.035004012286663055,0.10429436713457108,-0.023867441341280937,-0.06263226270675659,0.10168634355068207,0.06543942540884018,-0.019190704450011253,0.10541697591543198,0.07624251395463943,-0.04895453527569771,0.09050358086824417,0.07624251395463943,-0.048954520374536514,0.09050359576940536,0.06151590123772621,-0.07343705743551254,0.09965410083532333
18,-0.032293204218149185,-0.00625261478126049,0.031100789085030556,-0.04183691740036011,-0.0012106753420084715,0.010430613532662392,-0.021729763597249985,0.004072410985827446,0.04458438977599144,-0.03229321166872978,-0.006252618506550789,0.031100783497095108,0.046338897198438644,-0.01663539558649063,0.02112729288637638,0.05713725835084915,0.0003929107915610075,0.00941420253366232,0.035976048558950424,-0.010567758232355118,0.03712087869644165,0.04633890092372894,-0.01663539744913578,0.021127285435795784,0.008968536742031574,0.0023071328178048134,0.04422460123896599,0.011174519546329975,0.0016138788778334856,0.06264051049947739,0.019239136949181557,-0.012961852364242077,0.14594945311546326,0.021000949665904045,-0.016827823594212532,0.16705714166164398,-0.03516106680035591,-0.000705295242369175,0.11791647970676422,-0.03448916971683502,-0.03382543474435806,0.1066201701760292,-0.03448917344212532,-0.03382541611790657,0.1066201850771904,-0.025741534307599068,-0.06235494092106819,0.10353077203035355,0.06614100188016891,-0.02063901722431183,0.105318583548069,0.07397277653217316,-0.052329134196043015,0.09269315004348755,0.07397276908159256,-0.05232911556959152,0.09269316494464874,0.05864242836833,-0.07668673992156982,0.10115990042686462
19,-0.03213266655802727,-0.0059379576705396175,0.03137562796473503,-0.041755709797143936,-0.0012710976880043745,0.01065422035753727,-0.021368220448493958,0.0041973344050347805,0.04484420642256737,-0.032132670283317566,-0.005937960464507341,0.03137562423944473,0.04644828289747238,-0.016968216747045517,0.02077803574502468,0.057133544236421585,0.00038585811853408813,0.00944553129374981,0.036002445966005325,-0.011485083028674126,0.03692793473601341,0.04644829034805298,-0.016968220472335815,0.020778028294444084,0.00929308868944645,0.0019860626198351383,0.04405321925878525,0.011788954958319664,0.001832960406318307,0.06244451925158501,0.020615603774785995,-0.011368243023753166,0.14592275023460388,0.022513845935463905,-0.014718371443450451,0.16710664331912994,-0.03381546586751938,0.0012646904215216637,0.11808469891548157,-0.03388546034693718,-0.03242582455277443,0.10860070586204529,-0.03388546034693718,-0.03242580592632294,0.10860072076320648,-0.027641337364912033,-0.06158439442515373,0.10531636327505112,0.06674251705408096,-0.022020917385816574,0.10509137809276581,0.07151955366134644,-0.05509034916758537,0.09467053413391113,0.07151955366134644,-0.05509033054113388,0.09467054158449173,0.055575452744960785,-0.07925955951213837,0.10252119600772858
20,-0.03197122737765312,-0.0057265255600214005,0.03156178444623947,-0.04167080298066139,-0.0012778535019606352,0.010828068479895592,-0.021015742793679237,0.0042630392126739025,0.044985122978687286,-0.03197123110294342,-0.005726528819650412,0.03156178072094917,0.046561822295188904,-0.017255419865250587,0.020385868847370148,0.05711789429187775,0.0004232032224535942,0.009440528228878975,0.03604656830430031,-0.012309376150369644,0.036663636565208435,0.0465618260204792,-0.017255421727895737,0.0203858595341444,0.009603038430213928,0.001676557119935751,0.04378857836127281,0.012386755086481571,0.002049025846645236,0.06213536858558655,0.02196536399424076,-0.009946681559085846,0.14572246372699738,0.024019774049520493,-0.012839650735259056,0.16695909202098846,-0.03248501196503639,0.0031499704346060753,0.11810377985239029,-0.03345150128006935,-0.030929535627365112,0.11018825322389603,-0.03345149755477905,-0.03092951327562332,0.11018826067447662,-0.02945752441883087,-0.06048371270298958,0.1069328710436821,0.06723647564649582,-0.023303475230932236,0.10474378615617752,0.06901580840349197,-0.05722960829734802,0.09632629156112671,0.06901580840349197,-0.05722958594560623,0.09632629156112671,0.052494145929813385,-0.0811808705329895,0.10363180935382843
21,-0.03181334584951401,-0.005599419120699167,0.03166791424155235,-0.0415886752307415,-0.001238832832314074,0.010951068252325058,-0.020686110481619835,0.004273246508091688,0.045036349445581436,-0.031813349574804306,-0.005599422380328178,0.031667906790971756,0.04668276011943817,-0.01748531684279442,0.019973115995526314,0.057108163833618164,0.0004932754673063755,0.009397374466061592,0.03611226752400398,-0.013003213331103325,0.03634916618466377,0.04668276384472847,-0.01748531684279442,0.019973108544945717,0.009889932349324226,0.0013956637121737003,0.04346904158592224,0.01294543407857418,0.0022453931160271168,0.061756592243909836,0.023256659507751465,-0.008736801333725452,0.1453992873430252,0.025481948629021645,-0.011245762929320335,0.16666750609874725,-0.031202100217342377,0.004907368682324886,0.1180311068892479,-0.03319211304187775,-0.029397718608379364,0.11138255894184113,-0.033192116767168045,-0.029397692531347275,0.11138257384300232,-0.03113420307636261,-0.059169139713048935,0.10831247270107269,0.0676317885518074,-0.024454999715089798,0.10429234802722931,0.06657269597053528,-0.05879276245832443,0.09759920090436935,0.06657268851995468,-0.05879274010658264,0.09759920835494995,0.0495237335562706,-0.08251190185546875,0.10443539917469025
22,-0.03165888041257858,-0.005541573744267225,0.03170313686132431,-0.04151618480682373,-0.0011696451110765338,0.011027563363313675,-0.02038131095468998,0.004224464762955904,0.04502382501959801,-0.03165888041257858,-0.005541577935218811,0.03170312941074371,0.046811431646347046,-0.017750611528754234,0.019569596275687218,0.057099223136901855,0.0005318848416209221,0.009387403726577759,0.036200542002916336,-0.013583074323832989,0.036002494394779205,0.046811435371637344,-0.017750613391399384,0.01956958696246147,0.010154892690479755,0.0011322703212499619,0.04312387853860855,0.013457157649099827,0.0023942652624100447,0.061344604939222336,0.02448093704879284,-0.007730884477496147,0.14500349760055542,0.026887577027082443,-0.009927242062985897,0.16628654301166534,-0.029971735551953316,0.006547822616994381,0.11791931837797165,-0.03311034291982651,-0.027842063456773758,0.11221959441900253,-0.03311034291982651,-0.027842041105031967,0.11221960186958313,-0.032659340649843216,-0.05770932137966156,0.10943729430437088,0.06794992089271545,-0.02546197921037674,0.10375858098268509,0.06427115201950073,-0.059866201132535934,0.09848426282405853,0.06427115947008133,-0.059866178780794144,0.09848426282405853,0.04673343524336815,-0.0833345502614975,0.10493899136781693
23,-0.03151599317789078,-0.00552670331671834,0.03168642520904541,-0.04145800694823265,-0.0010881103808060288,0.011065684258937836,-0.0201162900775671,0.004142111632972956,0.04497404396533966,-0.031515996903181076,-0.005526706576347351,0.03168642148375511,0.046929508447647095,-0.018014365807175636,0.01917657069861889,0.05707819387316704,0.0005581285804510117,0.009387170895934105,0.03628632798790932,-0.014070202596485615,0.03564368560910225,0.04692951589822769,-0.018014367669820786,0.019176561385393143,0.010383259505033493,0.0008887252770364285,0.04277760535478592,0.013905245810747147,0.0024965698830783367,0.06092982739210129,0.025628352537751198,-0.006848519667983055,0.1445808708667755,0.028223909437656403,-0.00878817681223154,0.1658666729927063,-0.02879655361175537,0.00815250538289547,0.11780835688114166,-0.03322213143110275,-0.0261971615254879,0.11275693029165268,-0.03322213143110275,-0.026197141036391258,0.11275693774223328,-0.03406757488846779,-0.056087054312229156,0.11033247411251068,0.06819774210453033,-0.026287997141480446,0.10317511856555939,0.062143877148628235,-0.060510292649269104,0.09902939200401306,0.06214388087391853,-0.06051027029752731,0.09902939200401306,0.04412909969687462,-0.08368968963623047,0.10520847886800766
24,-0.03137543424963951,-0.0055255284532904625,0.03163272514939308,-0.041415926069021225,-0.0010094109456986189,0.011076628230512142,-0.01987435482442379,0.004057775717228651,0.044894907623529434,-0.03137544170022011,-0.005525532178580761,0.03163272142410278,0.04704591631889343,-0.018269142135977745,0.01879216358065605,0.057064857333898544,0.0005704686045646667,0.00938707496970892,0.036368247121572495,-0.014496700838208199,0.03527717664837837,0.04704592004418373,-0.018269143998622894,0.018792154267430305,0.010589801706373692,0.0006654439494013786,0.042433470487594604,0.014307710342109203,0.00256069703027606,0.060518767684698105,0.0267237089574337,-0.00598874082788825,0.14415058493614197,0.02951279655098915,-0.00770550174638629,0.16543106734752655,-0.0276409313082695,0.009818673133850098,0.11770182102918625,-0.03350948169827461,-0.02436859905719757,0.11303356289863586,-0.033509477972984314,-0.02436857484281063,0.11303357779979706,-0.035378772765398026,-0.054242707788944244,0.11102317273616791,0.06840824335813522,-0.026903076097369194,0.10256707668304443,0.06022828817367554,-0.06077613681554794,0.09929508715867996,0.060228295624256134,-0.06077611818909645,0.09929508715867996,0.04171519726514816,-0.08360016345977783,0.10532227158546448
25,-0.031233947724103928,-0.00551031855866313,0.03156210482120514,-0.04138807952404022,-0.0009444014867767692,0.011072942987084389,-0.019645312801003456,0.004003289621323347,0.044798221439123154,-0.031233955174684525,-0.005510321818292141,0.03156210109591484,0.04715419188141823,-0.018510228022933006,0.0184212327003479,0.05705970153212547,0.0005692988634109497,0.009386944584548473,0.036435697227716446,-0.014897847548127174,0.03491559997200966,0.04715419560670853,-0.018510228022933006,0.018421227112412453,0.010781634598970413,0.0004610619507730007,0.042099207639694214,0.014676842838525772,0.0025958933401852846,0.06012037768959999,0.027779394760727882,-0.0050692930817604065,0.14372889697551727,0.0307623203843832,-0.006576460786163807,0.16499894857406616,-0.02647857367992401,0.011621886864304543,0.11759163439273834,-0.033958543092012405,-0.022270072251558304,0.11307636648416519,-0.03395853936672211,-0.022270049899816513,0.11307637393474579,-0.03662272170186043,-0.052111636847257614,0.11153296381235123,0.06859926134347916,-0.027299320325255394,0.10197072476148605,0.058536626398563385,-0.06071899086236954,0.09934937953948975,0.05853663384914398,-0.060718972235918045,0.09934937953948975,0.03947288915514946,-0.0830896869301796,0.1053597554564476
26,-0.03108961321413517,-0.005455294158309698,0.03149639442563057,-0.041370924562215805,-0.0009004204766824841,0.011068282648921013,-0.019418753683567047,0.004009564872831106,0.044695157557725906,-0.031089620664715767,-0.005455298814922571,0.03149638697504997,0.04725588113069534,-0.018721356987953186,0.018073121085762978,0.057056766003370285,0.0005726274102926254,0.009386877529323101,0.03648033365607262,-0.015298096463084221,0.03457064926624298,0.04725588858127594,-0.018721360713243484,0.01807311177253723,0.010965907014906406,0.00027870945632457733,0.04178234189748764,0.015025286003947258,0.002613483229652047,0.05974237248301506,0.02880251407623291,-0.00404635164886713,0.14332453906536102,0.03197435289621353,-0.0053438604809343815,0.1645810753107071,-0.025288397446274757,0.01359647698700428,0.11745834350585938,-0.03454900160431862,-0.01984531804919243,0.11288788169622421,-0.03454899787902832,-0.019845295697450638,0.11288788914680481,-0.03781837597489357,-0.049649037420749664,0.11186432838439941,0.06878380477428436,-0.027492886409163475,0.10141903162002563,0.05707380920648575,-0.06040363013744354,0.0992371141910553,0.057073816657066345,-0.06040360778570175,0.0992371216416359,0.03738436475396156,-0.08219221234321594,0.10536753386259079
27,-0.030941404402256012,-0.005344999488443136,0.03145585209131241,-0.04136026278138161,-0.0008842914830893278,0.011076712049543858,-0.01918516308069229,0.004089548718184233,0.044600434601306915,-0.03094140999019146,-0.005345003213733435,0.03145584464073181,0.04733480140566826,-0.018906157463788986,0.017747461795806885,0.057058513164520264,0.000569821335375309,0.009386727586388588,0.03649862855672836,-0.015714993700385094,0.034251805394887924,0.04733480513095856,-0.018906159326434135,0.017747454345226288,0.011149345897138119,0.00011584162712097168,0.04149264469742775,0.015365105122327805,0.002614764729514718,0.0593944750726223,0.029803281649947166,-0.0029311736579984426,0.14294229447841644,0.033155471086502075,-0.004014584235846996,0.1641831398010254,-0.024052724242210388,0.01571529731154442,0.11728636920452118,-0.035246774554252625,-0.017093053087592125,0.11245855689048767,-0.03524676710367203,-0.017093028873205185,0.11245856434106827,-0.03895796090364456,-0.046859148889780045,0.11200591921806335,0.06897871196269989,-0.0275287963449955,0.10093405097723007,0.05585113540291786,-0.059914037585258484,0.09896808862686157,0.055851154029369354,-0.05991401895880699,0.09896809607744217,0.03545239567756653,-0.08096569031476974,0.1053491160273552
28,-0.03079030103981495,-0.0051737939938902855,0.03145821392536163,-0.04135332256555557,-0.0009044577600434422,0.011112329550087452,-0.01894093118607998,0.004238789435476065,0.044534750282764435,-0.030790304765105247,-0.005173799116164446,0.031458210200071335,0.047384992241859436,-0.019063390791416168,0.017447425052523613,0.057064760476350784,0.0005603926256299019,0.009386681951582432,0.03649015724658966,-0.016148937866091728,0.03396432846784592,0.047384995967149734,-0.019063390791416168,0.017447419464588165,0.011334005743265152,-2.9795337468385696e-05,0.04124255105853081,0.01570349745452404,0.0025972980074584484,0.05908907949924469,0.03079744055867195,-0.001775906654074788,0.14258594810962677,0.03432133048772812,-0.0026442836970090866,0.16380886733531952,-0.022760162129998207,0.01789865642786026,0.11707241833209991,-0.036004576832056046,-0.014063585549592972,0.11178065836429596,-0.03600456938147545,-0.014063563197851181,0.11178065836429596,-0.04000255838036537,-0.043795522302389145,0.11194396018981934,0.06920792907476425,-0.027461379766464233,0.10052262246608734,0.05489324405789375,-0.059337206184864044,0.09851667284965515,0.05489325523376465,-0.05933718383312225,0.09851668030023575,0.03371114283800125,-0.07948019355535507,0.10526777058839798
29,-0.030638670548796654,-0.004949484020471573,0.031515393406152725,-0.041349127888679504,-0.0009725483832880855,0.011187332682311535,-0.018689440563321114,0.004431328270584345,0.0445237010717392,-0.030638674274086952,-0.004949488211423159,0.03151538968086243,0.04740704968571663,-0.019197586923837662,0.01717890426516533,0.05707896873354912,0.000538146123290062,0.009386520832777023,0.03645880147814751,-0.01658681593835354,0.033711276948451996,0.047407057136297226,-0.019197586923837662,0.01717890240252018,0.011517069302499294,-0.00016352487727999687,0.04104727879166603,0.016041355207562447,0.0025534392334520817,0.05884170159697533,0.03180432319641113,-0.000659829587675631,0.14226217567920685,0.03549506515264511,-0.0013208277523517609,0.16346418857574463,-0.02140968292951584,0.020027631893754005,0.11683119088411331,-0.036769844591617584,-0.010850580409169197,0.11086436361074448,-0.03676983714103699,-0.010850561782717705,0.11086437106132507,-0.04088959842920303,-0.04055521637201309,0.11167710274457932,0.06950173527002335,-0.027343355119228363,0.10017860680818558,0.0542369969189167,-0.05875183269381523,0.0978340357542038,0.054237011820077896,-0.05875181406736374,0.0978340432047844,0.03222477063536644,-0.07780999690294266,0.10506219416856766
30,-0.030493054538965225,-0.004698185250163078,0.03163110464811325,-0.04134853184223175,-0.0010998398065567017,0.011309435591101646,-0.018443631008267403,0.004622240085154772,0.04459031671285629,-0.030493060126900673,-0.0046981885097920895,0.03163110092282295,0.047402024269104004,-0.019306758418679237,0.016939528286457062,0.05709654837846756,0.0005107661709189415,0.009386487305164337,0.03640983998775482,-0.01700775884091854,0.033489033579826355,0.0474020317196846,-0.019306756556034088,0.016939526423811913,0.011688855476677418,-0.00029523903504014015,0.04091842100024223,0.016370799392461777,0.002470194362103939,0.058664530515670776,0.032826658338308334,0.0003261009696871042,0.14197948575019836,0.03668203577399254,-0.00014593596279155463,0.16315723955631256,-0.020023677498102188,0.021965790539979935,0.11658152937889099,-0.037505440413951874,-0.007571939378976822,0.1097322478890419,-0.03750543296337128,-0.007571924477815628,0.1097322627902031,-0.041557956486940384,-0.037260208278894424,0.11120941489934921,0.06988401710987091,-0.02721939980983734,0.09989064931869507,0.05391667038202286,-0.058217599987983704,0.09686458855867386,0.05391668155789375,-0.05821757763624191,0.09686459600925446,0.031066138297319412,-0.07602375745773315,0.10466146469116211
31,-0.03035644069314003,-0.004441068507730961,0.03179929777979851,-0.041352350264787674,-0.00129274046048522,0.011478431522846222,-0.018218636512756348,0.004774664994329214,0.04475089907646179,-0.03035644441843033,-0.004441072698682547,0.03179929032921791,0.04737595468759537,-0.01939426176249981,0.01673252508044243,0.057117436081171036,0.0004779370501637459,0.009386383928358555,0.03635384514927864,-0.017376946285367012,0.03329885005950928,0.047375962138175964,-0.01939426176249981,0.01673252135515213,0.011840132996439934,-0.00042310357093811035,0.04086696356534958,0.016679933294653893,0.0023480963427573442,0.0585697703063488,0.033847689628601074,0.0011134311789646745,0.14175349473953247,0.0378657802939415,0.0008018463850021362,0.16290396451950073,-0.01864277943968773,0.023605622351169586,0.11634433269500732,-0.038196317851543427,-0.004321694374084473,0.10842428356409073,-0.03819630667567253,-0.00432167761027813,0.10842429101467133,-0.041965316981077194,-0.034007493406534195,0.11055661737918854,0.07036368548870087,-0.02710779197514057,0.09965125471353531,0.05395051836967468,-0.057749874889850616,0.09556794911623001,0.05395052954554558,-0.05774985998868942,0.09556794166564941,0.0302945114672184,-0.07415557652711868,0.10400861501693726
32,-0.030244899913668633,-0.004237008281052113,0.03200658783316612,-0.0413607582449913,-0.0015469021163880825,0.01168515719473362,-0.018042417243123055,0.004853423219174147,0.04498593509197235,-0.03024490550160408,-0.004237010609358549,0.032006584107875824,0.04733379930257797,-0.01946631446480751,0.016553182154893875,0.05714254826307297,0.0004382496699690819,0.009386364370584488,0.03629123419523239,-0.0176704078912735,0.03313136473298073,0.04733380675315857,-0.01946631446480751,0.016553180292248726,0.011950593441724777,-0.0005496027879416943,0.04088008403778076,0.016939911991357803,0.0021879051346331835,0.05854658782482147,0.0348125696182251,0.0016569216968491673,0.14158420264720917,0.038987550884485245,0.0014708021190017462,0.16270573437213898,-0.017333533614873886,0.02488105371594429,0.11611127108335495,-0.03886483982205391,-0.001153821125626564,0.10696849972009659,-0.038864828646183014,-0.001153804361820221,0.10696850717067719,-0.04211532324552536,-0.030849946662783623,0.10972044616937637,0.0709092915058136,-0.027016857638955116,0.09944141656160355,0.05431230738759041,-0.05733208358287811,0.09391609579324722,0.054312318563461304,-0.05733206123113632,0.09391610324382782,0.029918495565652847,-0.0722101554274559,0.10305847227573395
33,-0.030156902968883514,-0.004101041238754988,0.03223323076963425,-0.04137137159705162,-0.0018461779691278934,0.011913027614355087,-0.01792176254093647,0.004843162838369608,0.045283231884241104,-0.03015691041946411,-0.004101043567061424,0.03223322704434395,0.04728470742702484,-0.019526870921254158,0.01640360988676548,0.05717124417424202,0.0003924937918782234,0.009386349469423294,0.03623273968696594,-0.017876459285616875,0.03299064189195633,0.04728471115231514,-0.01952686905860901,0.01640360802412033,0.012018869630992413,-0.0006743096746504307,0.04095342755317688,0.01714317500591278,0.0019968377891927958,0.05859142541885376,0.03567652404308319,0.0019489738624542952,0.14148254692554474,0.039996061474084854,0.0018524311017245054,0.1625755876302719,-0.0161355659365654,0.025785889476537704,0.11587091535329819,-0.03951672092080116,0.0019370168447494507,0.10540406405925751,-0.03951670229434967,0.001937028020620346,0.1054040715098381,-0.04201214015483856,-0.02777486853301525,0.10871701687574387,0.0714874416589737,-0.02694140374660492,0.09925992041826248,0.05496976524591446,-0.05691639333963394,0.09193407744169235,0.054969772696495056,-0.05691637843847275,0.09193409234285355,0.029931090772151947,-0.07015766948461533,0.10182000696659088
34,-0.030076641589403152,-0.004006124567240477,0.03245580196380615,-0.04138031229376793,-0.0021640476770699024,0.01214341539889574,-0.01784428022801876,0.004749928135424852,0.045635368674993515,-0.03007664531469345,-0.004006128292530775,0.032455798238515854,0.0472392700612545,-0.019577767699956894,0.01628970168530941,0.05720172077417374,0.0003436049446463585,0.009386425837874413,0.036193784326314926,-0.01799616776406765,0.03288774937391281,0.0472392737865448,-0.019577765837311745,0.016289696097373962,0.01205899752676487,-0.0007936158217489719,0.041086260229349136,0.017301596701145172,0.0017884387634694576,0.0587027445435524,0.036416687071323395,0.002015893580392003,0.1414605677127838,0.04086242616176605,0.0019768462516367435,0.16252754628658295,-0.015051809139549732,0.026368223130702972,0.11560676991939545,-0.04012279957532883,0.005006089806556702,0.10377011448144913,-0.04012279212474823,0.005006102845072746,0.10377011448144913,-0.04164567589759827,-0.024713318794965744,0.10756964981555939,0.07206645607948303,-0.02686513215303421,0.09910839051008224,0.05589018762111664,-0.05643860995769501,0.0896882489323616,0.055890195071697235,-0.056438595056533813,0.0896882563829422,0.03031758777797222,-0.06794770807027817,0.10034570097923279
35,-0.03000556491315365,-0.003943666350096464,0.03265627473592758,-0.04138467088341713,-0.002457493217661977,0.012356851249933243,-0.01780380681157112,0.004588858690112829,0.04600966349244118,-0.030005568638443947,-0.00394367054104805,0.032656267285346985,0.047202955931425095,-0.01962125115096569,0.016205085441470146,0.05723094195127487,0.0002963794395327568,0.009386430494487286,0.03617580235004425,-0.01804106868803501,0.03281546011567116,0.04720295965671539,-0.01962125115096569,0.0162050798535347,0.012076567858457565,-0.000905234832316637,0.04125472903251648,0.017419442534446716,0.0015772983897477388,0.05885538458824158,0.03701296076178551,0.0018986224895343184,0.1415027230978012,0.041562967002391815,0.001889826962724328,0.16254748404026031,-0.014075753279030323,0.02670285291969776,0.11528122425079346,-0.040634628385305405,0.008121959865093231,0.1020759791135788,-0.04063460975885391,0.008121969178318977,0.1020759865641594,-0.04100339487195015,-0.021579816937446594,0.10627923160791397,0.07259974628686905,-0.026766784489154816,0.09895709902048111,0.05702638626098633,-0.05584004893898964,0.08724308013916016,0.05702640116214752,-0.05584002286195755,0.08724309504032135,0.03104545921087265,-0.0655372142791748,0.09868662059307098
36,-0.029947055503726006,-0.003887629136443138,0.03282363712787628,-0.04138445481657982,-0.002682901918888092,0.012538325972855091,-0.017789989709854126,0.004386439453810453,0.04637891426682472,-0.029947061091661453,-0.0038876314647495747,0.032823629677295685,0.04717983677983284,-0.01965814083814621,0.016143621876835823,0.0572555772960186,0.00025635864585638046,0.009386492893099785,0.03618074953556061,-0.01801585592329502,0.03276657685637474,0.04717984050512314,-0.01965813897550106,0.016143620014190674,0.012080118991434574,-0.0009983023628592491,0.04143800958991051,0.017505433410406113,0.0013843756169080734,0.05902724713087082,0.037459369748830795,0.0016367505304515362,0.14159250259399414,0.04209006577730179,0.0016315237153321505,0.16261965036392212,-0.013188897632062435,0.026866160333156586,0.11487194895744324,-0.04097488150000572,0.011331241577863693,0.10032522678375244,-0.04097486659884453,0.01133124902844429,0.10032524168491364,-0.04005355015397072,-0.018311813473701477,0.10484619438648224,0.0730464905500412,-0.02661609835922718,0.09876517206430435,0.05833936855196953,-0.05507270619273186,0.08466111868619919,0.05833938345313072,-0.055072687566280365,0.08466113358736038,0.03208882734179497,-0.06290753185749054,0.09688907861709595
37,-0.02990148589015007,-0.0038599222898483276,0.03295646607875824,-0.0413760207593441,-0.0028442302718758583,0.012681787833571434,-0.017799990251660347,0.00415603956207633,0.04671503230929375,-0.02990148961544037,-0.0038599264807999134,0.03295645862817764,0.04717012867331505,-0.019690202549099922,0.016090938821434975,0.05727258324623108,0.00022856052964925766,0.009386486373841763,0.03620610758662224,-0.01792578212916851,0.0327245369553566,0.04717013239860535,-0.01969020441174507,0.016090933233499527,0.01207125186920166,-0.0010690637864172459,0.041612230241298676,0.017560936510562897,0.0012176868040114641,0.059194229543209076,0.03774541988968849,0.0012308547738939524,0.14170905947685242,0.042431414127349854,0.0011942622950300574,0.16272392868995667,-0.012386213056743145,0.02689150720834732,0.1143733561038971,-0.04106657952070236,0.014606870710849762,0.09851376712322235,-0.04106655344367027,0.014606871642172337,0.09851377457380295,-0.03876551613211632,-0.014924637973308563,0.10326710343360901,0.07336645573377609,-0.026394305750727654,0.09847889840602875,0.05979406088590622,-0.05411684513092041,0.08197878301143646,0.059794072061777115,-0.054116830229759216,0.08197880536317825,0.03342058137059212,-0.06009288132190704,0.09496822208166122
38,-0.029872581362724304,-0.0038875071331858635,0.03305421397089958,-0.041358429938554764,-0.0029290681704878807,0.012783155776560307,-0.01783316396176815,0.0039044716395437717,0.046994712203741074,-0.029872583225369453,-0.003887510858476162,0.033054206520318985,0.04717293754220009,-0.01972113735973835,0.016029559075832367,0.05728020519018173,0.00021578650921583176,0.009386606514453888,0.03625325858592987,-0.017763005569577217,0.032670650631189346,0.04717294126749039,-0.01972113735973835,0.016029557213187218,0.012050858698785305,-0.001110798679292202,0.041757967323064804,0.01758464239537716,0.0010805430356413126,0.0593382902443409,0.03785287216305733,0.0006425242754630744,0.14183646440505981,0.04256436973810196,0.0005206912173889577,0.16284529864788055,-0.011682461947202682,0.02676769718527794,0.1138061061501503,-0.040806844830513,0.017616555094718933,0.09668801724910736,-0.04080682620406151,0.01761655882000923,0.09668803960084915,-0.03711802139878273,-0.01175459660589695,0.1015590950846672,0.07352639734745026,-0.026086576282978058,0.09804778546094894,0.061364442110061646,-0.05295858532190323,0.07920676469802856,0.06136445328593254,-0.052958566695451736,0.07920677959918976,0.03501049429178238,-0.05716271698474884,0.09291054308414459
39,-0.029865209013223648,-0.004007278010249138,0.03311573341488838,-0.041332121938467026,-0.0029314514249563217,0.012839842587709427,-0.017891399562358856,0.0036334446631371975,0.047195758670568466,-0.029865210875868797,-0.004007281269878149,0.033115725964307785,0.04718533530831337,-0.019754894077777863,0.015941187739372253,0.057277873158454895,0.00021873973309993744,0.00938672386109829,0.03632619231939316,-0.017508747056126595,0.032585509121418,0.04718534275889397,-0.01975489780306816,0.015941182151436806,0.01201855018734932,-0.0011142129078507423,0.04185853153467178,0.01757160946726799,0.0009727922733873129,0.05944547429680824,0.03775439038872719,-0.00019585061818361282,0.1419604867696762,0.042454250156879425,-0.00048369303112849593,0.16297033429145813,-0.011113474145531654,0.026450470089912415,0.11320942640304565,-0.040246814489364624,0.02024068683385849,0.09483309835195541,-0.04024679213762283,0.02024068683385849,0.0948331207036972,-0.035142797976732254,-0.008909173309803009,0.09975587576627731,0.07350094616413116,-0.025680117309093475,0.09743569791316986,0.06303012371063232,-0.051571693271398544,0.0763409286737442,0.06303012371063232,-0.05157168209552765,0.07634095102548599,0.03681543096899986,-0.0541960671544075,0.09069020301103592
40,-0.029880596324801445,-0.004247046075761318,0.033133912831544876,-0.04129830375313759,-0.002851066878065467,0.012849772348999977,-0.017974184826016426,0.003346607554703951,0.04729631170630455,-0.029880600050091743,-0.004247049801051617,0.03313390538096428,0.04720340669155121,-0.01979515329003334,0.015810539945960045,0.057266440242528915,0.00023582670837640762,0.009387029334902763,0.036430228501558304,-0.017141643911600113,0.03245076537132263,0.04720341041684151,-0.01979515329003334,0.015810534358024597,0.011975795030593872,-0.0010680756531655788,0.041898105293512344,0.017518945038318634,0.0008953125216066837,0.05950240045785904,0.037431586533784866,-0.001349857309833169,0.1420595645904541,0.042075466364622116,-0.001911793602630496,0.16307631134986877,-0.010717682540416718,0.0258940402418375,0.11262638121843338,-0.039474040269851685,0.022515781223773956,0.09296268224716187,-0.03947403281927109,0.022515784949064255,0.09296270459890366,-0.03291318938136101,-0.006333954632282257,0.09792733192443848,0.0732826441526413,-0.025157505646348,0.09662725776433945,0.06477808207273483,-0.049904730170965195,0.07338399440050125,0.06477808207273483,-0.0499047115445137,0.07338401675224304,0.03878188878297806,-0.051249511539936066,0.08829671144485474
41,-0.029913216829299927,-0.004605807363986969,0.03309210017323494,-0.04125891998410225,-0.0026921797543764114,0.012809786014258862,-0.01807524636387825,0.00305562443099916,0.047275360673666,-0.029913222417235374,-0.004605809226632118,0.03309209644794464,0.04722338169813156,-0.019844600930809975,0.0156266950070858,0.0572475790977478,0.00026392657309770584,0.009387407451868057,0.036567069590091705,-0.01665165089070797,0.032247394323349,0.04722338914871216,-0.019844602793455124,0.015626689419150352,0.011926915496587753,-0.0009627426043152809,0.04185740649700165,0.017431490123271942,0.0008542574942111969,0.059489499777555466,0.03690171614289284,-0.002838711952790618,0.1420922875404358,0.04144410789012909,-0.003799282480031252,0.16311676800251007,-0.010510791093111038,0.02508857287466526,0.1120840311050415,-0.03855038061738014,0.024324767291545868,0.09115080535411835,-0.03855035826563835,0.02432476356625557,0.09115081280469894,-0.030526982620358467,-0.0041427407413721085,0.09617334604263306,0.07289320230484009,-0.024487562477588654,0.09562451392412186,0.06660103797912598,-0.047883614897727966,0.07036515325307846,0.06660103797912598,-0.04788360372185707,0.07036517560482025,0.040854573249816895,-0.04833395779132843,0.08575724065303802
42,-0.029955804347991943,-0.0050560589879751205,0.03297165408730507,-0.0412159338593483,-0.0024624369107186794,0.012717229314148426,-0.01818370260298252,0.0027796474751085043,0.04711446911096573,-0.029955808073282242,-0.005056062713265419,0.03297164663672447,0.047243740409612656,-0.019906308501958847,0.015381217934191227,0.05722448602318764,0.000298401340842247,0.009387863799929619,0.03672847896814346,-0.016055358573794365,0.03195225074887276,0.047243744134902954,-0.019906310364603996,0.01538121234625578,0.011876716278493404,-0.0007974258624017239,0.04171013832092285,0.017323024570941925,0.0008598305284976959,0.05937603488564491,0.036234404891729355,-0.004603653680533171,0.14199359714984894,0.04063935950398445,-0.0060835969634354115,0.1630171686410904,-0.010469750501215458,0.024080950766801834,0.11157828569412231,-0.03755108639597893,0.025618575513362885,0.08945956826210022,-0.037551067769527435,0.025618571788072586,0.08945957571268082,-0.028095798566937447,-0.002387681044638157,0.09458272159099579,0.07238802313804626,-0.023626741021871567,0.09443957358598709,0.06849208474159241,-0.04543963074684143,0.06734675168991089,0.068492092192173,-0.045439623296260834,0.06734676659107208,0.04298551380634308,-0.045420896261930466,0.08313960582017899
43,-0.02999655343592167,-0.005540426354855299,0.03275751695036888,-0.041171394288539886,-0.0021718668285757303,0.012570015154778957,-0.018285969272255898,0.0025464387144893408,0.046809736639261246,-0.029996559023857117,-0.0055404286831617355,0.03275751322507858,0.04726537689566612,-0.019982721656560898,0.01507384143769741,0.05720138922333717,0.0003327224403619766,0.009388403967022896,0.03689750283956528,-0.01539587415754795,0.03155011683702469,0.04726538062095642,-0.019982723519206047,0.015073836781084538,0.011830206029117107,-0.0005793147720396519,0.041436027735471725,0.017213692888617516,0.0009256936609745026,0.059134773910045624,0.035538092255592346,-0.0065135168842971325,0.14170168340206146,0.03978830948472023,-0.008609626442193985,0.1627047061920166,-0.010538896545767784,0.02296815626323223,0.11108873784542084,-0.03655203804373741,0.026415463536977768,0.0879276767373085,-0.03655202314257622,0.02641545981168747,0.08792769908905029,-0.02572798728942871,-0.0010614292696118355,0.09320596605539322,0.07184559106826782,-0.022533755749464035,0.09310425072908401,0.07043582201004028,-0.042547062039375305,0.06442530453205109,0.07043582201004028,-0.04254705458879471,0.06442531943321228,0.04513492435216904,-0.04247215762734413,0.08054542541503906
44,-0.030011871829628944,-0.0059999022632837296,0.032439686357975006,-0.0411265604197979,-0.001830924185924232,0.012368740513920784,-0.018371034413576126,0.002390609821304679,0.04637131094932556,-0.03001187928020954,-0.005999905522912741,0.03243967890739441,0.047289662063121796,-0.020070727914571762,0.014707758091390133,0.05717877298593521,0.0003665182739496231,0.009388899430632591,0.037053290754556656,-0.014727205038070679,0.031037578359246254,0.047289665788412094,-0.02007073163986206,0.014707749709486961,0.011790920980274677,-0.00031744735315442085,0.04102771356701851,0.01712122932076454,0.0010635326616466045,0.05875264108181,0.03490772098302841,-0.00842254888266325,0.1411842405796051,0.03900281712412834,-0.011199850589036942,0.16213899850845337,-0.010663420893251896,0.021854771301150322,0.11059321463108063,-0.035629596561193466,0.026770776137709618,0.08656145632266998,-0.03562958538532257,0.02677077054977417,0.08656147122383118,-0.02352140098810196,-0.00012663844972848892,0.09203144907951355,0.07133954018354416,-0.02119975909590721,0.09167613834142685,0.07240099459886551,-0.039254263043403625,0.06171099469065666,0.07240099459886551,-0.03925425559282303,0.061711013317108154,0.047262437641620636,-0.03948193043470383,0.07808172702789307
45,-0.029992131516337395,-0.006392579525709152,0.03202639892697334,-0.041081804782152176,-0.0014513741480186582,0.012117520906031132,-0.018432868644595146,0.00233859452418983,0.04581589251756668,-0.029992135241627693,-0.006392583716660738,0.032026395201683044,0.04731947183609009,-0.02016821689903736,0.014292537234723568,0.05715882405638695,0.00039658788591623306,0.009389298036694527,0.03718250244855881,-0.01409893948584795,0.030429618433117867,0.04731947183609009,-0.02016821876168251,0.014292532578110695,0.011762470006942749,-2.410123124718666e-05,0.040497004985809326,0.017052827402949333,0.001266581006348133,0.05824070796370506,0.03438064828515053,-0.010261889547109604,0.14044958353042603,0.03832744434475899,-0.013764223083853722,0.16132399439811707,-0.010822816751897335,0.020783424377441406,0.11008958518505096,-0.03486669436097145,0.02672557346522808,0.08535934239625931,-0.03486667945981026,0.026725566014647484,0.0853593572974205,-0.021561840549111366,0.0004359474405646324,0.09100177139043808,0.07091698050498962,-0.019681788980960846,0.09023487567901611,0.07434574514627457,-0.03569244220852852,0.05930100381374359,0.07434574514627457,-0.03569243475794792,0.059301018714904785,0.049326226115226746,-0.03651120513677597,0.07583440840244293
46,-0.029935607686638832,-0.006695526652038097,0.031537044793367386,-0.04103652387857437,-0.0010420524049550295,0.011824922636151314,-0.018470685929059982,0.002400799421593547,0.04516834393143654,-0.02993561327457428,-0.006695530377328396,0.03153704106807709,0.04735538363456726,-0.020268559455871582,0.01385405007749796,0.05714285001158714,0.0004206141456961632,0.00938984751701355,0.03728792071342468,-0.013530037365853786,0.029767513275146484,0.04735538363456726,-0.02026856131851673,0.013854045420885086,0.011749496683478355,0.00029350584372878075,0.0398833304643631,0.017002366483211517,0.001509541878476739,0.057643432170152664,0.03391893953084946,-0.012083003297448158,0.1395440250635147,0.03771815448999405,-0.01635437086224556,0.1603022962808609,-0.01104985922574997,0.01969773694872856,0.10960642993450165,-0.034358493983745575,0.026269415393471718,0.08433743566274643,-0.03435848280787468,0.02626940608024597,0.08433744311332703,-0.019923534244298935,0.0005986485630273819,0.09005094319581985,0.0705910250544548,-0.018093355000019073,0.08888361603021622,0.07623205333948135,-0.03203454613685608,0.057279445230960846,0.07623205333948135,-0.03203454613685608,0.05727946385741234,0.051290664821863174,-0.03367379680275917,0.07386980950832367
47,-0.029846185818314552,-0.006902312394231558,0.030992934480309486,-0.040986910462379456,-0.0005970608908683062,0.011502213776111603,-0.0184883251786232,0.002563410671427846,0.04446138069033623,-0.0298461876809597,-0.006902316585183144,0.03099292889237404,0.047393281012773514,-0.02036004140973091,0.013438120484352112,0.05713117867708206,0.0004378883168101311,0.00939029548317194,0.037388935685157776,-0.012998716905713081,0.02911370061337948,0.04739328473806381,-0.02036004327237606,0.013438115827739239,0.011756444349884987,0.000634973868727684,0.0392492450773716,0.01695290580391884,0.001755432691425085,0.05703221634030342,0.03343784436583519,-0.01403157226741314,0.1385302096605301,0.037077896296978,-0.019132720306515694,0.1591290533542633,-0.01142040640115738,0.018451185896992683,0.10919300466775894,-0.034208521246910095,0.02532767690718174,0.08353336900472641,-0.0342085100710392,0.025327671319246292,0.0835333913564682,-0.01866549625992775,0.00028700195252895355,0.08913509547710419,0.07034964114427567,-0.01656518504023552,0.08773774653673172,0.07803568243980408,-0.028440378606319427,0.05572359636425972,0.07803567498922348,-0.02844037488102913,0.05572361499071121,0.05313687026500702,-0.031095154583454132,0.07224635779857635
48,-0.029716208577156067,-0.007098689209669828,0.030423380434513092,-0.040897611528635025,-0.00017229700461030006,0.011168206110596657,-0.018502509221434593,0.002780086128041148,0.04371483996510506,-0.029716212302446365,-0.00709869246929884,0.030423374846577644,0.047423940151929855,-0.02043052949011326,0.013094983994960785,0.05712263658642769,0.00044961459934711456,0.009390885010361671,0.03750721365213394,-0.012457371689379215,0.028525058180093765,0.047423943877220154,-0.020430531352758408,0.013094979338347912,0.011776234954595566,0.0009973538108170033,0.038650184869766235,0.01687214896082878,0.0019635576754808426,0.05647125840187073,0.03285206854343414,-0.01626472920179367,0.13744735717773438,0.03631645068526268,-0.022271228954195976,0.15783128142356873,-0.012029815465211868,0.016859013587236404,0.1088789850473404,-0.034520529210567474,0.023774078115820885,0.08296853303909302,-0.03452051803469658,0.023774070665240288,0.08296855539083481,-0.017830295488238335,-0.0005938690155744553,0.08822586387395859,0.07015904784202576,-0.015199124813079834,0.08688465505838394,0.07973024994134903,-0.025021258741617203,0.054683417081832886,0.07973023504018784,-0.025021255016326904,0.054683439433574677,0.054854243993759155,-0.02887110784649849,0.07100405544042587
49,-0.029502680525183678,-0.007279100362211466,0.029852308332920074,-0.040666427463293076,0.00028251123148947954,0.010827246122062206,-0.018487313762307167,0.0030016039963811636,0.04300406947731972,-0.029502682387828827,-0.007279103621840477,0.029852302744984627,0.04744890332221985,-0.02047054097056389,0.012897842563688755,0.05711543187499046,0.00045859580859541893,0.009391427971422672,0.03769942373037338,-0.01184091530740261,0.028079310432076454,0.04744890704751015,-0.020470542833209038,0.012897837907075882,0.011839032173156738,0.0013873036950826645,0.03817314654588699,0.016780417412519455,0.002118279691785574,0.05604885518550873,0.03220053389668465,-0.018837053328752518,0.1363499015569687,0.0354890376329422,-0.025816548615694046,0.1564510613679886,-0.01288171112537384,0.014790689572691917,0.10870592296123505,-0.03529999405145645,0.021485744044184685,0.08267519623041153,-0.03529997915029526,0.021485738456249237,0.08267521858215332,-0.01735970377922058,-0.0020983861759305,0.0873587355017662,0.07004307210445404,-0.014017242006957531,0.08640257269144058,0.08133935183286667,-0.02181641198694706,0.05420677736401558,0.08133933693170547,-0.02181641012430191,0.05420679599046707,0.05650079622864723,-0.02702510356903076,0.07020418345928192
50,-0.029369285330176353,-0.007440472487360239,0.029292041435837746,-0.04056481271982193,0.0006904085166752338,0.010522126220166683,-0.018536997959017754,0.0031483753118664026,0.04235105961561203,-0.029369287192821503,-0.007440476678311825,0.02929203398525715,0.047418124973773956,-0.020457085222005844,0.012863518670201302,0.05710817128419876,0.00046697258949279785,0.009391851723194122,0.037885408848524094,-0.011126336641609669,0.027765333652496338,0.047418128699064255,-0.020457087084650993,0.012863514944911003,0.011848017573356628,0.0017784363590180874,0.03782278671860695,0.016591304913163185,0.0021966444328427315,0.05576210096478462,0.031498927623033524,-0.02168705128133297,0.13521583378314972,0.03464912250638008,-0.029666317626833916,0.15496402978897095,-0.014020564965903759,0.012191025540232658,0.10861869156360626,-0.03658108413219452,0.018352052196860313,0.08257898688316345,-0.036581072956323624,0.018352044746279716,0.08257900178432465,-0.017245234921574593,-0.00424396526068449,0.08652172237634659,0.06992524117231369,-0.013000065460801125,0.08624272048473358,0.08276636898517609,-0.018855199217796326,0.0542142316699028,0.08276636153459549,-0.018855199217796326,0.054214250296354294,0.058030255138874054,-0.025550317019224167,0.0698123350739479
51,-0.029257964342832565,-0.007610697764903307,0.028792712837457657,-0.04048842191696167,0.0010081012733280659,0.01026290375739336,-0.01861710660159588,0.0031856142450124025,0.04183924198150635,-0.029257971793413162,-0.007610701024532318,0.02879270724952221,0.047339942306280136,-0.020388782024383545,0.013031112030148506,0.05710217356681824,0.0004732143133878708,0.009392203763127327,0.038090817630290985,-0.010300074703991413,0.027614368125796318,0.047339946031570435,-0.020388787612318993,0.013031103648245335,0.011829632334411144,0.0021637920290231705,0.03764599934220314,0.01635715924203396,0.0022158699575811625,0.05564576014876366,0.030949683859944344,-0.024619625881314278,0.1340971440076828,0.034046076238155365,-0.033561673015356064,0.15343715250492096,-0.015289180912077427,0.009138908237218857,0.10861746966838837,-0.038166593760252,0.014362952671945095,0.08264949917793274,-0.03816657513380051,0.014362946152687073,0.08264952152967453,-0.017292967066168785,-0.0069548869505524635,0.08578671514987946,0.06986843049526215,-0.012073108926415443,0.0863618329167366,0.0840420126914978,-0.01614312268793583,0.05461997538805008,0.0840420052409172,-0.01614312455058098,0.05461999401450157,0.05952480807900429,-0.02438924089074135,0.06981565803289413
52,-0.029121043160557747,-0.007753040175884962,0.028380261734128,-0.040333472192287445,0.0012896558037027717,0.010042540729045868,-0.01868726871907711,0.00311567191965878,0.04153349995613098,-0.029121045023202896,-0.0077530439011752605,0.0283802542835474,0.04722750186920166,-0.02026522159576416,0.013418680056929588,0.05709973722696304,0.00047347135841846466,0.009392368607223034,0.0383298322558403,-0.009372767060995102,0.02763788402080536,0.04722750559449196,-0.02026522532105446,0.01341867633163929,0.011814475059509277,0.0025425655767321587,0.03766744211316109,0.016138603910803795,0.0022046943195164204,0.05571405589580536,0.03073784150183201,-0.027410045266151428,0.13306528329849243,0.03389880433678627,-0.03721275180578232,0.1519729495048523,-0.01649874821305275,0.005790955387055874,0.10871414840221405,-0.03978023678064346,0.009607808664441109,0.08286060392856598,-0.03978021815419197,0.009607802145183086,0.08286061882972717,-0.017288342118263245,-0.010101623833179474,0.08523821085691452,0.06993238627910614,-0.011176394298672676,0.08668379485607147,0.08520706743001938,-0.013711047358810902,0.05529491975903511,0.08520706743001938,-0.013711050152778625,0.0552949383854866,0.06105618178844452,-0.02349087782204151,0.0701640397310257
53,-0.02902921289205551,-0.00785919651389122,0.028093265369534492,-0.04022528976202011,0.0014758545439690351,0.009892566129565239,-0.01877814531326294,0.002951087197288871,0.04143693298101425,-0.02902922034263611,-0.007859199307858944,0.028093259781599045,0.047072090208530426,-0.02007962577044964,0.013988574966788292,0.057104118168354034,0.00046297861263155937,0.009392308071255684,0.038538455963134766,-0.008398894220590591,0.027799345552921295,0.047072093933820724,-0.020079627633094788,0.01398856658488512,0.011764157563447952,0.002895128447562456,0.037859827280044556,0.01592007651925087,0.0021647904068231583,0.055934324860572815,0.03088175132870674,-0.029910556972026825,0.13216674327850342,0.0342281349003315,-0.04042467474937439,0.15065565705299377,-0.01756441965699196,0.0023045772686600685,0.10889964550733566,-0.04120486229658127,0.004249744117259979,0.0831635370850563,-0.04120485112071037,0.004249739460647106,0.0831635594367981,-0.017122918739914894,-0.013554081320762634,0.08491957187652588,0.07008285075426102,-0.010329647921025753,0.08710072189569473,0.08624567836523056,-0.01165676023811102,0.056084536015987396,0.08624567091464996,-0.011656763032078743,0.05608455836772919,0.06260141730308533,-0.02286703512072563,0.07075691968202591
54,-0.02898419462144375,-0.007880503311753273,0.02795448899269104,-0.04017358645796776,0.0015739437658339739,0.00981140322983265,-0.018877319991588593,0.0027395605575293303,0.041558366268873215,-0.028984196484088898,-0.007880507037043571,0.027954481542110443,0.046888887882232666,-0.019832000136375427,0.014700121246278286,0.05711617320775986,0.0004409472458064556,0.00939200259745121,0.03869916498661041,-0.007438665721565485,0.0280916728079319,0.046888887882232666,-0.019832003861665726,0.014700114727020264,0.011688176542520523,0.0032145106233656406,0.038218263536691666,0.01572038047015667,0.002098803175613284,0.05630110576748848,0.03133402392268181,-0.032043833285570145,0.1314750462770462,0.034957364201545715,-0.043097835034132004,0.14959312975406647,-0.018424827605485916,-0.001160439569503069,0.10920431464910507,-0.04223685339093208,-0.0014567263424396515,0.0835547149181366,-0.04223683848977089,-0.00145673006772995,0.08355473726987839,-0.016714999452233315,-0.017168613150715828,0.08488581329584122,0.07030674070119858,-0.009599382057785988,0.08756186813116074,0.08720044791698456,-0.010099347680807114,0.05691297724843025,0.08720043301582336,-0.010099351406097412,0.056912995874881744,0.064158134162426,-0.02256328985095024,0.07153155654668808
55,-0.028977856040000916,-0.007819423452019691,0.028020422905683517,-0.04017024487257004,0.0015609429683536291,0.009840767830610275,-0.01896427385509014,0.00252706790342927,0.04190128296613693,-0.028977861627936363,-0.007819426245987415,0.02802041731774807,0.04670668765902519,-0.019536243751645088,0.015500149689614773,0.05713680014014244,0.0004052468575537205,0.009391487576067448,0.03881324455142021,-0.006570343393832445,0.028522396460175514,0.04670669138431549,-0.019536247476935387,0.0155001450330019,0.011609576642513275,0.0034831687808036804,0.038745831698179245,0.015559850260615349,0.001991485944017768,0.05681964382529259,0.031983304768800735,-0.03380395844578743,0.13106359541416168,0.03592702001333237,-0.04522468149662018,0.1488848775625229,-0.019075855612754822,-0.004471692256629467,0.1096717119216919,-0.04276594892144203,-0.0072201755829155445,0.08405479043722153,-0.04276593402028084,-0.007220177911221981,0.08405480533838272,-0.016051091253757477,-0.020823489874601364,0.08518026769161224,0.07059050351381302,-0.009090131148695946,0.0880589634180069,0.0881311371922493,-0.009170232340693474,0.05777165666222572,0.0881311297416687,-0.009170237928628922,0.057771675288677216,0.06571848690509796,-0.022664176300168037,0.072454534471035
56,-0.029000286012887955,-0.007646912708878517,0.028275471180677414,-0.040218520909547806,0.0014467360451817513,0.009966527111828327,-0.019031649455428123,0.0023634659592062235,0.042432405054569244,-0.02900029346346855,-0.007646915037184954,0.028275465592741966,0.0465511791408062,-0.019216803833842278,0.01631556637585163,0.05716463923454285,0.00035792565904557705,0.009390957653522491,0.038881707936525345,-0.00586287397891283,0.029076898470520973,0.0465511828660965,-0.019216807559132576,0.016315560787916183,0.011542475782334805,0.00369101925753057,0.03941715136170387,0.015441562049090862,0.0018344672862440348,0.05746827274560928,0.03268551081418991,-0.03520169109106064,0.13096779584884644,0.03694303333759308,-0.04682670533657074,0.14858360588550568,-0.019569527357816696,-0.007503876928240061,0.11032066494226456,-0.04280361160635948,-0.012740040197968483,0.08467379957437515,-0.04280359670519829,-0.012740040197968483,0.08467381447553635,-0.015190440230071545,-0.02441217191517353,0.08580267429351807,0.07091040909290314,-0.00888751819729805,0.08858168125152588,0.08907812833786011,-0.00896189920604229,0.05866628885269165,0.08907811343669891,-0.008961902000010014,0.05866631492972374,0.0672554150223732,-0.023251213133335114,0.07348471879959106
57,-0.029053110629320145,-0.007371492683887482,0.028702901676297188,-0.04032513499259949,0.0012219041818752885,0.010186553001403809,-0.019080454483628273,0.002279883250594139,0.04310418665409088,-0.029053112491965294,-0.0073714954778552055,0.02870289422571659,0.04644076153635979,-0.018907329067587852,0.01707223802804947,0.05719660595059395,0.0003038009162992239,0.009390431456267834,0.03890610858798027,-0.0053771683014929295,0.029727816581726074,0.046440768986940384,-0.01890733279287815,0.01707223244011402,0.011493581347167492,0.003824146930128336,0.040193021297454834,0.015358969569206238,0.0016184630803763866,0.058212075382471085,0.03330869972705841,-0.036250919103622437,0.13119952380657196,0.03783312067389488,-0.04793351888656616,0.14871041476726532,-0.0199813861399889,-0.010152323171496391,0.11115676164627075,-0.042446527630090714,-0.01776731014251709,0.08542097359895706,-0.04244651645421982,-0.01776730641722679,0.08542098850011826,-0.014227493666112423,-0.027865756303071976,0.08672787249088287,0.0712440237402916,-0.009044875390827656,0.08912640064954758,0.09005677700042725,-0.009521611034870148,0.059616152197122574,0.09005676209926605,-0.009521614760160446,0.05961617827415466,0.06873712688684464,-0.024397918954491615,0.07458842545747757
58,-0.029118644073605537,-0.007006369531154633,0.029265394434332848,-0.04046036675572395,0.000891807721927762,0.010483918711543083,-0.0191047340631485,0.0022923664655536413,0.04386865347623825,-0.029118649661540985,-0.007006371859461069,0.0292653888463974,0.046384863555431366,-0.018639536574482918,0.01772046461701393,0.05722901225090027,0.00024888734333217144,0.009389943443238735,0.03889915347099304,-0.005146142560988665,0.030444158241152763,0.046384867280721664,-0.018639542162418365,0.017720460891723633,0.01147425826638937,0.0038764397613704205,0.0410318598151207,0.01531150657683611,0.001345364609733224,0.05901412293314934,0.03377606347203255,-0.03694852441549301,0.1317540556192398,0.038497500121593475,-0.048558034002780914,0.14926151931285858,-0.020369045436382294,-0.012331554666161537,0.11218136548995972,-0.04180947691202164,-0.02213253453373909,0.08631149679422379,-0.041809458285570145,-0.02213253453373909,0.08631151169538498,-0.013241790235042572,-0.03114902973175049,0.08792100846767426,0.0715852677822113,-0.009560930542647839,0.08969707787036896,0.09106352180242538,-0.010832292027771473,0.060645684599876404,0.0910634994506836,-0.010832293890416622,0.0606456995010376,0.0701480433344841,-0.02614663727581501,0.07574585825204849
59,-0.02915097214281559,-0.006563383620232344,0.029914669692516327,-0.04054798558354378,0.0004819563764613122,0.010829838924109936,-0.01908455789089203,0.0024028304032981396,0.04468877986073494,-0.02915097400546074,-0.0065633864142000675,0.02991466224193573,0.046384744346141815,-0.018432525917887688,0.018244091421365738,0.057258401066064835,0.00019876113219652325,0.00938947033137083,0.03888680785894394,-0.005165420472621918,0.03119649365544319,0.046384744346141815,-0.018432529643177986,0.01824408769607544,0.011505300179123878,0.003854101989418268,0.041898488998413086,0.015313306823372841,0.0010312717640772462,0.05984349176287651,0.03407987207174301,-0.03727441653609276,0.13261161744594574,0.038922399282455444,-0.048695098608732224,0.15020999312400818,-0.020748542621731758,-0.013981491327285767,0.1133878156542778,-0.04094727709889412,-0.025820109993219376,0.08737127482891083,-0.040947265923023224,-0.02582010254263878,0.08737128973007202,-0.012261295691132545,-0.03437771275639534,0.0893416553735733,0.07195215672254562,-0.010378854349255562,0.09030977636575699,0.09209005534648895,-0.012812639586627483,0.06178708001971245,0.09209004044532776,-0.012812641449272633,0.06178709864616394,0.07150384783744812,-0.02849755622446537,0.07695915549993515
60,-0.029267437756061554,-0.0060592591762542725,0.03058895282447338,-0.04076562821865082,-3.033661050722003e-05,0.011218799278140068,-0.019087687134742737,0.0025712777860462666,0.04548481106758118,-0.029267443343997,-0.006059261038899422,0.030588945373892784,0.04639532417058945,-0.018287118524312973,0.01860956661403179,0.057282425463199615,0.00015791045734658837,0.009389076381921768,0.03880748525261879,-0.005422789137810469,0.0319112092256546,0.046395327895879745,-0.01828712224960327,0.018609559163451195,0.011515860445797443,0.003746683243662119,0.04271487146615982,0.01529123168438673,0.0006763690616935492,0.060626108199357986,0.034185487776994705,-0.03722405433654785,0.13368403911590576,0.03908530995249748,-0.04835234954953194,0.15145303308963776,-0.02118564210832119,-0.015105168335139751,0.11471162736415863,-0.039956625550985336,-0.028880883008241653,0.08857962489128113,-0.03995661437511444,-0.028880879282951355,0.08857963979244232,-0.011356320232152939,-0.03763517364859581,0.09090004861354828,0.07228432595729828,-0.011419260874390602,0.09092754125595093,0.09302754700183868,-0.015349827706813812,0.06301212310791016,0.09302754700183868,-0.015349829569458961,0.06301213800907135,0.07275204360485077,-0.031428102403879166,0.07819084078073502
61,-0.029344499111175537,-0.005480645224452019,0.0312329288572073,-0.04089752957224846,-0.0005259899189695716,0.011592722497880459,-0.019051076844334602,0.0027904503513127565,0.04625406488776207,-0.029344500973820686,-0.005480648018419743,0.0312329214066267,0.04642337188124657,-0.018193025141954422,0.018864618614315987,0.05729977414011955,0.00012850406346842647,0.009388823062181473,0.0387299470603466,-0.005841458216309547,0.03258503973484039,0.04642337188124657,-0.01819302886724472,0.01886461302638054,0.011563930660486221,0.0035922375973314047,0.04347742721438408,0.015306921675801277,0.0003277753130532801,0.061361100524663925,0.03422055020928383,-0.03676270321011543,0.13493146002292633,0.03913218900561333,-0.047508321702480316,0.15293122828006744,-0.021587291732430458,-0.015701746568083763,0.11613074690103531,-0.038768220692873,-0.03131219372153282,0.08993664383888245,-0.038768209517002106,-0.031312186270952225,0.08993666619062424,-0.01043163426220417,-0.04080758988857269,0.09255880862474442,0.07266230881214142,-0.012542525306344032,0.09158194810152054,0.09390632063150406,-0.01826304942369461,0.06436119228601456,0.09390631318092346,-0.01826304942369461,0.06436121463775635,0.07399004697799683,-0.03483794257044792,0.07948122173547745
62,-0.02939448691904545,-0.004840829875320196,0.03180021420121193,-0.04097369685769081,-0.00100634153932333,0.011926178820431232,-0.018991131335496902,0.0030282814987003803,0.046960923820734024,-0.029394492506980896,-0.004840832203626633,0.03180020675063133,0.04644780978560448,-0.01813514344394207,0.019025415182113647,0.05731097608804703,0.00011015389463864267,0.009388715028762817,0.03864629939198494,-0.006360347848385572,0.03318488225340843,0.04644780978560448,-0.01813514716923237,0.01902540773153305,0.011629059910774231,0.0034082424826920033,0.04415186494588852,0.01534526702016592,9.808660252019763e-06,0.06201615557074547,0.034248825162649155,-0.035900264978408813,0.1362631618976593,0.03914801403880119,-0.04618743807077408,0.15453216433525085,-0.021923711523413658,-0.01582859829068184,0.11757072061300278,-0.037338580936193466,-0.033248964697122574,0.09141895174980164,-0.03733857348561287,-0.03324895724654198,0.09141897410154343,-0.009452623315155506,-0.04394478350877762,0.09424243867397308,0.07309187203645706,-0.01363616157323122,0.09225456416606903,0.09468504041433334,-0.021394049748778343,0.06582443416118622,0.09468502551317215,-0.021394047886133194,0.06582445651292801,0.07524073123931885,-0.038624681532382965,0.08082525432109833
63,-0.02945200353860855,-0.00421384209766984,0.03225992992520332,-0.04105593264102936,-0.0014854163164272904,0.012218396179378033,-0.018948771059513092,0.003246410982683301,0.04755786061286926,-0.02945200726389885,-0.004213844891637564,0.032259922474622726,0.04644731432199478,-0.018106287345290184,0.019090130925178528,0.0573173426091671,0.00010052118159364909,0.009388619102537632,0.03852609172463417,-0.0069409869611263275,0.03367060795426369,0.04644731432199478,-0.018106291070580482,0.01909012719988823,0.01166873425245285,0.003197097685188055,0.044694799929857254,0.01536809466779232,-0.0002708046813495457,0.06254924088716507,0.034293282777071,-0.034693073481321335,0.1375691145658493,0.03917119279503822,-0.04446373134851456,0.15612509846687317,-0.022194841876626015,-0.015577781945466995,0.11893031746149063,-0.035658374428749084,-0.03483663499355316,0.09299130737781525,-0.03565836325287819,-0.034836623817682266,0.09299132972955704,-0.008426321670413017,-0.04709163308143616,0.09586011618375778,0.07355113327503204,-0.014636938460171223,0.09290258586406708,0.09530328214168549,-0.024635078385472298,0.06737057119607925,0.09530326724052429,-0.024635074660182,0.06737058609724045,0.07648560404777527,-0.04269895330071449,0.08218920230865479
64,-0.029492199420928955,-0.0035912329331040382,0.032599158585071564,-0.04113142564892769,-0.0019279306288808584,0.012461620382964611,-0.018911350518465042,0.003435871796682477,0.048047956079244614,-0.029492201283574104,-0.0035912354942411184,0.03259915113449097,0.046429187059402466,-0.018106458708643913,0.019073866307735443,0.0573209710419178,9.597724420018494e-05,0.009388546459376812,0.038385819643735886,-0.007553890813142061,0.0340387336909771,0.046429190784692764,-0.01810646243393421,0.019073856994509697,0.011695162393152714,0.002970293629914522,0.04510587453842163,0.015394671820104122,-0.0005007797153666615,0.06295967102050781,0.03440837189555168,-0.03321405127644539,0.13878175616264343,0.03926429897546768,-0.04242946207523346,0.15762531757354736,-0.02235681377351284,-0.015033429488539696,0.12014706432819366,-0.03369991108775139,-0.03617437556385994,0.09466379880905151,-0.03369990363717079,-0.03617436811327934,0.09466381371021271,-0.007342635653913021,-0.050245251506567,0.09736640006303787,0.07406562566757202,-0.015520048327744007,0.09350757300853729,0.09575109928846359,-0.027921326458454132,0.06899329274892807,0.0957510843873024,-0.027921320870518684,0.06899330019950867,0.07772432267665863,-0.046974461525678635,0.0835539922118187
65,-0.02948208712041378,-0.0029801775235682726,0.03280924633145332,-0.04118826612830162,-0.0022974922321736813,0.012653416022658348,-0.018865235149860382,0.0036032816860824823,0.04842784255743027,-0.029482092708349228,-0.0029801796190440655,0.032809238880872726,0.04640753194689751,-0.018143637105822563,0.018979329615831375,0.05732318013906479,9.457417763769627e-05,0.009388647973537445,0.038238320499658585,-0.00819240789860487,0.03428412973880768,0.04640753194689751,-0.018143638968467712,0.018979325890541077,0.011722132563591003,0.00273498916067183,0.04537985473871231,0.0154427420347929,-0.0006708693108521402,0.06324181705713272,0.034619055688381195,-0.031546700745821,0.13984209299087524,0.03945373371243477,-0.0401853583753109,0.15896233916282654,-0.022384969517588615,-0.014264706522226334,0.12116385251283646,-0.03149059787392616,-0.03730864077806473,0.09644409269094467,-0.031490594148635864,-0.037308625876903534,0.09644411504268646,-0.0062455832958221436,-0.053354695439338684,0.09872718900442123,0.07464518398046494,-0.016308370977640152,0.09403759241104126,0.09600101411342621,-0.03124130889773369,0.07067228853702545,0.09600100666284561,-0.03124130144715309,0.07067231088876724,0.0789015144109726,-0.05138431861996651,0.08488024026155472
66,-0.029414266347885132,-0.0023885390255600214,0.032903172075748444,-0.041218824684619904,-0.002565516857430339,0.012793982401490211,-0.018801327794790268,0.0037665448617190123,0.04869812726974487,-0.02941426821053028,-0.002388542052358389,0.03290316462516785,0.04639222472906113,-0.01822086051106453,0.018810439854860306,0.057324253022670746,9.544298518449068e-05,0.009388727135956287,0.03808854892849922,-0.008863895200192928,0.03441480174660683,0.046392228454351425,-0.018220864236354828,0.018810434266924858,0.011758632957935333,0.0024969405494630337,0.04551877826452255,0.015522160567343235,-0.0007700521964579821,0.06339769065380096,0.034923721104860306,-0.029755301773548126,0.140720397233963,0.039735812693834305,-0.03780562803149223,0.16010132431983948,-0.02227647602558136,-0.013309173285961151,0.12194965779781342,-0.029112448915839195,-0.038229938596487045,0.09834400564432144,-0.029112447053194046,-0.03822992742061615,0.09834402054548264,-0.005231283605098724,-0.056316494941711426,0.09994567185640335,0.07527872174978256,-0.017047114670276642,0.09446964412927628,0.09600178152322769,-0.03460640087723732,0.0723964050412178,0.0960017740726471,-0.034606389701366425,0.072396419942379,0.07990492135286331,-0.055864736437797546,0.08614318072795868
67,-0.02932121977210045,-0.0018795531941577792,0.03291779384016991,-0.04122220352292061,-0.0027076692786067724,0.012881841510534286,-0.018714211881160736,0.00393864419311285,0.0488438755273819,-0.029321221634745598,-0.0018795558717101812,0.03291778638958931,0.046396009624004364,-0.018337205052375793,0.018563134595751762,0.05732341855764389,0.00010703245061449707,0.009388884529471397,0.03793769329786301,-0.009585143998265266,0.03443317487835884,0.04639601707458496,-0.018337208777666092,0.018563129007816315,0.011809575371444225,0.0022552076261490583,0.045512840151786804,0.015637177973985672,-0.0007894840673543513,0.06341736018657684,0.03531190752983093,-0.027870886027812958,0.14139623939990997,0.040099408477544785,-0.035321131348609924,0.16102167963981628,-0.022040177136659622,-0.01217861007899046,0.12248469144105911,-0.026677899062633514,-0.03889460861682892,0.10035442560911179,-0.026677897199988365,-0.03889459744095802,0.10035444051027298,-0.004417892545461655,-0.05899447202682495,0.10105147212743759,0.07594206184148788,-0.017778461799025536,0.09477590769529343,0.09569208323955536,-0.038014620542526245,0.07414980232715607,0.09569207578897476,-0.03801460936665535,0.07414981722831726,0.08059396594762802,-0.060336776077747345,0.08733189851045609
68,-0.02926374413073063,-0.0015950617380440235,0.032914187759160995,-0.041201401501894,-0.002708431100472808,0.012913906015455723,-0.018608711659908295,0.004121987149119377,0.0488448403775692,-0.029263745993375778,-0.0015950645320117474,0.0329141803085804,0.04641689732670784,-0.018489882349967957,0.018240617588162422,0.05731811374425888,0.00012678276107180864,0.009389192797243595,0.03778235614299774,-0.010364978574216366,0.03434745967388153,0.04641689732670784,-0.018489886075258255,0.018240608274936676,0.011870158836245537,0.0020080870017409325,0.045351848006248474,0.015781475231051445,-0.0007176598301157355,0.06328964233398438,0.035767003893852234,-0.025878198444843292,0.14186422526836395,0.04053076356649399,-0.03270601108670235,0.16172049939632416,-0.02169766277074814,-0.010862736031413078,0.12276662886142731,-0.024308813735842705,-0.03924107924103737,0.10244783014059067,-0.024308808147907257,-0.03924106806516647,0.10244784504175186,-0.003913762979209423,-0.06123938784003258,0.10210878401994705,0.07660026848316193,-0.018510548397898674,0.09494125843048096,0.09501656889915466,-0.04141146317124367,0.07593101263046265,0.09501656144857407,-0.041411448270082474,0.07593102753162384,0.08083444833755493,-0.0646812841296196,0.08847620338201523
69,-0.029219768941402435,-0.0014536253875121474,0.03289927914738655,-0.041149698197841644,-0.0025746887549757957,0.012894821353256702,-0.018453292548656464,0.00431258836761117,0.04873701184988022,-0.029219770804047585,-0.001453628297895193,0.03289927542209625,0.04645935818552971,-0.01866748183965683,0.01787097565829754,0.05730592831969261,0.00015212735161185265,0.009389304555952549,0.037655919790267944,-0.01119312271475792,0.03419988229870796,0.04645935818552971,-0.01866748556494713,0.01787097007036209,0.011971581727266312,0.0017590827774256468,0.04507124051451683,0.015992194414138794,-0.0005422232206910849,0.06304430961608887,0.03632410615682602,-0.023734545335173607,0.14216402173042297,0.04107140377163887,-0.02990296296775341,0.16223882138729095,-0.0212259441614151,-0.009350141510367393,0.12284447997808456,-0.022060643881559372,-0.03921419009566307,0.10461144894361496,-0.02206064760684967,-0.03921416774392128,0.10461146384477615,-0.00373058021068573,-0.06292307376861572,0.10323459655046463,0.07726974040269852,-0.01921096257865429,0.09500380605459213,0.09400202333927155,-0.04467945545911789,0.07778788357973099,0.09400200843811035,-0.044679440557956696,0.07778789103031158,0.08059224486351013,-0.06873876601457596,0.08967595547437668
70,-0.02919818088412285,-0.0014464817941188812,0.03287063539028168,-0.041077688336372375,-0.002333760494366288,0.012824472039937973,-0.01826241798698902,0.004493296146392822,0.04852720722556114,-0.029198186472058296,-0.001446484006009996,0.03287063166499138,0.04651553928852081,-0.018843192607164383,0.01748100109398365,0.05728614330291748,0.00019063183572143316,0.009389480575919151,0.03756139054894447,-0.01203496940433979,0.03401796892285347,0.04651553928852081,-0.018843194469809532,0.017480993643403053,0.012102501466870308,0.0015155887231230736,0.044688425958156586,0.01625695824623108,-0.00025631277821958065,0.06269101798534393,0.036971572786569595,-0.02140875719487667,0.1423080563545227,0.04171819984912872,-0.02687244676053524,0.16258618235588074,-0.020653238520026207,-0.007652454078197479,0.1227508932352066,-0.02001042850315571,-0.03879038989543915,0.10678162425756454,-0.02001042664051056,-0.03879036754369736,0.10678163915872574,-0.0038678378332406282,-0.06397396326065063,0.10450076311826706,0.07792584598064423,-0.0198239553719759,0.09498520940542221,0.09267091751098633,-0.04766260087490082,0.07973417639732361,0.09267091751098633,-0.047662585973739624,0.0797341838479042,0.07985608279705048,-0.07233680784702301,0.09100189805030823
71,-0.029216475784778595,-0.0015866647008806467,0.03281908854842186,-0.04099977761507034,-0.002018233062699437,0.012701282277703285,-0.01807071454823017,0.004639516584575176,0.048214107751846313,-0.029216483235359192,-0.0015866667963564396,0.03281908482313156,0.04657413065433502,-0.019000018015503883,0.017090851441025734,0.05725785344839096,0.000243473332375288,0.009389469400048256,0.037489570677280426,-0.012841551564633846,0.03381041809916496,0.04657413437962532,-0.019000019878149033,0.017090849578380585,0.012233933433890343,0.001285528764128685,0.044212810695171356,0.01654137670993805,0.000130809610709548,0.06222960725426674,0.03767487034201622,-0.01892579160630703,0.14228589832782745,0.04244469851255417,-0.02364705689251423,0.16274422407150269,-0.020030252635478973,-0.005824459716677666,0.12250804156064987,-0.018232250586152077,-0.03800244256854057,0.1088571771979332,-0.018232252448797226,-0.03800242394208908,0.10885719209909439,-0.004298301879316568,-0.06440620124340057,0.10591024160385132,0.07853106409311295,-0.020306218415498734,0.09488783031702042,0.09106379002332687,-0.050219886004924774,0.08173089474439621,0.09106379002332687,-0.05021986737847328,0.0817309021949768,0.07865840941667557,-0.0753406286239624,0.09245717525482178
72,-0.029259728267788887,-0.0018606248777359724,0.03272024169564247,-0.04092243313789368,-0.0016569249564781785,0.012528695166110992,-0.017897186800837517,0.004710631910711527,0.04781034588813782,-0.029259733855724335,-0.0018606262747198343,0.032720234245061874,0.04663640633225441,-0.019139986485242844,0.016699133440852165,0.05722125247120857,0.0003098021261394024,0.009389402344822884,0.03744317591190338,-0.013582269661128521,0.033569104969501495,0.04663640633225441,-0.019139988347887993,0.016699127852916718,0.012352394871413708,0.001056768000125885,0.04365783929824829,0.01682574860751629,0.0005711959674954414,0.06166466698050499,0.03841010853648186,-0.016402412205934525,0.14208324253559113,0.04323231801390648,-0.02037016674876213,0.16268877685070038,-0.019391518086194992,-0.003979424014687538,0.12214040756225586,-0.016768788918852806,-0.03696264699101448,0.11072857677936554,-0.016768787056207657,-0.03696262836456299,0.11072859168052673,-0.004959981422871351,-0.0643392950296402,0.10740146785974503,0.079070083796978,-0.020673632621765137,0.09470221400260925,0.08925795555114746,-0.05229511857032776,0.08368901163339615,0.08925794810056686,-0.052295099943876266,0.08368901908397675,0.07708442211151123,-0.07771431654691696,0.09396851062774658
73,-0.029303422197699547,-0.0022055935114622116,0.032553281635046005,-0.04084876924753189,-0.0012766036670655012,0.012314694002270699,-0.017756251618266106,0.004695391748100519,0.04735325276851654,-0.029303429648280144,-0.002205595374107361,0.03255327418446541,0.04670511931180954,-0.01926598884165287,0.016307760030031204,0.05717729404568672,0.0003868136554956436,0.009389196522533894,0.03742067515850067,-0.014216252602636814,0.03328712284564972,0.04670512303709984,-0.01926599070429802,0.016307752579450607,0.012447241693735123,0.0008360841311514378,0.04305371269583702,0.017092442139983177,0.0010241023264825344,0.061022549867630005,0.03915225341916084,-0.013984487392008305,0.14171001315116882,0.04405812919139862,-0.017227474600076675,0.162422314286232,-0.018765248358249664,-0.002222827635705471,0.1216939389705658,-0.01564924605190754,-0.0358002632856369,0.11232119053602219,-0.01564924791455269,-0.03580024093389511,0.11232120543718338,-0.00579605158418417,-0.0639273002743721,0.10888863354921341,0.07953179627656937,-0.020962722599506378,0.09442335367202759,0.08733122795820236,-0.0538942888379097,0.08549687266349792,0.08733122050762177,-0.053894270211458206,0.08549688011407852,0.07522706687450409,-0.07948952913284302,0.09541510045528412
74,-0.029339874163269997,-0.0025536599569022655,0.032321903854608536,-0.040782373398542404,-0.0008998855482786894,0.01207114290446043,-0.017664877697825432,0.004616830963641405,0.04689168184995651,-0.029339881613850594,-0.0025536613538861275,0.03232189640402794,0.04677882045507431,-0.019376343116164207,0.015927733853459358,0.05712822824716568,0.000470560509711504,0.00938892550766468,0.037408217787742615,-0.014696945436298847,0.0329657681286335,0.04677882045507431,-0.019376344978809357,0.01592772640287876,0.012502987869083881,0.0006517339497804642,0.04244093596935272,0.017318138852715492,0.0014710270334035158,0.060347240418195724,0.039870407432317734,-0.011793394573032856,0.14120526611804962,0.044890984892845154,-0.014381112530827522,0.1619822233915329,-0.018178649246692657,-0.0006130188703536987,0.12122975289821625,-0.014895500615239143,-0.03461603447794914,0.1136128306388855,-0.014895504340529442,-0.03461601585149765,0.1136128380894661,-0.006776084657758474,-0.06330536305904388,0.11029688268899918,0.07989896088838577,-0.021206174045801163,0.09405623376369476,0.08533938974142075,-0.055064015090465546,0.08705262839794159,0.08533938974142075,-0.05506400018930435,0.08705262839794159,0.07315924763679504,-0.08073689043521881,0.09667269885540009
75,-0.02937675639986992,-0.002884803805500269,0.03204861655831337,-0.0407257080078125,-0.0005445479764603078,0.011812912300229073,-0.017627697438001633,0.004489350598305464,0.04645630344748497,-0.029376763850450516,-0.0028848061338067055,0.03204861283302307,0.04685834422707558,-0.019479064270853996,0.015551194548606873,0.05707726627588272,0.0005549564957618713,0.009388605132699013,0.037393491715192795,-0.015018466860055923,0.03259581699967384,0.04685834422707558,-0.019479066133499146,0.015551186166703701,0.01251374650746584,0.0005099792033433914,0.041842274367809296,0.017491593956947327,0.0018830716144293547,0.05967000871896744,0.04054900258779526,-0.009919403120875359,0.14060935378074646,0.04571361094713211,-0.011950288899242878,0.16141286492347717,-0.01763947680592537,0.0008229874074459076,0.12079167366027832,-0.014500674791634083,-0.03348434716463089,0.11461449414491653,-0.014500675722956657,-0.0334843248128891,0.11461449414491653,-0.007878639735281467,-0.06258545070886612,0.11156924068927765,0.08016502112150192,-0.021448075771331787,0.09359829127788544,0.08332899957895279,-0.05589582398533821,0.08827433735132217,0.08332899212837219,-0.05589580908417702,0.08827434480190277,0.0709451287984848,-0.08156570792198181,0.09763894230127335
76,-0.02942688576877117,-0.0031626555137336254,0.03175992891192436,-0.040675435215234756,-0.0001795449061319232,0.011552741751074791,-0.017636282369494438,0.004333337303251028,0.04607047140598297,-0.02942688949406147,-0.0031626583077013493,0.031759921461343765,0.046942077577114105,-0.019579490646719933,0.015174037776887417,0.05702892690896988,0.0006330516189336777,0.00938829779624939,0.03736899793148041,-0.015196837484836578,0.03217839077115059,0.046942077577114105,-0.019579492509365082,0.01517402846366167,0.012484594248235226,0.00041172513738274574,0.04127621278166771,0.01761607639491558,0.0022434978745877743,0.05901896581053734,0.041188985109329224,-0.008379878476262093,0.1399690806865692,0.04652374982833862,-0.009962518699467182,0.16076858341693878,-0.017136573791503906,0.0021132761612534523,0.12041133642196655,-0.014426549896597862,-0.03241603821516037,0.11537306755781174,-0.01442655548453331,-0.03241601213812828,0.11537306755781174,-0.009083906188607216,-0.06181434541940689,0.11269097030162811,0.08033671975135803,-0.02170867845416069,0.09306102991104126,0.0813419371843338,-0.05647356063127518,0.0891374796628952,0.0813419446349144,-0.056473538279533386,0.0891374796628952,0.06864520907402039,-0.08207075297832489,0.09827940165996552
77,-0.029478279873728752,-0.003424638882279396,0.031479667872190475,-0.04063601791858673,0.00012487522326409817,0.011313727125525475,-0.017685674130916595,0.004163138102740049,0.045740097761154175,-0.02947828359901905,-0.0034246426075696945,0.03147966042160988,0.04702029749751091,-0.019685935229063034,0.014797557145357132,0.056988369673490524,0.0006890697404742241,0.009388070553541183,0.0373212993144989,-0.015272244811058044,0.03172234073281288,0.04702030122280121,-0.019685937091708183,0.014797547832131386,0.012416715733706951,0.00034456513822078705,0.04075052961707115,0.017692383378744125,0.00253942864947021,0.058409590274095535,0.041785307228565216,-0.0071340287104249,0.13932284712791443,0.04731050133705139,-0.008369029499590397,0.1600961834192276,-0.016663139685988426,0.0033188313245773315,0.1200961023569107,-0.014627896249294281,-0.03137435019016266,0.11594357341527939,-0.01462789997458458,-0.03137432783842087,0.11594357341527939,-0.010386580601334572,-0.06098605692386627,0.11367262899875641,0.08041501045227051,-0.021990403532981873,0.09246604144573212,0.07940035313367844,-0.056863680481910706,0.08966834843158722,0.07940035313367844,-0.056863654404878616,0.08966835588216782,0.06630095094442368,-0.08232416212558746,0.09862198680639267
78,-0.02952825464308262,-0.0036612609401345253,0.031228814274072647,-0.04060976952314377,0.0003591913264244795,0.011109273880720139,-0.017760150134563446,0.0040038288570940495,0.045468125492334366,-0.029528262093663216,-0.003661263268440962,0.03122881054878235,0.04708109796047211,-0.01977957785129547,0.01442631334066391,0.05695261061191559,0.0007370738312602043,0.00938783586025238,0.037247687578201294,-0.015284319408237934,0.031251780688762665,0.047081101685762405,-0.01977957971394062,0.014426307752728462,0.012322444468736649,0.0003023347817361355,0.040275074541568756,0.017733260989189148,0.0027751463931053877,0.05785634368658066,0.042337268590927124,-0.006097503937780857,0.1387077271938324,0.04806389659643173,-0.007066413760185242,0.15944059193134308,-0.016206564381718636,0.004522267729043961,0.11984053254127502,-0.01504882238805294,-0.030286800116300583,0.11637787520885468,-0.01504882238805294,-0.03028678148984909,0.11637788265943527,-0.011779597029089928,-0.06005125865340233,0.11453747004270554,0.08040934801101685,-0.022273128852248192,0.09185432642698288,0.07752452790737152,-0.057101305574178696,0.08993670344352722,0.07752452790737152,-0.0571012869477272,0.08993670344352722,0.06395185738801956,-0.08236466348171234,0.09874255955219269
79,-0.02957703359425068,-0.003858814248815179,0.0310264453291893,-0.04059799388051033,0.0005205029156059027,0.010948602110147476,-0.01784045808017254,0.003878204617649317,0.04525287076830864,-0.029577037319540977,-0.0038588179741054773,0.031026439741253853,0.04712268337607384,-0.019862186163663864,0.014078967273235321,0.05693524330854416,0.0007647927850484848,0.009387722238898277,0.037152595818042755,-0.01527497824281454,0.03079885058104992,0.047122687101364136,-0.019862188026309013,0.014078962616622448,0.012219037860631943,0.0002765301614999771,0.03985972702503204,0.017755206674337387,0.002956842305138707,0.05737142264842987,0.042840275913476944,-0.005186362192034721,0.13815535604953766,0.048767171800136566,-0.005948567762970924,0.15884049236774445,-0.01575823314487934,0.005790687166154385,0.1196310818195343,-0.01563968136906624,-0.029086939990520477,0.11670884490013123,-0.01563967764377594,-0.029086919501423836,0.11670885235071182,-0.013257315382361412,-0.05895892158150673,0.11529902368783951,0.08033064007759094,-0.022539041936397552,0.09127643704414368,0.07572869956493378,-0.0572127141058445,0.09002711623907089,0.07572869956493378,-0.05721269175410271,0.09002712368965149,0.06162913516163826,-0.08222213387489319,0.09872940182685852
80,-0.029631538316607475,-0.0040071876719594,0.030894489958882332,-0.04059968516230583,0.0006086141802370548,0.01084071397781372,-0.017912685871124268,0.0038064210675656796,0.045093636959791183,-0.029631543904542923,-0.004007190465927124,0.030894486233592033,0.04713214933872223,-0.01993185468018055,0.013770506717264652,0.05693364143371582,0.0007680943235754967,0.009387679398059845,0.037039656192064285,-0.015280364081263542,0.030398942530155182,0.04713215306401253,-0.01993185468018055,0.01377050206065178,0.012119852937757969,0.0002597980201244354,0.039516955614089966,0.017769688740372658,0.0030902891885489225,0.05696861073374748,0.04328204691410065,-0.004341260530054569,0.13769398629665375,0.049394723027944565,-0.004937514662742615,0.15833047032356262,-0.015318996272981167,0.007158615626394749,0.11945413053035736,-0.016371773555874825,-0.027735518291592598,0.11694544553756714,-0.016371769830584526,-0.027735497802495956,0.11694545298814774,-0.0148212481290102,-0.057678863406181335,0.11594989150762558,0.08018624037504196,-0.022781578823924065,0.0907851904630661,0.07401847839355469,-0.057225294411182404,0.0900164470076561,0.07401849329471588,-0.05722527205944061,0.0900164470076561,0.05935119092464447,-0.08192815631628036,0.09865573793649673
81,-0.029699033126235008,-0.004095202311873436,0.030850961804389954,-0.04061149060726166,0.0006272171158343554,0.010791623033583164,-0.017965268343687057,0.003804126288741827,0.044990237802267075,-0.029699036851525307,-0.004095206968486309,0.030850954353809357,0.04710755497217178,-0.019985338672995567,0.01351655088365078,0.05694585666060448,0.000749305821955204,0.009387564845383167,0.036914847791194916,-0.015324033796787262,0.030080989003181458,0.04710756242275238,-0.019985340535640717,0.013516545295715332,0.012036855332553387,0.00024850619956851006,0.039257749915122986,0.017786499112844467,0.0031807005871087313,0.056659940630197525,0.043656375259160995,-0.0035339458845555782,0.13734300434589386,0.049929287284612656,-0.003992544952780008,0.15793487429618835,-0.014888493344187737,0.00862487405538559,0.11930283159017563,-0.017229441553354263,-0.026225700974464417,0.11707592755556107,-0.017229445278644562,-0.026225682348012924,0.11707592755556107,-0.01646425947546959,-0.05620961636304855,0.11646157503128052,0.07998818159103394,-0.02300393395125866,0.09041965752840042,0.07240214943885803,-0.05716875195503235,0.08995217829942703,0.07240215688943863,-0.05716872960329056,0.08995218575000763,0.05713416263461113,-0.08151601999998093,0.09856016933917999
82,-0.0297835785895586,-0.004114246927201748,0.030908092856407166,-0.040628574788570404,0.0005819797515869141,0.010806065052747726,-0.01799156703054905,0.003878640476614237,0.04494597390294075,-0.0297835823148489,-0.004114250652492046,0.030908087268471718,0.047054171562194824,-0.02002093568444252,0.013333494774997234,0.056969594210386276,0.0007126126438379288,0.0093875452876091,0.03678349405527115,-0.015415617264807224,0.02986540086567402,0.04705417528748512,-0.02002093568444252,0.01333349384367466,0.011977404356002808,0.00024174805730581284,0.039092328399419785,0.01781132072210312,0.0032317594159394503,0.05645659565925598,0.04396906867623329,-0.0027629320975393057,0.13711296021938324,0.05037079378962517,-0.0031056352891027927,0.1576673835515976,-0.014461575075984001,0.010157993994653225,0.11918339878320694,-0.01820685714483261,-0.024577373638749123,0.117078997194767,-0.018206853419542313,-0.02457735314965248,0.1170790046453476,-0.018164925277233124,-0.05457599461078644,0.11679716408252716,0.07975545525550842,-0.023213261738419533,0.09019912779331207,0.07089600712060928,-0.05707161873579025,0.08984799683094025,0.07089601457118988,-0.05707160383462906,0.08984799683094025,0.0549975223839283,-0.08101505041122437,0.09844733774662018
83,-0.029883205890655518,-0.004059485159814358,0.031067268922924995,-0.04064597189426422,0.00047882203944027424,0.010884935036301613,-0.017991652712225914,0.00402590399608016,0.04496752843260765,-0.029883213341236115,-0.004059488885104656,0.031067263334989548,0.046981021761894226,-0.020038358867168427,0.013236419297754765,0.05700097978115082,0.0006631398573517799,0.009387470781803131,0.03664883226156235,-0.015549890697002411,0.029762130230665207,0.046981025487184525,-0.020038360729813576,0.013236414641141891,0.011942209675908089,0.00024060392752289772,0.03902895748615265,0.017843909561634064,0.0032458333298563957,0.056367676705121994,0.044237297028303146,-0.002044388558715582,0.13700558245182037,0.05073653534054756,-0.0022908628452569246,0.1575307846069336,-0.01402934268116951,0.011705276556313038,0.11911468207836151,-0.019304046407341957,-0.022826148197054863,0.11693278700113297,-0.01930404268205166,-0.022826123982667923,0.11693279445171356,-0.019884895533323288,-0.052820488810539246,0.11692307144403458,0.07951360195875168,-0.023412132635712624,0.0901215523481369,0.06952813267707825,-0.05695469677448273,0.08968627452850342,0.06952814012765884,-0.056954674422740936,0.08968627452850342,0.052969273179769516,-0.08044237643480301,0.09829625487327576
84,-0.02999025397002697,-0.003933055326342583,0.03131760656833649,-0.0406608022749424,0.0003222287632524967,0.011024951934814453,-0.017972655594348907,0.004229663405567408,0.04506341367959976,-0.029990259557962418,-0.003933057654649019,0.03131760284304619,0.0468994602560997,-0.020037636160850525,0.013237515464425087,0.05703689530491829,0.0006063841283321381,0.009387454017996788,0.03651284798979759,-0.015707245096564293,0.029771290719509125,0.0468994677066803,-0.020037636160850525,0.013237514533102512,0.01192539930343628,0.0002477699890732765,0.039073240011930466,0.017877619713544846,0.003224852029234171,0.05639953911304474,0.04448340833187103,-0.0014033617917448282,0.13701610267162323,0.05105390399694443,-0.0015743514522910118,0.1575193852186203,-0.013584772124886513,0.013202425092458725,0.11912551522254944,-0.020524635910987854,-0.021011296659708023,0.116623155772686,-0.020524632185697556,-0.021011274307966232,0.1166231632232666,-0.021571092307567596,-0.050992369651794434,0.11681901663541794,0.07929190248250961,-0.023591406643390656,0.09016714245080948,0.06833836436271667,-0.056825004518032074,0.08942576497793198,0.06833837926387787,-0.05682498589158058,0.08942577242851257,0.05108833685517311,-0.0797964334487915,0.09807147085666656
85,-0.030094094574451447,-0.0037468159571290016,0.031635310500860214,-0.04067325219511986,0.0001150339376181364,0.011216510087251663,-0.017948344349861145,0.0044621811248362064,0.04524019733071327,-0.030094102025032043,-0.0037468187510967255,0.031635306775569916,0.04682021215558052,-0.02001960575580597,0.013343408703804016,0.057074278593063354,0.0005466379225254059,0.00938740000128746,0.03637783229351044,-0.01585756614804268,0.02988528460264206,0.04682021960616112,-0.02001960389316082,0.013343406841158867,0.011915759183466434,0.0002660676836967468,0.0392269529402256,0.0178995244204998,0.0031700097024440765,0.056554801762104034,0.04472433775663376,-0.0008677714504301548,0.1371362954378128,0.051347434520721436,-0.0009871730580925941,0.15762300789356232,-0.013130055740475655,0.014581980183720589,0.11924498528242111,-0.02187780663371086,-0.01916535757482052,0.11614726483821869,-0.021877799183130264,-0.019165337085723877,0.11614726483821869,-0.02316715195775032,-0.0491357296705246,0.11648191511631012,0.07911709696054459,-0.02372869849205017,0.09030520915985107,0.06737302243709564,-0.05667420104146004,0.0890120193362236,0.06737302243709564,-0.056674182415008545,0.0890120267868042,0.04940137267112732,-0.0790557861328125,0.09773456305265427
86,-0.030185289680957794,-0.0035245507024228573,0.031988900154829025,-0.04068652167916298,-0.00014107138849794865,0.011445384472608566,-0.017936959862709045,0.004688233602792025,0.04549921303987503,-0.030185293406248093,-0.0035245544277131557,0.03198889642953873,0.04675082489848137,-0.019984737038612366,0.013551997020840645,0.057111337780952454,0.00048672687262296677,0.00938725471496582,0.036247629672288895,-0.015966372564435005,0.030090900138020515,0.04675082862377167,-0.019984737038612366,0.013551995158195496,0.011899302713572979,0.0002972404472529888,0.03948691487312317,0.017892738804221153,0.0030815061181783676,0.056831054389476776,0.04496210440993309,-0.0004640105180442333,0.13735705614089966,0.05162614583969116,-0.0005599663127213717,0.1578305959701538,-0.012681481428444386,0.015783047303557396,0.11949276924133301,-0.02337944507598877,-0.01730392873287201,0.11551690101623535,-0.023379437625408173,-0.01730390638113022,0.11551690846681595,-0.024624239653348923,-0.047275252640247345,0.1159273162484169,0.07900721579790115,-0.02379198558628559,0.09050266444683075,0.06667697429656982,-0.05647991597652435,0.08838937431573868,0.06667698174715042,-0.05647989362478256,0.08838938176631927,0.047955889254808426,-0.07818099856376648,0.09725406020879745
87,-0.030257340520620346,-0.003299298696219921,0.03234390541911125,-0.0407053641974926,-0.0004433675203472376,0.011693427339196205,-0.01795637048780918,0.004870190750807524,0.04583262279629707,-0.030257346108555794,-0.0032993010245263577,0.032343897968530655,0.04669462889432907,-0.019933387637138367,0.013850720599293709,0.057147495448589325,0.0004278765991330147,0.009387223049998283,0.03612888604402542,-0.016003865748643875,0.03037111833691597,0.04669463634490967,-0.019933387637138367,0.01385071873664856,0.011863586492836475,0.00033963192254304886,0.039843007922172546,0.017841164022684097,0.0029576034285128117,0.05721849203109741,0.04518325999379158,-0.00021194282453507185,0.13766808807849884,0.05188153684139252,-0.0003164741210639477,0.15813040733337402,-0.012265118770301342,0.016761865466833115,0.11986871808767319,-0.025047358125448227,-0.01541764847934246,0.1147603914141655,-0.02504735440015793,-0.015417627990245819,0.1147603988647461,-0.02590702287852764,-0.04540222883224487,0.11518906056880951,0.07896638661623001,-0.023746101185679436,0.09072728455066681,0.06628459692001343,-0.05620872974395752,0.08750984817743301,0.06628460437059402,-0.056208714842796326,0.08750985562801361,0.04679207503795624,-0.07711806148290634,0.09661149978637695
88,-0.030312329530715942,-0.0031184926629066467,0.03267576918005943,-0.0407337062060833,-0.0007883020443841815,0.011945970356464386,-0.01801961101591587,0.004965991247445345,0.046223096549510956,-0.03031233325600624,-0.0031184968538582325,0.032675765454769135,0.04665160924196243,-0.019868873059749603,0.01421478670090437,0.05718384310603142,0.00036804936826229095,0.009387249127030373,0.03602858632802963,-0.015960901975631714,0.030703529715538025,0.04665161296725273,-0.019868873059749603,0.014214782044291496,0.011800235137343407,0.0003786231391131878,0.04027632623910904,0.017734434455633163,0.0027855392545461655,0.05769713222980499,0.04536068066954613,-0.00013145338743925095,0.13805577158927917,0.052087556570768356,-0.000279000261798501,0.15850843489170074,-0.011909863911569118,0.017490869387984276,0.12034279853105545,-0.026894230395555496,-0.0134798064827919,0.11391723901033401,-0.0268942229449749,-0.01347978413105011,0.11391723901033401,-0.02699545957148075,-0.04347700998187065,0.11431193351745605,0.07898344099521637,-0.023570353165268898,0.09095212072134018,0.0662139505147934,-0.05583007633686066,0.08634214848279953,0.06621396541595459,-0.055830057710409164,0.08634215593338013,0.04593623802065849,-0.07581263035535812,0.09580311179161072
89,-0.03038404881954193,-0.0030018812976777554,0.03298298269510269,-0.04075966775417328,-0.0010600528912618756,0.012190312147140503,-0.018159888684749603,0.004980566445738077,0.046652309596538544,-0.03038405254483223,-0.003001885022968054,0.03298297896981239,0.04660060256719589,-0.019783293828368187,0.014632364735007286,0.05722403898835182,0.0003014765679836273,0.009387275204062462,0.03592454269528389,-0.015805725008249283,0.03107013925909996,0.04660060629248619,-0.019783293828368187,0.014632363803684711,0.011678501032292843,0.0004335944540798664,0.040767837315797806,0.017542192712426186,0.0025886676739901304,0.05824540555477142,0.04543369263410568,-0.0001989939482882619,0.13850989937782288,0.05218183621764183,-0.00042548379860818386,0.15895484387874603,-0.011666271835565567,0.018005285412073135,0.12086516618728638,-0.028944946825504303,-0.011409232392907143,0.11303985118865967,-0.028944937512278557,-0.0114092156291008,0.11303985863924026,-0.027908682823181152,-0.041389696300029755,0.1133507639169693,0.07900230586528778,-0.02321958914399147,0.0911601334810257,0.06643261015415192,-0.05527514964342117,0.0848795622587204,0.06643261760473251,-0.05527513474225998,0.0848795622587204,0.04536748677492142,-0.07417077571153641,0.09484020620584488
90,-0.030420493334531784,-0.0029085534624755383,0.03322823718190193,-0.0408109650015831,-0.001375550520606339,0.012408838607370853,-0.018319636583328247,0.00490091135725379,0.04710560664534569,-0.03042050078511238,-0.002908556256443262,0.03322823345661163,0.04656711593270302,-0.019697871059179306,0.015083570964634418,0.05727311968803406,0.00021946709603071213,0.009387342259287834,0.03587670996785164,-0.015551157295703888,0.03147013485431671,0.04656711965799332,-0.019697871059179306,0.01508356910198927,0.011556355282664299,0.0004916898906230927,0.041307754814624786,0.017322393134236336,0.00235974439419806,0.0588507205247879,0.04541543871164322,-0.0004249450284987688,0.13903404772281647,0.05217209458351135,-0.00076882797293365,0.15947453677654266,-0.011498632840812206,0.018325328826904297,0.12137939035892487,-0.031123317778110504,-0.0091573316603899,0.1121828481554985,-0.031123314052820206,-0.009157314896583557,0.1121828556060791,-0.0285954549908638,-0.03905009478330612,0.11235837638378143,0.07903040200471878,-0.022698644548654556,0.09135551750659943,0.06696315109729767,-0.05451139062643051,0.08314990252256393,0.06696315854787827,-0.05451137572526932,0.08314990997314453,0.04512335732579231,-0.0721377581357956,0.09374862909317017
91,-0.03044833429157734,-0.002874004654586315,0.03342358395457268,-0.040878791362047195,-0.001709673786535859,0.012600302696228027,-0.018513906747102737,0.00474093621596694,0.04755093902349472,-0.030448341742157936,-0.0028740079142153263,0.03342358022928238,0.04653451219201088,-0.019612155854701996,0.015554189682006836,0.05733655393123627,0.0001122867688536644,0.009387487545609474,0.03586359694600105,-0.015199815854430199,0.03188399598002434,0.04653451591730118,-0.019612155854701996,0.015554187819361687,0.011416596360504627,0.000557570718228817,0.04186800494790077,0.017059609293937683,0.0021070451475679874,0.059481870383024216,0.045231617987155914,-0.0008225569035857916,0.13961750268936157,0.05197380855679512,-0.0013289842754602432,0.16005939245224,-0.011447485536336899,0.018483083695173264,0.1218007355928421,-0.03340817615389824,-0.0066850557923316956,0.11134633421897888,-0.03340815752744675,-0.006685046479105949,0.11134634166955948,-0.029091227799654007,-0.03637280687689781,0.11133068054914474,0.0789823979139328,-0.022021714597940445,0.09153470396995544,0.06772513687610626,-0.05350324511528015,0.08118146657943726,0.06772514432668686,-0.05350323021411896,0.08118148148059845,0.0451417900621891,-0.06966668367385864,0.0925275981426239
92,-0.03047495149075985,-0.002904538530856371,0.03357061371207237,-0.04096294939517975,-0.0020564261358231306,0.01276096235960722,-0.018731461837887764,0.0045153736136853695,0.0479593351483345,-0.030474955216050148,-0.0029045422561466694,0.033570606261491776,0.04650068283081055,-0.019530892372131348,0.016032734885811806,0.05741705372929573,-2.5997869670391083e-05,0.009387604892253876,0.03588643670082092,-0.014762824401259422,0.032299358397722244,0.04650068283081055,-0.019530894234776497,0.016032731160521507,0.011267412453889847,0.0006311549805104733,0.04242655634880066,0.01676230877637863,0.0018308872822672129,0.060114387422800064,0.04481886699795723,-0.0014427946880459785,0.1402587741613388,0.051508352160453796,-0.0021706121042370796,0.16071130335330963,-0.011534323915839195,0.018480665981769562,0.12205346673727036,-0.035734131932258606,-0.004002142697572708,0.11048219352960587,-0.03573412075638771,-0.004002131521701813,0.11048220098018646,-0.029415324330329895,-0.03332793712615967,0.11021886765956879,0.07878779619932175,-0.021234918385744095,0.09171073883771896,0.06864328682422638,-0.0522364042699337,0.07902222871780396,0.06864328682422638,-0.05223638564348221,0.07902222871780396,0.04536888003349304,-0.06675411015748978,0.09116871654987335
93,-0.030512578785419464,-0.003018477465957403,0.0336739718914032,-0.04106432944536209,-0.002408643253147602,0.012888220138847828,-0.01896369270980358,0.0042396471835672855,0.04830075055360794,-0.030512582510709763,-0.0030184807255864143,0.0336739644408226,0.04646505042910576,-0.019454501569271088,0.016509901732206345,0.05751270800828934,-0.0001933882012963295,0.00938778929412365,0.03594445064663887,-0.014248195104300976,0.03270282596349716,0.04646505415439606,-0.019454501569271088,0.016509896144270897,0.011114407330751419,0.0007137386128306389,0.042961522936820984,0.016435017809271812,0.0015294910408556461,0.06072435900568962,0.04410539194941521,-0.0023684226907789707,0.14095300436019897,0.05068528279662132,-0.003397254040464759,0.16142810881137848,-0.011785035952925682,0.01828683353960514,0.12207571417093277,-0.038018058985471725,-0.0011654505506157875,0.10948846489191055,-0.03801804035902023,-0.0011654375120997429,0.10948848724365234,-0.029588451609015465,-0.029951471835374832,0.10893574357032776,0.07837569713592529,-0.020401934161782265,0.09190152585506439,0.06963207572698593,-0.05070541799068451,0.07672755420207977,0.06963207572698593,-0.050705403089523315,0.07672756910324097,0.045742910355329514,-0.06343892961740494,0.0896567553281784
94,-0.030572455376386642,-0.0032469271682202816,0.033736929297447205,-0.04117560014128685,-0.0027566622011363506,0.012974183075129986,-0.019207561388611794,0.003929156344383955,0.048547156155109406,-0.03057246282696724,-0.0032469299621880054,0.033736925572156906,0.04642655700445175,-0.019373079761862755,0.01697738841176033,0.05761324241757393,-0.0003724214620888233,0.009388018399477005,0.03603363782167435,-0.013653762638568878,0.03307944908738136,0.04642656072974205,-0.019373081624507904,0.016977380961179733,0.010957790538668633,0.0008117831312119961,0.04345157742500305,0.016077252104878426,0.0012053896207362413,0.06128774210810661,0.04302622750401497,-0.003691740334033966,0.14168140292167664,0.049421753734350204,-0.00512540340423584,0.16219055652618408,-0.012221361510455608,0.01785006932914257,0.12182970345020294,-0.04016147181391716,0.0017364714294672012,0.10823910683393478,-0.04016145318746567,0.0017364788800477982,0.10823912173509598,-0.029621930792927742,-0.02633855864405632,0.10739631205797195,0.07768990099430084,-0.01958281174302101,0.09212320297956467,0.07061036676168442,-0.048897162079811096,0.0743594542145729,0.07061037421226501,-0.0488971471786499,0.0743594765663147,0.04620658606290817,-0.05979062616825104,0.08798982203006744
95,-0.030664609745144844,-0.00362896965816617,0.03376081585884094,-0.04129932075738907,-0.0030908812768757343,0.013015402480959892,-0.019463682547211647,0.0035931209567934275,0.048673249781131744,-0.030664611607789993,-0.0036289729177951813,0.033760808408260345,0.046384941786527634,-0.019278675317764282,0.01742817647755146,0.0577089786529541,-0.0005466132424771786,0.009388191625475883,0.03614792227745056,-0.01297144778072834,0.03341010585427284,0.046384941786527634,-0.019278675317764282,0.017428172752261162,0.010793756693601608,0.0009324862621724606,0.043873291462659836,0.01568763516843319,0.0008655646815896034,0.061776868999004364,0.041545651853084564,-0.0054868413135409355,0.14239716529846191,0.047669969499111176,-0.007450005039572716,0.1629452258348465,-0.012847727164626122,0.017118506133556366,0.12130311876535416,-0.04205332696437836,0.004600543528795242,0.10662880539894104,-0.042053304612636566,0.004600547254085541,0.10662881284952164,-0.029508110135793686,-0.02262965962290764,0.105564184486866,0.07670363038778305,-0.018817562609910965,0.09237870573997498,0.07151331752538681,-0.04678378254175186,0.07198378443717957,0.07151332497596741,-0.04678376764059067,0.07198380678892136,0.046715714037418365,-0.055897872895002365,0.08619684725999832
96,-0.03078368678689003,-0.004191129468381405,0.033735960721969604,-0.041438374668359756,-0.0034045279026031494,0.013008744455873966,-0.019730940461158752,0.0032398204784840345,0.048656344413757324,-0.03078368864953518,-0.004191133193671703,0.03373595327138901,0.04633964225649834,-0.019166842103004456,0.017856575548648834,0.057792771607637405,-0.0007038754411041737,0.009388403035700321,0.03628210350871086,-0.01218813844025135,0.03367249667644501,0.04633963853120804,-0.019166845828294754,0.017856566235423088,0.010619264096021652,0.0010869083926081657,0.04419974982738495,0.015270250849425793,0.0005301542114466429,0.062159452587366104,0.03967727720737457,-0.007768009789288044,0.1430206000804901,0.04544147849082947,-0.01039454061537981,0.16359873116016388,-0.013641893863677979,0.01607685349881649,0.12050484865903854,-0.04346931353211403,0.006964605301618576,0.10462107509374619,-0.04346928745508194,0.0069646090269088745,0.10462109744548798,-0.02920815348625183,-0.019404321908950806,0.10348153859376907,0.07543108612298965,-0.018107935786247253,0.09265457093715668,0.07229942828416824,-0.04432033374905586,0.0696740448474884,0.07229942828416824,-0.04432031884789467,0.0696740597486496,0.04723937436938286,-0.051846943795681,0.08434861153364182
97,-0.030904939398169518,-0.00492475088685751,0.033639952540397644,-0.04159461706876755,-0.003696359694004059,0.012952262535691261,-0.02000177651643753,0.0028799993451684713,0.048479318618774414,-0.030904944986104965,-0.004924754146486521,0.033639948815107346,0.0462866835296154,-0.019031712785363197,0.01825556717813015,0.057859040796756744,-0.0008322412613779306,0.009388528764247894,0.03643307834863663,-0.011297171004116535,0.03384668380022049,0.046286690980196,-0.019031714648008347,0.018255557864904404,0.010436378419399261,0.0012867236509919167,0.044403597712516785,0.014838825911283493,0.00023316685110330582,0.06240362673997879,0.03748921677470207,-0.010461541824042797,0.14345364272594452,0.042813293635845184,-0.013875686563551426,0.16403473913669586,-0.014557364396750927,0.014773073606193066,0.11945983022451401,-0.04447636380791664,0.009092720225453377,0.10220906883478165,-0.04447634518146515,0.009092720225453377,0.10220907628536224,-0.028726307675242424,-0.016422495245933533,0.10125541687011719,0.07392585277557373,-0.017418522387742996,0.09292984753847122,0.07294588536024094,-0.041466645896434784,0.06751863658428192,0.07294588536024094,-0.04146663472056389,0.06751865893602371,0.047749098390340805,-0.047716110944747925,0.0825541540980339
98,-0.03099786303937435,-0.005790736526250839,0.033447228372097015,-0.04176667705178261,-0.003967932425439358,0.012844586744904518,-0.020262649282813072,0.002527720993384719,0.048129137605428696,-0.0309978649020195,-0.005790739320218563,0.03344722092151642,0.046217337250709534,-0.01887328363955021,0.018612327054142952,0.05790617689490318,-0.0009272419847548008,0.009388711303472519,0.0365971103310585,-0.01031723152846098,0.033917397260665894,0.04621734097599983,-0.018873287364840508,0.018612321466207504,0.010252390056848526,0.001535532996058464,0.04445773735642433,0.014413658529520035,1.4115357771515846e-05,0.06248166039586067,0.03508788347244263,-0.01340301800519228,0.1436060220003128,0.039908915758132935,-0.017697365954518318,0.16414622962474823,-0.015537649393081665,0.013324336148798466,0.11820017546415329,-0.04503272846341133,0.0110592907294631,0.09949426352977753,-0.045032717287540436,0.011059288866817951,0.09949427098035812,-0.028078606352210045,-0.013686171732842922,0.09902571141719818,0.07226617634296417,-0.016699306666851044,0.0931868702173233,0.073435477912426,-0.03823001682758331,0.0656176209449768,0.073435477912426,-0.03823000565171242,0.0656176432967186,0.048202939331531525,-0.0435868576169014,0.080935038626194
99,-0.03104390576481819,-0.0067286561243236065,0.03314293548464775,-0.04194759577512741,-0.0042157163843512535,0.012684354558587074,-0.020495587959885597,0.0022066838573664427,0.04759605973958969,-0.03104390762746334,-0.006728659383952618,0.033142928034067154,0.04612278938293457,-0.018702058121562004,0.018903592601418495,0.057936593890190125,-0.0009914180263876915,0.009388760663568974,0.036769524216651917,-0.009301907382905483,0.033875349909067154,0.04612279310822487,-0.018702059984207153,0.018903588876128197,0.010080083273351192,0.0018263263627886772,0.044338010251522064,0.01401631347835064,-9.114714339375496e-05,0.06237469241023064,0.03258272260427475,-0.01636718213558197,0.14342628419399261,0.03685561567544937,-0.02158556878566742,0.16387367248535156,-0.016535548493266106,0.011899367906153202,0.1167595311999321,-0.04513366147875786,0.012916660867631435,0.09660724550485611,-0.04513365030288696,0.012916658073663712,0.0966072604060173,-0.027324825525283813,-0.011223777197301388,0.09689754992723465,0.07053402811288834,-0.015918118879199028,0.0934213250875473,0.07374879717826843,-0.034704867750406265,0.06406616419553757,0.07374879717826843,-0.03470485657453537,0.06406618654727936,0.04853985458612442,-0.03956105187535286,0.07958795130252838
100,-0.031024374067783356,-0.007663337513804436,0.0327192097902298,-0.04212436079978943,-0.004423880949616432,0.012469391338527203,-0.020681386813521385,0.0019569196738302708,0.04687806963920593,-0.031024379655718803,-0.007663339376449585,0.0327192060649395,0.046000886708498,-0.018540404736995697,0.019099578261375427,0.057954031974077225,-0.0010307346237823367,0.009388839825987816,0.03694723919034004,-0.008332113735377789,0.03372223302721977,0.046000886708498,-0.018540408462285995,0.01909957081079483,0.009937189519405365,0.0021459823474287987,0.044032320380210876,0.013663548044860363,-5.9818150475621223e-05,0.06208062916994095,0.03004583530128002,-0.019134052097797394,0.14292073249816895,0.033735308796167374,-0.02526850253343582,0.1632269024848938,-0.017528971657156944,0.010673954151570797,0.11517627537250519,-0.04484031721949577,0.014733167365193367,0.09366778284311295,-0.04484029859304428,0.01473315991461277,0.09366779774427414,-0.026562025770545006,-0.009023520164191723,0.09490257501602173,0.06879637390375137,-0.015093229711055756,0.09364739805459976,0.07386824488639832,-0.03108726069331169,0.06293144822120667,0.07386823743581772,-0.031087253242731094,0.06293147057294846,0.04868943616747856,-0.035771701484918594,0.07855464518070221
101,-0.030949808657169342,-0.00858005229383707,0.03217832371592522,-0.04229377955198288,-0.004563815891742706,0.01220475509762764,-0.020831642672419548,0.0018215945456176996,0.04594162851572037,-0.03094981051981449,-0.008580056950449944,0.03217831626534462,0.045852042734622955,-0.018421335145831108,0.01915585622191429,0.05796234309673309,-0.0010514439782127738,0.009388959966599941,0.03710814192891121,-0.007499323692172766,0.033447593450546265,0.045852046459913254,-0.018421337008476257,0.019155852496623993,0.0098166074603796,0.002473654691129923,0.04351453110575676,0.013331379741430283,0.00010087480768561363,0.06158408522605896,0.02745368331670761,-0.021576769649982452,0.14210794866085052,0.03052089922130108,-0.028582029044628143,0.1622350960969925,-0.0185604989528656,0.009762939065694809,0.11346092820167542,-0.044298868626356125,0.01654752530157566,0.09073413908481598,-0.04429884999990463,0.016547517850995064,0.09073414653539658,-0.025930503383278847,-0.007066566497087479,0.09296533465385437,0.06706241518259048,-0.014318722300231457,0.09385949373245239,0.07376016676425934,-0.027657337486743927,0.06220158562064171,0.07376016676425934,-0.02765733189880848,0.0622016116976738,0.04856080561876297,-0.03238656744360924,0.07777806371450424
102,-0.030814526602625847,-0.009361124597489834,0.031540848314762115,-0.04245055839419365,-0.004601598251610994,0.011901366524398327,-0.020926423370838165,0.001851725159212947,0.04482607915997505,-0.030814532190561295,-0.009361128322780132,0.03154084086418152,0.04569811373949051,-0.018366191536188126,0.019071483984589577,0.05796365812420845,-0.0010579287772998214,0.009389279410243034,0.0372660793364048,-0.006863715127110481,0.033092670142650604,0.04569811746478081,-0.018366195261478424,0.01907147467136383,0.009745171293616295,0.0028011552058160305,0.042830292135477066,0.013030432164669037,0.00036352535244077444,0.06093436852097511,0.02477453276515007,-0.023694930598139763,0.14106324315071106,0.027166733518242836,-0.03151322156190872,0.1609814614057541,-0.01965165138244629,0.009187677875161171,0.11167122423648834,-0.04363908991217613,0.018350020051002502,0.08788769692182541,-0.043639082461595535,0.018350010737776756,0.0878877118229866,-0.025507479906082153,-0.005344894248992205,0.09101755917072296,0.06536391377449036,-0.013738051988184452,0.0941014513373375,0.07346644997596741,-0.024706630036234856,0.06186728924512863,0.07346644252538681,-0.024706624448299408,0.061867304146289825,0.048142943531274796,-0.02957160398364067,0.07719872891902924
103,-0.03063144162297249,-0.009900038130581379,0.030830202624201775,-0.04257875308394432,-0.004454669542610645,0.011559253558516502,-0.02094455249607563,0.002076552016660571,0.043586596846580505,-0.030631443485617638,-0.009900040924549103,0.030830195173621178,0.04556790366768837,-0.018377339467406273,0.018879573792219162,0.05795884504914284,-0.0010519184870645404,0.009389623068273067,0.03744503855705261,-0.006434243638068438,0.032713644206523895,0.04556790366768837,-0.01837734319269657,0.018879568204283714,0.009750055149197578,0.0031295553781092167,0.04204921796917915,0.012773191556334496,0.0006844220915809274,0.060197897255420685,0.021968843415379524,-0.025594856590032578,0.13984869420528412,0.02361925318837166,-0.03417649865150452,0.15952648222446442,-0.020823700353503227,0.008870869874954224,0.10986382514238358,-0.04299069568514824,0.020070631057024002,0.08520229160785675,-0.042990680783987045,0.020070619881153107,0.08520230650901794,-0.025329483672976494,-0.003880471223965287,0.08900053799152374,0.0637257993221283,-0.013500389643013477,0.09441804140806198,0.07306274026632309,-0.02249044179916382,0.06190647929906845,0.07306273281574249,-0.02249044179916382,0.06190649792551994,0.047476399689912796,-0.027494877576828003,0.0767488032579422
104,-0.030429327860474586,-0.010245154611766338,0.030070770531892776,-0.04266525059938431,-0.004083494655787945,0.01120077632367611,-0.02093997225165367,0.0024699175264686346,0.04224776476621628,-0.030429329723119736,-0.010245159268379211,0.030070766806602478,0.04545813798904419,-0.01842978224158287,0.018617693334817886,0.057947829365730286,-0.0010336751583963633,0.009390122257173061,0.0376000702381134,-0.006180297117680311,0.03233632445335388,0.04545814171433449,-0.01842978596687317,0.01861768588423729,0.009778124280273914,0.003450592514127493,0.041214197874069214,0.01249722484499216,0.0010026234667748213,0.05941053107380867,0.01895444095134735,-0.027429265901446342,0.13846838474273682,0.019794654101133347,-0.03673854097723961,0.15786466002464294,-0.02216007187962532,0.008662814274430275,0.10805065184831619,-0.042549535632133484,0.021581288427114487,0.08270535618066788,-0.04254952445626259,0.02158127725124359,0.08270537108182907,-0.02547394298017025,-0.0027331423480063677,0.08685657382011414,0.06209443509578705,-0.01372021995484829,0.09480801224708557,0.07255753129720688,-0.021164866164326668,0.062248799949884415,0.07255752384662628,-0.021164866164326668,0.06224881485104561,0.04656487703323364,-0.02624414674937725,0.07634077221155167
105,-0.030193807557225227,-0.010440384969115257,0.02930615097284317,-0.04270090535283089,-0.0036278655752539635,0.010842050425708294,-0.02089209109544754,0.0029669799841940403,0.04086991399526596,-0.030193809419870377,-0.01044038962572813,0.029306143522262573,0.04539642110466957,-0.018501663580536842,0.01836063340306282,0.057930026203393936,-0.001002760836854577,0.00939056184142828,0.03776345029473305,-0.0060364059172570705,0.03201182559132576,0.04539642482995987,-0.01850166730582714,0.018360625952482224,0.009845211170613766,0.0037572772707790136,0.04039556160569191,0.012218056246638298,0.0012708103749901056,0.05863507091999054,0.015790574252605438,-0.029294902458786964,0.13695284724235535,0.015771282836794853,-0.039299625903367996,0.1560182422399521,-0.02364036627113819,0.008420603349804878,0.10626499354839325,-0.04241267219185829,0.022746767848730087,0.08043161779642105,-0.042412661015987396,0.022746756672859192,0.08043164014816284,-0.02591557241976261,-0.0019602410029619932,0.08460409194231033,0.06049922853708267,-0.014420641586184502,0.09528373181819916,0.07202856987714767,-0.020714903250336647,0.06284211575984955,0.07202856987714767,-0.020714903250336647,0.06284213066101074,0.04551152512431145,-0.02572379633784294,0.07594774663448334
106,-0.02990753948688507,-0.010520090349018574,0.02856326848268509,-0.04262235015630722,-0.0030775496270507574,0.010488320142030716,-0.02079044096171856,0.0034997835755348206,0.03953240066766739,-0.02990754507482052,-0.010520095005631447,0.02856326475739479,0.04539477825164795,-0.0185575969517231,0.018197020515799522,0.057905372232198715,-0.0009592302376404405,0.009390892460942268,0.03795912116765976,-0.005907345563173294,0.031786806881427765,0.04539477825164795,-0.018557600677013397,0.018197013065218925,0.009955266490578651,0.004061820451170206,0.039662789553403854,0.01195175014436245,0.001485510845668614,0.057934876531362534,0.01260423008352518,-0.031163116917014122,0.1353665590286255,0.011714933440089226,-0.04181646555662155,0.1540561318397522,-0.025210361927747726,0.008082414045929909,0.10454550385475159,-0.042638447135686874,0.023484330624341965,0.07839125394821167,-0.04263843595981598,0.02348431758582592,0.07839127629995346,-0.026611382141709328,-0.001571064698509872,0.08231060206890106,0.058984432369470596,-0.015506251715123653,0.09585200995206833,0.07152664661407471,-0.021054888144135475,0.06365096569061279,0.07152664661407471,-0.021054888144135475,0.06365098804235458,0.04442266374826431,-0.025837626308202744,0.07558831572532654
107,-0.029641499742865562,-0.01054029818624258,0.027856379747390747,-0.0425027497112751,-0.002470962470397353,0.010157897137105465,-0.020674454048275948,0.003975327592343092,0.03829135373234749,-0.02964150533080101,-0.010540302842855453,0.02785637229681015,0.045444194227457047,-0.018570896238088608,0.018173154443502426,0.05787404626607895,-0.000903455656953156,0.00939104426652193,0.03816339001059532,-0.005735930521041155,0.031673282384872437,0.04544420167803764,-0.018570901826024055,0.01817314699292183,0.010065077804028988,0.0043505835346877575,0.03904746100306511,0.011675514280796051,0.0016426348593086004,0.05733860656619072,0.009525366127490997,-0.032930608838796616,0.13379424810409546,0.007804839871823788,-0.04415588825941086,0.1520867943763733,-0.026825333014130592,0.007642779033631086,0.1029123067855835,-0.04327233508229256,0.02374272607266903,0.07654395699501038,-0.04327232763171196,0.023742709308862686,0.07654397189617157,-0.02754632756114006,-0.0015633883886039257,0.08005034923553467,0.057570528239011765,-0.01683368906378746,0.09649079293012619,0.07103690505027771,-0.02206292934715748,0.06461110711097717,0.07103689014911652,-0.02206292934715748,0.06461112946271896,0.0433504544198513,-0.026471374556422234,0.07528948038816452
108,-0.02923682890832424,-0.010492133907973766,0.027184762060642242,-0.042052291333675385,-0.0017127018654718995,0.009793723933398724,-0.020458253100514412,0.00438174931332469,0.03726961463689804,-0.02923683449625969,-0.010492140427231789,0.027184758335351944,0.0455746129155159,-0.018514370545744896,0.0183856263756752,0.0578363873064518,-0.0008363824454136193,0.00939102005213499,0.038475409150123596,-0.005430048797279596,0.03174233436584473,0.0455746203660965,-0.018514376133680344,0.018385622650384903,0.010261028073728085,0.0046706730499863625,0.038638368248939514,0.011501265689730644,0.001812700997106731,0.056935541331768036,0.0067969090305268764,-0.034391943365335464,0.13242684304714203,0.004322643857449293,-0.04607938975095749,0.15033957362174988,-0.02829691208899021,0.00721996184438467,0.10145608335733414,-0.04416555166244507,0.02359297312796116,0.07490212470293045,-0.04416554793715477,0.023592960089445114,0.07490213960409164,-0.028563471511006355,-0.0018456898396834731,0.07797622680664062,0.05641128867864609,-0.01818227954208851,0.09727009385824203,0.07066134363412857,-0.023536978289484978,0.0657539814710617,0.07066133618354797,-0.023536978289484978,0.0657540038228035,0.04245101660490036,-0.027444524690508842,0.07518316060304642
109,-0.029155900701880455,-0.01062226016074419,0.02663273736834526,-0.04209933802485466,-0.001414095051586628,0.009561118669807911,-0.020445533096790314,0.004539009183645248,0.03634178638458252,-0.029155902564525604,-0.010622267611324787,0.026632733643054962,0.04567977041006088,-0.018391786143183708,0.01867225207388401,0.05779355764389038,-0.000760059745516628,0.009390891529619694,0.03860188275575638,-0.005116738379001617,0.031850896775722504,0.04567977041006088,-0.018391789868474007,0.018672244623303413,0.010241796262562275,0.00487526087090373,0.03829268366098404,0.011142397299408913,0.0018740721279755235,0.05658679082989693,0.00422291923314333,-0.03555171191692352,0.1312440186738968,0.001098650973290205,-0.047564856708049774,0.14883683621883392,-0.029845714569091797,0.006756257731467485,0.10005909949541092,-0.04553263261914253,0.02294522523880005,0.07328523695468903,-0.045532625168561935,0.022945212200284004,0.07328525930643082,-0.029907913878560066,-0.0025168443098664284,0.07603337615728378,0.05524742603302002,-0.0195467472076416,0.0980498418211937,0.0700831189751625,-0.025469083338975906,0.06690774857997894,0.07008311152458191,-0.025469083338975906,0.06690777093172073,0.04144115746021271,-0.028785765171051025,0.07519257813692093
110,-0.029226047918200493,-0.010910159908235073,0.02620762772858143,-0.042359743267297745,-0.0014455507043749094,0.00942398700863123,-0.02055426873266697,0.004482043441385031,0.035582080483436584,-0.02922605350613594,-0.01091016735881567,0.02620762027800083,0.045776836574077606,-0.018187275156378746,0.019080795347690582,0.057747434824705124,-0.0006781247793696821,0.009390613064169884,0.03862553462386131,-0.004756282549351454,0.03206028789281845,0.045776840299367905,-0.018187278881669044,0.019080787897109985,0.01009135227650404,0.00500492611899972,0.03807281330227852,0.010691949166357517,0.0018814199138432741,0.05635875090956688,0.0018957299180328846,-0.03629784658551216,0.13039949536323547,-0.0017778626643121243,-0.04848901927471161,0.1477622240781784,-0.03134630247950554,0.0063614915125072,0.09879466891288757,-0.047181908041238785,0.021915853023529053,0.07173367589712143,-0.04718190059065819,0.02191583812236786,0.07173369824886322,-0.03144673630595207,-0.003491786541417241,0.07435214519500732,0.054163139313459396,-0.02080090343952179,0.09893105179071426,0.06935793161392212,-0.027693070471286774,0.06816389411687851,0.06935792416334152,-0.027693072333931923,0.0681639164686203,0.04038236290216446,-0.030372824519872665,0.07546016573905945
111,-0.029227595776319504,-0.011282939463853836,0.025924060493707657,-0.042454592883586884,-0.0015221162466332316,0.009385130368173122,-0.020630788058042526,0.004277583211660385,0.035087306052446365,-0.029227597638964653,-0.011282946914434433,0.025924060493707657,0.04591222107410431,-0.017881007865071297,0.019686570391058922,0.05770072713494301,-0.0005957453395240009,0.009390170685946941,0.038695357739925385,-0.00429948978126049,0.032471686601638794,0.04591222479939461,-0.017881011590361595,0.019686562940478325,0.009963159449398518,0.005117276683449745,0.0380767360329628,0.010302837938070297,0.0018936456181108952,0.056352004408836365,-8.221622556447983e-05,-0.036573801189661026,0.1300315409898758,-0.004221038892865181,-0.048798318952322006,0.1472657173871994,-0.032645344734191895,0.006117022596299648,0.09776308387517929,-0.04886656254529953,0.020627658814191818,0.0703529492020607,-0.04886655509471893,0.020627645775675774,0.07035297155380249,-0.0329943411052227,-0.004683053120970726,0.07308068126440048,0.053277235478162766,-0.021856091916561127,0.1000538319349289,0.06859835237264633,-0.03008444607257843,0.06968016922473907,0.06859833747148514,-0.03008444420993328,0.06968018412590027,0.039378128945827484,-0.032173041254282,0.07614676654338837
112,-0.029225409030914307,-0.011684222146868706,0.025705359876155853,-0.04249292239546776,-0.0016148113645613194,0.009385325014591217,-0.02070307545363903,0.0039348239079117775,0.03483855351805687,-0.029225414618849754,-0.011684228666126728,0.025705356150865555,0.0460624061524868,-0.017455557361245155,0.020457416772842407,0.057656992226839066,-0.0005194076802581549,0.009389559738337994,0.0387759767472744,-0.0037548185791820288,0.03307477384805679,0.0460624098777771,-0.017455562949180603,0.02045740932226181,0.00982690043747425,0.00520967785269022,0.0382920540869236,0.009940496645867825,0.001899425289593637,0.056554634124040604,-0.0018226008396595716,-0.03644288703799248,0.13011379539966583,-0.006366696674376726,-0.04857124388217926,0.14731375873088837,-0.03380214050412178,0.00599674740806222,0.09693858027458191,-0.05054115131497383,0.019125282764434814,0.06914561241865158,-0.05054115131497383,0.01912527158856392,0.06914563477039337,-0.03455813601613045,-0.006075411569327116,0.07222270220518112,0.05250836908817291,-0.022721488028764725,0.10144583880901337,0.06774665415287018,-0.0325128436088562,0.0714971199631691,0.06774664670228958,-0.0325128436088562,0.07149714231491089,0.03834985941648483,-0.03408386930823326,0.07727300375699997
113,-0.02925296127796173,-0.012082157656550407,0.025499073788523674,-0.04252815991640091,-0.001695363549515605,0.009385497309267521,-0.020781096071004868,0.003460292238742113,0.0348082073032856,-0.02925296314060688,-0.012082165107131004,0.025499073788523674,0.04621572047472,-0.016894645988941193,0.021365514025092125,0.057619210332632065,-0.0004543709219433367,0.009388766251504421,0.03884897381067276,-0.0031241229735314846,0.03385966643691063,0.0462157242000103,-0.01689465157687664,0.021365506574511528,0.009667986072599888,0.005280742887407541,0.03870317339897156,0.009583418257534504,0.0018861982971429825,0.05695043131709099,-0.003391877980902791,-0.03598934784531593,0.13059252500534058,-0.00829356350004673,-0.047912515699863434,0.14783771336078644,-0.03487134724855423,0.0059378622099757195,0.09630235284566879,-0.052177801728248596,0.017421409487724304,0.06813115626573563,-0.052177805453538895,0.01742139831185341,0.06813117116689682,-0.03614393621683121,-0.0076723843812942505,0.07176666706800461,0.05180491879582405,-0.023402001708745956,0.10310570895671844,0.0667794719338417,-0.034873586148023605,0.07362405955791473,0.06677945703268051,-0.03487358242273331,0.07362407445907593,0.0372561439871788,-0.03606918454170227,0.0788148045539856
114,-0.029311729595065117,-0.012469411827623844,0.025307217612862587,-0.04255376756191254,-0.001749561633914709,0.009385628625750542,-0.02085310034453869,0.0028576108161360025,0.03497851639986038,-0.029311737045645714,-0.012469418346881866,0.02530721388757229,0.04637690261006355,-0.01618778333067894,0.02238408848643303,0.05758921802043915,-0.00040333974175155163,0.00938794668763876,0.038915108889341354,-0.0024086071643978357,0.034812115132808685,0.04637690633535385,-0.016187788918614388,0.02238408476114273,0.009492953307926655,0.0053282747976481915,0.039296407252550125,0.009236595593392849,0.0018428004113957286,0.0575249120593071,-0.0048134163953363895,-0.03529869019985199,0.13140606880187988,-0.010032777674496174,-0.04693017154932022,0.14875690639019012,-0.03588394448161125,0.005865766666829586,0.09583866596221924,-0.053738683462142944,0.015511718578636646,0.06732261180877686,-0.053738683462142944,0.015511710196733475,0.06732262670993805,-0.037736788392066956,-0.009487208910286427,0.0716807171702385,0.05115625262260437,-0.023895958438515663,0.10502658784389496,0.06572597473859787,-0.03707181662321091,0.07605898380279541,0.06572595983743668,-0.03707181289792061,0.0760590061545372,0.03610926494002342,-0.03810377046465874,0.08072655647993088
115,-0.029406366869807243,-0.01283473800867796,0.025135571137070656,-0.0425591766834259,-0.0017573970835655928,0.009385659359395504,-0.02090848982334137,0.002134668407961726,0.03531903773546219,-0.029406370595097542,-0.012834745459258556,0.02513556368649006,0.0465550571680069,-0.015332995913922787,0.023475833237171173,0.05756709352135658,-0.0003662086674012244,0.009387029334902763,0.038971420377492905,-0.0016150131123140454,0.03589779883623123,0.046555064618587494,-0.01533300057053566,0.023475825786590576,0.009307410567998886,0.0053505199030041695,0.04004014655947685,0.008906860835850239,0.0017641510348767042,0.058246467262506485,-0.006091310176998377,-0.034437503665685654,0.13248127698898315,-0.011590731330215931,-0.045711275190114975,0.1499810665845871,-0.036865003407001495,0.005716757383197546,0.09552406519651413,-0.05519724264740944,0.013385580852627754,0.06671226024627686,-0.055197227746248245,0.013385571539402008,0.06671228259801865,-0.039326779544353485,-0.011536698788404465,0.07190927118062973,0.05056622996926308,-0.024191798642277718,0.10717307031154633,0.06462760269641876,-0.03903371840715408,0.078765369951725,0.06462759524583817,-0.039033710956573486,0.0787653923034668,0.03493998572230339,-0.04017429053783417,0.08293002843856812
116,-0.029507385566830635,-0.013176316395401955,0.024964075535535812,-0.04254869371652603,-0.0017306122463196516,0.00938576553016901,-0.02094845101237297,0.001307487371377647,0.03577907010912895,-0.029507393017411232,-0.013176321052014828,0.024964068084955215,0.04675428941845894,-0.014345319010317326,0.024586452171206474,0.05755181983113289,-0.00034086438245140016,0.009386037476360798,0.03900206461548805,-0.0007664356962777674,0.03705710172653198,0.04675429314374924,-0.014345323666930199,0.024586448445916176,0.009107185527682304,0.005342825315892696,0.040878668427467346,0.008591762743890285,0.0016478945035487413,0.05906037241220474,-0.007233770098537207,-0.03345374017953873,0.1337306648492813,-0.012976178899407387,-0.04432085528969765,0.15140874683856964,-0.03784174472093582,0.005448483861982822,0.09532137215137482,-0.05654381215572357,0.011034633964300156,0.06626918911933899,-0.05654379725456238,0.011034626513719559,0.06626921147108078,-0.04091886430978775,-0.013836107216775417,0.07237721234560013,0.05003291741013527,-0.02428301051259041,0.10947570204734802,0.06350794434547424,-0.040725722908973694,0.08167169243097305,0.06350792944431305,-0.0407257154583931,0.08167171478271484,0.03377137333154678,-0.042288634926080704,0.08531776070594788
117,-0.02961103804409504,-0.013487129472196102,0.024797089397907257,-0.04252596199512482,-0.0016777231357991695,0.00938586425036192,-0.020978273823857307,0.0004048629489261657,0.03630742430686951,-0.029611045494675636,-0.01348713506013155,0.02479708567261696,0.046972066164016724,-0.013252216391265392,0.02566097490489483,0.05754151567816734,-0.00032359015312977135,0.00938521046191454,0.03899028152227402,0.00010480321361683309,0.03822604939341545,0.04697206988930702,-0.013252221047878265,0.02566096931695938,0.008887726813554764,0.005303527228534222,0.04175318777561188,0.008287795819342136,0.0014984318986535072,0.059909552335739136,-0.008248237892985344,-0.03237852454185486,0.13507111370563507,-0.014196323230862617,-0.0428045317530632,0.15294577181339264,-0.038834039121866226,0.00504384795203805,0.0951988697052002,-0.05777605250477791,0.008458436466753483,0.06596631556749344,-0.05777604505419731,0.008458430878818035,0.06596633791923523,-0.042520977556705475,-0.016392270103096962,0.07301797717809677,0.049553219228982925,-0.024170320481061935,0.11185099929571152,0.062372807413339615,-0.042149681597948074,0.08469583839178085,0.06237279996275902,-0.04214967414736748,0.08469585329294205,0.03262200579047203,-0.04446854814887047,0.08778003603219986
118,-0.029719874262809753,-0.013764102943241596,0.024643203243613243,-0.04249725863337517,-0.001610226696357131,0.009385921061038971,-0.021007860079407692,-0.0005409381119534373,0.036859940737485886,-0.029719877988100052,-0.01376410759985447,0.024643195793032646,0.04719609022140503,-0.012086361646652222,0.02665252424776554,0.05753280594944954,-0.0003082423936575651,0.00938432291150093,0.03892161697149277,0.0009671372827142477,0.03934658691287041,0.04719609022140503,-0.01208636537194252,0.026652516797184944,0.008643479086458683,0.005234297830611467,0.04261112958192825,0.007989466190338135,0.0013256659731268883,0.060743629932403564,-0.009145732969045639,-0.031236227601766586,0.1364286094903946,-0.015262412838637829,-0.04120079055428505,0.15450839698314667,-0.039857808500528336,0.004498950205743313,0.0951303169131279,-0.05889762192964554,0.005655082408338785,0.06578494608402252,-0.05889761447906494,0.005655077751725912,0.06578496843576431,-0.044136084616184235,-0.019208604469895363,0.07377833873033524,0.04912040755152702,-0.023857880383729935,0.11421757936477661,0.06121557578444481,-0.0433257520198822,0.08776552975177765,0.06121557205915451,-0.04332574084401131,0.08776555210351944,0.03151164576411247,-0.04673796519637108,0.09022175520658493
119,-0.029846057295799255,-0.014024665579199791,0.024504253640770912,-0.04246857389807701,-0.0015398177783936262,0.009385937824845314,-0.021045910194516182,-0.0015080660814419389,0.037384163588285446,-0.029846059158444405,-0.01402466930449009,0.024504249915480614,0.04740782454609871,-0.010879391804337502,0.027529701590538025,0.05752241984009743,-0.0002882040571421385,0.00938352569937706,0.03878823295235634,0.0018007004400715232,0.040371738374233246,0.04740782827138901,-0.0108793955296278,0.027529694139957428,0.008369260467588902,0.005138628650456667,0.043400831520557404,0.007685824763029814,0.0011433111503720284,0.06151333823800087,-0.009925413876771927,-0.03004510886967182,0.1377391666173935,-0.01616682857275009,-0.03954104706645012,0.15602730214595795,-0.04093125835061073,0.003804275067523122,0.09509595483541489,-0.059928134083747864,0.0025986051186919212,0.06572477519512177,-0.059928130358457565,0.0025986013934016228,0.06572479754686356,-0.045758917927742004,-0.02230107970535755,0.07462641596794128,0.048731908202171326,-0.023333318531513214,0.1164843887090683,0.060030724853277206,-0.04426226764917374,0.09080720692873001,0.06003071367740631,-0.04426225647330284,0.0908072218298912,0.030475977808237076,-0.049104057252407074,0.09256044030189514
120,-0.029988577589392662,-0.014290387742221355,0.0243678018450737,-0.04244450852274895,-0.0014778298791497946,0.009386124089360237,-0.02109154500067234,-0.0024903607554733753,0.03784378990530968,-0.02998857945203781,-0.01429039053618908,0.024367794394493103,0.047591447830200195,-0.00965521577745676,0.028284354135394096,0.05751722678542137,-0.0002755360910668969,0.009382979944348335,0.03859340399503708,0.0025992621667683125,0.041279084980487823,0.047591451555490494,-0.009655220434069633,0.02828434854745865,0.008066854439675808,0.005019732750952244,0.044090185314416885,0.007370746228843927,0.0009666108526289463,0.062189359217882156,-0.01059668604284525,-0.0288239698857069,0.13895705342292786,-0.016917185857892036,-0.03785784915089607,0.15745095908641815,-0.042067524045705795,0.002943529048934579,0.09507696330547333,-0.06087185814976692,-0.0007486899849027395,0.06578931212425232,-0.06087184324860573,-0.0007486904505640268,0.06578932702541351,-0.04735074192285538,-0.025690527632832527,0.0755404457449913,0.04838129132986069,-0.022574659436941147,0.1185942217707634,0.058825865387916565,-0.044951990246772766,0.0937916561961174,0.05882585793733597,-0.04495197907090187,0.0937916710972786,0.02957671880722046,-0.051551464945077896,0.09475811570882797
121,-0.030135389417409897,-0.014578927308321,0.02421366609632969,-0.04243140295147896,-0.00143679219763726,0.009386165998876095,-0.021145636215806007,-0.0034821107983589172,0.038215272128582,-0.030135393142700195,-0.014578931033611298,0.02421366237103939,0.047752879559993744,-0.00840363372117281,0.02892596274614334,0.05750147998332977,-0.00023205485194921494,0.00938239973038435,0.03833697736263275,0.0033729630522429943,0.04206569120287895,0.04775288701057434,-0.008403637446463108,0.028925955295562744,0.007733214646577835,0.004889307077974081,0.04466217756271362,0.007030650973320007,0.0008214546833187342,0.06275779753923416,-0.011193615384399891,-0.0275664534419775,0.14005637168884277,-0.017551463097333908,-0.03615298494696617,0.158749520778656,-0.043282877653837204,0.001913038082420826,0.09505254775285721,-0.061688654124736786,-0.004610950592905283,0.066006600856781,-0.06168863922357559,-0.004610949195921421,0.0660066157579422,-0.048847321420907974,-0.029605399817228317,0.07651270180940628,0.04804147034883499,-0.02154180034995079,0.12052062153816223,0.05760159343481064,-0.04536499083042145,0.09672856330871582,0.05760158598423004,-0.04536497965455055,0.09672857820987701,0.028879573568701744,-0.05402732267975807,0.09682491421699524
122,-0.030281640589237213,-0.014904053881764412,0.024026982486248016,-0.04243074357509613,-0.0014202829916030169,0.009386288933455944,-0.021229151636362076,-0.004487872589379549,0.0385030172765255,-0.030281642451882362,-0.014904056675732136,0.02402697689831257,0.04782089591026306,-0.007166802883148193,0.029499603435397148,0.05739150568842888,-0.00014185847248882055,0.009429380297660828,0.03799653425812721,0.0041219196282327175,0.04276786372065544,0.04782089963555336,-0.007166806608438492,0.02949959971010685,0.007342898286879063,0.0047487374395132065,0.045132823288440704,0.006624393630772829,0.0007232208736240864,0.06323728710412979,-0.011784077621996403,-0.026264213025569916,0.14104893803596497,-0.018143439665436745,-0.03442071005702019,0.1599331647157669,-0.04461224377155304,0.0007097960915416479,0.09503321349620819,-0.06236851215362549,-0.00898139737546444,0.06647105515003204,-0.062368497252464294,-0.008981392718851566,0.06647107005119324,-0.0501970537006855,-0.03404967859387398,0.0775812640786171,0.04764937236905098,-0.0202124435454607,0.122269406914711,0.05632359907031059,-0.04547840729355812,0.09965545684099197,0.056323595345020294,-0.045478396117687225,0.09965547174215317,0.028419092297554016,-0.056462209671735764,0.09882263839244843
123,-0.030396565794944763,-0.015295775607228279,0.023777790367603302,-0.04244723170995712,-0.001459776540286839,0.00938650406897068,-0.021300559863448143,-0.005553258117288351,0.03868905454874039,-0.03039656952023506,-0.015295778401196003,0.023777786642313004,0.04784178361296654,-0.006250367034226656,0.03021346591413021,0.057315655052661896,-0.00026379124028608203,0.00976434163749218,0.03761453181505203,0.004787479992955923,0.04338803142309189,0.047841791063547134,-0.006250370759516954,0.030213458463549614,0.006936283782124519,0.004548967350274324,0.04549030587077141,0.006177572533488274,0.0006344073917716742,0.06361744552850723,-0.012380721978843212,-0.024949874728918076,0.14191900193691254,-0.01871737651526928,-0.0326901413500309,0.16098518669605255,-0.04601176455616951,-0.0006965759675949812,0.094996877014637,-0.06286206096410751,-0.013661159202456474,0.06719420850276947,-0.06286205351352692,-0.013661153614521027,0.06719422340393066,-0.05128378048539162,-0.03880907967686653,0.07874952256679535,0.04719870164990425,-0.018643414601683617,0.12382183969020844,0.05500847473740578,-0.0453357957303524,0.1025727167725563,0.05500847101211548,-0.04533578082919121,0.1025727316737175,0.028268126770853996,-0.05881936475634575,0.1007990688085556
124,-0.030445242300629616,-0.015718791633844376,0.023475974798202515,-0.04244185611605644,-0.0015125892823562026,0.009403740055859089,-0.021349173039197922,-0.0066050016321241856,0.03877957537770271,-0.030445246025919914,-0.015718795359134674,0.023475967347621918,0.047816839069128036,-0.005377292633056641,0.030842039734125137,0.05720772221684456,-0.000320246210321784,0.01010566484183073,0.037210483103990555,0.005406105425208807,0.043927282094955444,0.047816842794418335,-0.005377296824008226,0.03084203600883484,0.006530849263072014,0.004347153007984161,0.04573557525873184,0.005698840599507093,0.0006192047148942947,0.06389880180358887,-0.013005109503865242,-0.023550432175397873,0.14266419410705566,-0.019306790083646774,-0.03088119998574257,0.1619030237197876,-0.04744165390729904,-0.002211187966167927,0.0949399396777153,-0.06311072409152985,-0.018487339839339256,0.06820850074291229,-0.06311072409152985,-0.01848733238875866,0.06820853054523468,-0.05201702564954758,-0.043726805597543716,0.08003638684749603,0.046673085540533066,-0.016819272190332413,0.1251661330461502,0.05365106835961342,-0.04489409178495407,0.10546550899744034,0.05365106463432312,-0.044894084334373474,0.10546552389860153,0.02844613417983055,-0.060945961624383926,0.10281074792146683
125,-0.030437234789133072,-0.016177529469132423,0.023125318810343742,-0.042401205748319626,-0.001569174462929368,0.009442401118576527,-0.021394960582256317,-0.007615663111209869,0.03877560794353485,-0.03043724223971367,-0.016177533194422722,0.023125313222408295,0.04774906113743782,-0.004547123331576586,0.03136562928557396,0.05706850439310074,-0.0002304758527316153,0.010430635884404182,0.03677944466471672,0.005964127369225025,0.044372595846652985,0.04774906113743782,-0.0045471275225281715,0.03136562183499336,0.006117970682680607,0.004151027649641037,0.04586184024810791,0.005174885969609022,0.0006858402630314231,0.06407161056995392,-0.013679571449756622,-0.022053638473153114,0.14327456057071686,-0.019942045211791992,-0.02897452376782894,0.16267730295658112,-0.0488760843873024,-0.0037826308980584145,0.09486114978790283,-0.06309225410223007,-0.02331712655723095,0.06953711807727814,-0.06309224665164948,-0.023317117244005203,0.06953714042901993,-0.052350204437971115,-0.04866734519600868,0.08145241439342499,0.04605419188737869,-0.014801161363720894,0.12627482414245605,0.052238088101148605,-0.04417542368173599,0.10827721655368805,0.052238088101148605,-0.0441754050552845,0.10827723145484924,0.028917763382196426,-0.06274031102657318,0.10488516092300415
126,-0.030488280579447746,-0.016663728281855583,0.022757675498723984,-0.04245351254940033,-0.0016790757654234767,0.009489048272371292,-0.021523134782910347,-0.00856080837547779,0.03869406506419182,-0.030488286167383194,-0.01666373386979103,0.022757668048143387,0.047547146677970886,-0.003785960376262665,0.03176698088645935,0.05677492544054985,4.4509884901344776e-05,0.010697218589484692,0.03625500574707985,0.006453924346715212,0.04471427574753761,0.047547146677970886,-0.0037859648000448942,0.031766973435878754,0.0056264568120241165,0.003968328237533569,0.045874010771512985,0.004537440836429596,0.0008367632981389761,0.06413599103689194,-0.0144573412835598,-0.020460790023207664,0.14375294744968414,-0.020679203793406487,-0.026966506615281105,0.16331179440021515,-0.05034070461988449,-0.005365433171391487,0.09477859735488892,-0.06285464763641357,-0.02800402231514454,0.07120111584663391,-0.06285463273525238,-0.028004009276628494,0.0712011307477951,-0.0523124560713768,-0.053487539291381836,0.08301007747650146,0.04529253765940666,-0.012658371590077877,0.1271304190158844,0.05073266103863716,-0.04320712760090828,0.1109384223818779,0.05073265731334686,-0.04320710524916649,0.11093843728303909,0.029573746025562286,-0.0641123354434967,0.10703062266111374
127,-0.030543671920895576,-0.017113735899329185,0.022367972880601883,-0.0424848347902298,-0.0017538258107379079,0.00951320119202137,-0.021677061915397644,-0.009422761388123035,0.03856154531240463,-0.030543673783540726,-0.017113739624619484,0.022367965430021286,0.04729180037975311,-0.003117938758805394,0.03206321597099304,0.056400515139102936,0.0004793666594196111,0.010900755412876606,0.03571135550737381,0.006881860550493002,0.04494333267211914,0.04729180037975311,-0.0031179434154182673,0.032063208520412445,0.005125695373862982,0.003809074405580759,0.045783862471580505,0.0038663840387016535,0.0010730758076533675,0.06409836560487747,-0.015229444019496441,-0.0187799334526062,0.14411017298698425,-0.02140858583152294,-0.02486329711973667,0.16381792724132538,-0.05171499028801918,-0.006922628730535507,0.09471765905618668,-0.06230863183736801,-0.03241388872265816,0.07320085912942886,-0.062308620661497116,-0.032413873821496964,0.07320087403059006,-0.05180249363183975,-0.058049216866493225,0.08470956981182098,0.04450128227472305,-0.010446548461914062,0.12772908806800842,0.04928039014339447,-0.0420103520154953,0.11338026821613312,0.04928038269281387,-0.04201033338904381,0.11338028311729431,0.030447091907262802,-0.06499040126800537,0.10923024266958237
128,-0.030613405629992485,-0.017519112676382065,0.02195671573281288,-0.042475346475839615,-0.0017720717005431652,0.009503251872956753,-0.021863361820578575,-0.010204534977674484,0.03838636726140976,-0.030613407492637634,-0.017519114539027214,0.021956712007522583,0.04700286686420441,-0.0025659319944679737,0.03226058930158615,0.05595386028289795,0.0010480174096301198,0.011033764109015465,0.03515562787652016,0.0072465259581804276,0.045041773468256,0.047002870589494705,-0.002565935021266341,0.032260581851005554,0.004618348553776741,0.003668147837743163,0.045590464025735855,0.0031758886761963367,0.0013783187605440617,0.06395261734724045,-0.015957342460751534,-0.01703697070479393,0.14434337615966797,-0.02209106832742691,-0.022691305726766586,0.1641925722360611,-0.05295296013355255,-0.008439604192972183,0.09468188136816025,-0.061441101133823395,-0.03644761070609093,0.07548539340496063,-0.061441101133823395,-0.03644759953022003,0.07548540830612183,-0.05080784484744072,-0.06224196031689644,0.08651192486286163,0.043724555522203445,-0.00821646861732006,0.1280692219734192,0.047980453819036484,-0.040616460144519806,0.11553405225276947,0.047980450093746185,-0.040616441518068314,0.11553406715393066,0.03150244429707527,-0.0653475746512413,0.11142968386411667
129,-0.030711151659488678,-0.01787397637963295,0.021538933739066124,-0.04246131330728531,-0.001754739903844893,0.009461356326937675,-0.02208048477768898,-0.010904642753303051,0.03818043693900108,-0.030711155384778976,-0.0178739782422781,0.021538928151130676,0.0466989167034626,-0.002128145657479763,0.03236766159534454,0.05545869469642639,0.0016963660018518567,0.01109799463301897,0.0345991849899292,0.0075554014183580875,0.04500987380743027,0.0466989204287529,-0.002128147752955556,0.03236765414476395,0.004111878573894501,0.0035468016285449266,0.04530414938926697,0.0024828361347317696,0.0017411981243640184,0.06370465457439423,-0.016621317714452744,-0.015249748714268208,0.14445726573467255,-0.02270994521677494,-0.020470721647143364,0.16443860530853271,-0.05402137339115143,-0.00989331305027008,0.09466874599456787,-0.06025401130318642,-0.04001592472195625,0.07797190546989441,-0.060254018753767014,-0.04001591354608536,0.0779719203710556,-0.04934919998049736,-0.06596091389656067,0.08836138248443604,0.04298988729715347,-0.005993715021759272,0.1281757801771164,0.046928770840168,-0.039048053324222565,0.1173638179898262,0.0469287671148777,-0.039048030972480774,0.1173638254404068,0.03269941359758377,-0.06518502533435822,0.11357135325670242
130,-0.03090481646358967,-0.018244456499814987,0.02111528255045414,-0.04257035627961159,-0.001792369643226266,0.009410232305526733,-0.022366022691130638,-0.01154431514441967,0.03791399300098419,-0.030904820188879967,-0.018244456499814987,0.021115276962518692,0.04637250676751137,-0.0018171798437833786,0.03237903118133545,0.05495103448629379,0.002358316211029887,0.01110149547457695,0.0340115949511528,0.007789356168359518,0.04482581093907356,0.046372510492801666,-0.0018171840347349644,0.03237902373075485,0.003572313115000725,0.003421790897846222,0.044903263449668884,0.001757958671078086,0.0021251647267490625,0.063329316675663,-0.0172758549451828,-0.01345860492438078,0.14441944658756256,-0.023327281698584557,-0.01824592798948288,0.16452033817768097,-0.05495369806885719,-0.011277655139565468,0.09462445974349976,-0.05882392078638077,-0.04307034984230995,0.08050894737243652,-0.05882392078638077,-0.04307033494114876,0.08050896227359772,-0.04753892868757248,-0.06914141029119492,0.09014986455440521,0.04225310683250427,-0.0038158479146659374,0.12805473804473877,0.04614845663309097,-0.03735137730836868,0.1188245639204979,0.046148452907800674,-0.03735135868191719,0.11882457137107849,0.03394053503870964,-0.0645604208111763,0.11556372046470642
131,-0.03106287680566311,-0.018634164705872536,0.02068331278860569,-0.04262442886829376,-0.0018257310148328543,0.009388561360538006,-0.022645052522420883,-0.012116925790905952,0.03761451691389084,-0.031062882393598557,-0.018634168431162834,0.020683305338025093,0.04607834666967392,-0.0016265094745904207,0.03232073783874512,0.0544724315404892,0.0029727593064308167,0.011057019233703613,0.03347140923142433,0.007959321141242981,0.04453454166650772,0.04607835039496422,-0.0016265138983726501,0.03232073038816452,0.003075636923313141,0.003299163654446602,0.044427867978811264,0.0010796540882438421,0.0025234208442270756,0.06286443024873734,-0.0178872961550951,-0.011672347784042358,0.144256591796875,-0.023919034749269485,-0.016031265258789062,0.16446061432361603,-0.055694859474897385,-0.012550728395581245,0.09454358369112015,-0.05715184658765793,-0.04555562138557434,0.08298695087432861,-0.05715184658765793,-0.04555560648441315,0.08298696577548981,-0.04542183130979538,-0.0717141255736351,0.09182653576135635,0.041558410972356796,-0.0016801576130092144,0.12777841091156006,0.04573729634284973,-0.03553619608283043,0.11994846910238266,0.045737285166978836,-0.03553617000579834,0.11994848400354385,0.03523274511098862,-0.06351982057094574,0.11738542467355728
132,-0.031177762895822525,-0.019031725823879242,0.02023967169225216,-0.04264029487967491,-0.0018669713754206896,0.009388566017150879,-0.022896233946084976,-0.012623428367078304,0.03727932274341583,-0.031177766621112823,-0.01903172768652439,0.02023966796696186,0.045832499861717224,-0.0015467884950339794,0.03220866620540619,0.054059386253356934,0.003496803343296051,0.010980378836393356,0.032999712973833084,0.00807258766144514,0.044158030301332474,0.04583250358700752,-0.0015467931516468525,0.03220865875482559,0.0026415172033011913,0.003179756458848715,0.04389096051454544,0.0004676890093833208,0.0029249570798128843,0.062321972101926804,-0.018482543528079987,-0.009901221841573715,0.14397044479846954,-0.02451898530125618,-0.013842979446053505,0.16425859928131104,-0.056261688470840454,-0.013678576797246933,0.09439435601234436,-0.05531984567642212,-0.04745712876319885,0.08527710288763046,-0.05531984567642212,-0.04745711386203766,0.08527711033821106,-0.043113987892866135,-0.07365080714225769,0.09333359450101852,0.04088524729013443,0.0004261815920472145,0.12738652527332306,0.045709989964962006,-0.033597979694604874,0.12074722349643707,0.04570998251438141,-0.033597949892282486,0.12074723094701767,0.036540526896715164,-0.06210900470614433,0.11900367587804794
133,-0.03127449005842209,-0.019429929554462433,0.019776558503508568,-0.042652927339076996,-0.00192606495693326,0.009388544596731663,-0.02312225103378296,-0.013070414774119854,0.036896638572216034,-0.03127449378371239,-0.01942993327975273,0.01977655105292797,0.04562796652317047,-0.0015625315718352795,0.03205625340342522,0.05373392254114151,0.0039100656285882,0.010887778364121914,0.032587096095085144,0.008145525120198727,0.04370483383536339,0.04562796652317047,-0.0015625366941094398,0.03205624595284462,0.0022611406166106462,0.0030662929639220238,0.04329362139105797,-8.639582665637136e-05,0.0033228513784706593,0.06170329079031944,-0.01910150796175003,-0.008146962150931358,0.14355701208114624,-0.025167351588606834,-0.011687971651554108,0.1639101654291153,-0.05670112743973732,-0.014637783169746399,0.09414680302143097,-0.053438786417245865,-0.04879998415708542,0.08726908266544342,-0.05343879386782646,-0.04879996180534363,0.08726908266544342,-0.04073512926697731,-0.07495971024036407,0.09463682770729065,0.04019162058830261,0.002538677304983139,0.12689240276813507,0.0460427850484848,-0.031499091535806656,0.12121826410293579,0.0460427850484848,-0.031499072909355164,0.12121826410293579,0.03783613443374634,-0.060342855751514435,0.12038978189229965
134,-0.0313723050057888,-0.019808566197752953,0.019298721104860306,-0.04266256466507912,-0.0019736597314476967,0.00938856229186058,-0.023314718157052994,-0.013479365967214108,0.03647476062178612,-0.0313723124563694,-0.01980856992304325,0.019298717379570007,0.04545765742659569,-0.001654339488595724,0.031880997121334076,0.05350043997168541,0.00421218341216445,0.01079409010708332,0.03222792595624924,0.008198133669793606,0.043190423399209976,0.045457661151885986,-0.0016543446108698845,0.03188098967075348,0.0019317719852551818,0.0029557854868471622,0.04264986515045166,-0.0005830017616972327,0.0037069565150886774,0.06102387607097626,-0.019754108041524887,-0.006411893293261528,0.14303192496299744,-0.02586740255355835,-0.009572370909154415,0.1634334772825241,-0.057044774293899536,-0.01542861107736826,0.0938033014535904,-0.051592256873846054,-0.04965253174304962,0.08890481293201447,-0.05159226432442665,-0.04965250939130783,0.08890481293201447,-0.038346223533153534,-0.07568522542715073,0.09574873000383377,0.03945610299706459,0.004703298211097717,0.12630602717399597,0.04671742394566536,-0.0291768629103899,0.12136543542146683,0.04671742022037506,-0.02917684242129326,0.12136543542146683,0.03914083167910576,-0.0582038089632988,0.12153834104537964
135,-0.03149501979351044,-0.020159032195806503,0.018820691853761673,-0.04267345741391182,-0.0019975104369223118,0.009388461709022522,-0.02347090095281601,-0.013875476084649563,0.03602912649512291,-0.031495023518800735,-0.020159034058451653,0.018820688128471375,0.0453055277466774,-0.0017944355495274067,0.03169919550418854,0.053347621113061905,0.004415735602378845,0.01071065105497837,0.03190675750374794,0.008254538290202618,0.0426303967833519,0.045305535197257996,-0.0017944378778338432,0.03169919177889824,0.0016421756008639932,0.002845294773578644,0.041977278888225555,-0.001030891900882125,0.00406767800450325,0.060303568840026855,-0.020433971658349037,-0.004700401332229376,0.14242050051689148,-0.026598941534757614,-0.007502906024456024,0.16285879909992218,-0.05732215568423271,-0.01606951653957367,0.09339237958192825,-0.04984569177031517,-0.05010947585105896,0.09016969054937363,-0.04984569922089577,-0.05010944977402687,0.09016969054937363,-0.035964902490377426,-0.07588901370763779,0.0967070460319519,0.038664810359478,0.006962994113564491,0.1256214678287506,0.047706134617328644,-0.026556197553873062,0.1211806908249855,0.047706130892038345,-0.02655617520213127,0.1211806908249855,0.04049834609031677,-0.05565014109015465,0.12244115769863129
136,-0.03164602816104889,-0.020497292280197144,0.01837289147078991,-0.042686864733695984,-0.0020272075198590755,0.009388381615281105,-0.023596659302711487,-0.014274034649133682,0.03559143468737602,-0.03164603188633919,-0.020497294142842293,0.01837288588285446,0.045142099261283875,-0.0019490225240588188,0.03152833878993988,0.053230445832014084,0.004540482070297003,0.010642323642969131,0.031601618975400925,0.008339639753103256,0.042054448276758194,0.04514210298657417,-0.001949027180671692,0.03152833506464958,0.001374289859086275,0.0027374844066798687,0.04130905121564865,-0.0014460394158959389,0.004400261677801609,0.05957851931452751,-0.021137326955795288,-0.0030238009057939053,0.14176400005817413,-0.0273444764316082,-0.005493286531418562,0.1622324436903,-0.05756612867116928,-0.01658383570611477,0.09296305477619171,-0.048254042863845825,-0.05026976019144058,0.09108021855354309,-0.04825405031442642,-0.05026973783969879,0.09108022600412369,-0.03359227627515793,-0.0756293460726738,0.09755492210388184,0.03780100867152214,0.009336491115391254,0.12484460324048996,0.04895615205168724,-0.023573927581310272,0.12066499888896942,0.048956144601106644,-0.02357390522956848,0.12066500633955002,0.04194040223956108,-0.05264076963067055,0.12309316545724869
137,-0.031816065311431885,-0.020814185962080956,0.017970049753785133,-0.042703233659267426,-0.002063523977994919,0.009388213977217674,-0.02367960475385189,-0.014676034450531006,0.035178203135728836,-0.03181606903672218,-0.020814187824726105,0.017970040440559387,0.04498107731342316,-0.0020801303908228874,0.03137865290045738,0.05317895859479904,0.004606054630130529,0.01059763878583908,0.031318362802267075,0.008463317528367043,0.04148637503385544,0.04498107731342316,-0.0020801350474357605,0.031378649175167084,0.001135568367317319,0.0026356996968388557,0.04066840931773186,-0.0018209712579846382,0.004699330776929855,0.05887535586953163,-0.021847493946552277,-0.0014063860289752483,0.14109092950820923,-0.028078801929950714,-0.003569589462131262,0.1615866869688034,-0.05779223516583443,-0.016991132870316505,0.09254627674818039,-0.046849217265844345,-0.05022421106696129,0.09164351224899292,-0.04684922471642494,-0.050224192440509796,0.09164351224899292,-0.03122355416417122,-0.07495336979627609,0.09829980880022049,0.03686921298503876,0.011794589459896088,0.12398073822259903,0.05040675401687622,-0.020211460068821907,0.11981529742479324,0.050406742841005325,-0.020211439579725266,0.11981530487537384,0.04348112270236015,-0.04917150363326073,0.12346909195184708
138,-0.0319892056286335,-0.021097876131534576,0.017621539533138275,-0.04272088408470154,-0.0021029887720942497,0.009388002566993237,-0.02372841350734234,-0.01506727933883667,0.03480847552418709,-0.0319892093539238,-0.021097881719470024,0.017621532082557678,0.04482020065188408,-0.0021713851019740105,0.03126031160354614,0.05317295715212822,0.0046285223215818405,0.01057810615748167,0.031055977568030357,0.008612172678112984,0.0409691222012043,0.04482020437717438,-0.0021713897585868835,0.031260307878255844,0.0009229722199961543,0.002540919929742813,0.04008974879980087,-0.0021612581331282854,0.004956476390361786,0.05823210999369621,-0.022577811032533646,0.00011670449748635292,0.14043717086315155,-0.028814375400543213,-0.001767170149832964,0.1609589010477066,-0.058042146265506744,-0.0172995924949646,0.092169851064682,-0.04568972438573837,-0.050046056509017944,0.09187252819538116,-0.04568973183631897,-0.050046034157276154,0.09187253564596176,-0.02891521155834198,-0.07389457523822784,0.09893382340669632,0.03585875406861305,0.014255005866289139,0.12306401878595352,0.05195191502571106,-0.016512040048837662,0.11865942925214767,0.05195190757513046,-0.01651201769709587,0.11865943670272827,0.04506203904747963,-0.045296814292669296,0.12355473637580872
139,-0.03214286267757416,-0.021334275603294373,0.01732902228832245,-0.0427369624376297,-0.002138742245733738,0.009387843310832977,-0.02375638671219349,-0.015423650853335857,0.03449675813317299,-0.032142870128154755,-0.02133427932858467,0.01732901856303215,0.04466886445879936,-0.002224491909146309,0.03118153102695942,0.05319439619779587,0.004619624000042677,0.0105845732614398,0.03082331083714962,0.008749670349061489,0.040555357933044434,0.04466886818408966,-0.0022244956344366074,0.03118153288960457,0.0007393693085759878,0.0024493359960615635,0.039610039442777634,-0.002467700280249119,0.005159147549420595,0.05768942832946777,-0.02335147187113762,0.0015042736195027828,0.1398380994796753,-0.02958119474351406,-0.00012579606845974922,0.16038361191749573,-0.058363985270261765,-0.017507657408714294,0.09184952825307846,-0.0448404923081398,-0.0497894249856472,0.09177893400192261,-0.044840503484010696,-0.04978940635919571,0.0917789414525032,-0.02676982432603836,-0.07247936725616455,0.09943504631519318,0.03476708382368088,0.01659751497209072,0.12215348333120346,0.053473807871341705,-0.012576626613736153,0.11726168543100357,0.05347380042076111,-0.01257660984992981,0.11726169288158417,0.04657842218875885,-0.04113049432635307,0.12335503101348877
140,-0.03225719556212425,-0.02151154726743698,0.017092499881982803,-0.04274829477071762,-0.0021637175232172012,0.00938766822218895,-0.023778792470693588,-0.015717584639787674,0.03425484150648117,-0.03225719928741455,-0.02151154913008213,0.017092492431402206,0.044544048607349396,-0.002253294922411442,0.031150858849287033,0.053227126598358154,0.004587422125041485,0.010618692263960838,0.030635133385658264,0.008829948492348194,0.04029984772205353,0.044544052332639694,-0.002253299579024315,0.031150856986641884,0.0005911575863137841,0.002355310134589672,0.03926555812358856,-0.0027369046583771706,0.005294604692608118,0.05728713050484657,-0.02419113740324974,0.0027168416418135166,0.139327734708786,-0.030413616448640823,0.0013170493766665459,0.15989238023757935,-0.058800674974918365,-0.017611291259527206,0.09159208834171295,-0.04435541480779648,-0.04949061572551727,0.09137658774852753,-0.044355425983667374,-0.04949059709906578,0.09137658774852753,-0.024910055100917816,-0.07073434442281723,0.09977784752845764,0.0336054265499115,0.01869700476527214,0.12132477015256882,0.05486717447638512,-0.008534781634807587,0.1157238781452179,0.05486715957522392,-0.008534761145710945,0.1157238781452179,0.04790959879755974,-0.036819711327552795,0.12290392816066742
141,-0.032328180968761444,-0.021626010537147522,0.016915883868932724,-0.042752839624881744,-0.0021731043234467506,0.009387483820319176,-0.023819616064429283,-0.01592068001627922,0.034092992544174194,-0.03232818841934204,-0.02162601239979267,0.016915878280997276,0.04444905370473862,-0.002269667573273182,0.03117986023426056,0.0532417930662632,0.0045357923954725266,0.010682675056159496,0.030493753030896187,0.008821345865726471,0.04024844244122505,0.04444905370473862,-0.002269672229886055,0.03117985464632511,0.0004731399239972234,0.0022604940459132195,0.03908681869506836,-0.0029753607232123613,0.005359402857720852,0.05705893784761429,-0.025118675082921982,0.003727709874510765,0.13893666863441467,-0.031345389783382416,0.002535631414502859,0.15951314568519592,-0.0593876875936985,-0.017610959708690643,0.09140235930681229,-0.044267166405916214,-0.049168214201927185,0.09068744629621506,-0.04426718130707741,-0.049168191850185394,0.09068745374679565,-0.023449517786502838,-0.0686868280172348,0.09994200617074966,0.03238698095083237,0.020464632660150528,0.12065370380878448,0.056048426777124405,-0.004497813060879707,0.11417187005281448,0.05604841187596321,-0.004497792571783066,0.11417187750339508,0.048944611102342606,-0.03249923139810562,0.12226229906082153
142,-0.032357096672058105,-0.021679461002349854,0.01680084690451622,-0.04275008663535118,-0.00216559786349535,0.00938727892935276,-0.02387906238436699,-0.016024723649024963,0.03400975093245506,-0.032357100397348404,-0.0216794665902853,0.016800837591290474,0.04440271109342575,-0.0022796206176280975,0.03127547353506088,0.05325259640812874,0.004466549027711153,0.010783285833895206,0.030410941690206528,0.008704460225999355,0.040417708456516266,0.04440271481871605,-0.0022796252742409706,0.03127547353506088,0.0003936991561204195,0.002161109820008278,0.039083197712898254,-0.0031740807462483644,0.005346686113625765,0.05701683834195137,-0.026120658963918686,0.0045112441293895245,0.13867919147014618,-0.032371267676353455,0.003503780346363783,0.15925829112529755,-0.0601140521466732,-0.01753624901175499,0.09127739071846008,-0.04454495757818222,-0.04884476959705353,0.08973415195941925,-0.044544972479343414,-0.04884474724531174,0.08973415940999985,-0.02243233658373356,-0.06638262420892715,0.09990537166595459,0.031147439032793045,0.021856673061847687,0.12018819153308868,0.05698730796575546,-0.000539267435669899,0.11272330582141876,0.05698728933930397,-0.0005392525345087051,0.11272331327199936,0.049632199108600616,-0.028268951922655106,0.1214963048696518
143,-0.032356590032577515,-0.021680401638150215,0.016751622781157494,-0.04274088889360428,-0.002143295481801033,0.00938725471496582,-0.02395424246788025,-0.01603776030242443,0.03400156646966934,-0.03235659375786781,-0.021680405363440514,0.016751617193222046,0.044402409344911575,-0.002282842993736267,0.03144144266843796,0.05325800180435181,0.004378235898911953,0.010923905298113823,0.030383240431547165,0.008482011966407299,0.04079991206526756,0.044402413070201874,-0.00228284765034914,0.03144143521785736,0.0003513665869832039,0.002054286655038595,0.03925003483891487,-0.003332430962473154,0.005252697970718145,0.05715792626142502,-0.027171388268470764,0.005050291772931814,0.13856077194213867,-0.03346830606460571,0.004202906507998705,0.1591329723596573,-0.06094396859407425,-0.0174395889043808,0.09121709316968918,-0.04512111842632294,-0.048544593155384064,0.08854898065328598,-0.04512112960219383,-0.04854457080364227,0.08854898810386658,-0.021849434822797775,-0.06387884169816971,0.0996524915099144,0.02991415560245514,0.02288442850112915,0.11994697153568268,0.057672835886478424,0.0033224038779735565,0.1114744022488594,0.05767282098531723,0.0033224187791347504,0.11147440969944,0.049958325922489166,-0.024171439930796623,0.12067078053951263
144,-0.03234126418828964,-0.021639835089445114,0.016770528629422188,-0.04272721707820892,-0.0021107690408825874,0.00938720814883709,-0.024034487083554268,-0.01597912795841694,0.034060802310705185,-0.03234126791357994,-0.021639836952090263,0.016770528629422188,0.04443567991256714,-0.00227260310202837,0.03167498856782913,0.05325985699892044,0.004266631789505482,0.011104781180620193,0.03040105663239956,0.008175383321940899,0.041363585740327835,0.04443568363785744,-0.002272607758641243,0.031674981117248535,0.0003425023751333356,0.0019392156973481178,0.039567768573760986,-0.0034510812256485224,0.005078130401670933,0.057463258504867554,-0.02823263220489025,0.00533823948353529,0.13857586681842804,-0.03459630161523819,0.004625212866812944,0.15913261473178864,-0.0618191733956337,-0.017385270446538925,0.0912204384803772,-0.04590405896306038,-0.04829315096139908,0.0871690958738327,-0.045904066413640976,-0.048293136060237885,0.0871691033244133,-0.021649524569511414,-0.06124121695756912,0.09917175024747849,0.028707485646009445,0.023601925000548363,0.11991524696350098,0.0581023246049881,0.007111899554729462,0.11047998815774918,0.058102309703826904,0.007111916318535805,0.11047999560832977,0.04993865638971329,-0.02019893005490303,0.1198326051235199
145,-0.03232255205512047,-0.021569186821579933,0.01685497723519802,-0.04271148145198822,-0.002073872834444046,0.009387124329805374,-0.024106163531541824,-0.015871208161115646,0.034176167100667953,-0.03232255578041077,-0.02156919054687023,0.016854967921972275,0.04448624327778816,-0.0022422010079026222,0.031964801251888275,0.05326441675424576,0.004125489387661219,0.011321227997541428,0.030453726649284363,0.007815131917595863,0.04206126555800438,0.04448625072836876,-0.0022422047331929207,0.03196479752659798,0.00036326400004327297,0.0018175747245550156,0.04000585898756981,-0.0035303726326674223,0.004828810691833496,0.05790179595351219,-0.02926095575094223,0.005380293820053339,0.13870958983898163,-0.03570713847875595,0.004776025656610727,0.1592440903186798,-0.062672458589077,-0.0174309853464365,0.09128165990114212,-0.046804629266262054,-0.048111338168382645,0.08563104271888733,-0.04680464416742325,-0.04811131954193115,0.08563105016946793,-0.021769436076283455,-0.05854092165827751,0.0984552875161171,0.0275419931858778,0.024083420634269714,0.12005173414945602,0.05826835334300995,0.010867156088352203,0.10974526405334473,0.05826833099126816,0.0108671635389328,0.10974527895450592,0.04959981516003609,-0.016320304945111275,0.1190025582909584
146,-0.032307785004377365,-0.02147855795919895,0.016997210681438446,-0.04269605129957199,-0.002037956379354,0.009387148544192314,-0.02416125498712063,-0.01572948880493641,0.03433450683951378,-0.032307785004377365,-0.0214785598218441,0.0169972013682127,0.04453627020120621,-0.0021881209686398506,0.032292407006025314,0.05327992141246796,0.00394872622564435,0.011564447544515133,0.030530089512467384,0.007433147635310888,0.04284030199050903,0.044536277651786804,-0.0021881251595914364,0.03229239955544472,0.0004074940225109458,0.0016955584287643433,0.04052932187914848,-0.003572662826627493,0.004517355002462864,0.05843709781765938,-0.030216215178370476,0.005193476565182209,0.13894253969192505,-0.036754805594682693,0.004673597868531942,0.15945012867450714,-0.06344332545995712,-0.01760939136147499,0.09138885140419006,-0.047760847955942154,-0.04800628498196602,0.08396654576063156,-0.04776085913181305,-0.048006266355514526,0.08396656066179276,-0.02216227911412716,-0.05584981292486191,0.09750135987997055,0.026427987962961197,0.02440052665770054,0.12029985338449478,0.058152828365564346,0.014607276767492294,0.1092260554432869,0.05815280228853226,0.014607280492782593,0.10922606289386749,0.048963434994220734,-0.012512469664216042,0.1181744784116745
147,-0.03229952231049538,-0.021375520154833794,0.01718580722808838,-0.0426829531788826,-0.0020071743056178093,0.009387265890836716,-0.024198167026042938,-0.015561963431537151,0.03452276438474655,-0.032299526035785675,-0.021375522017478943,0.017185799777507782,0.04457220807671547,-0.002114121802151203,0.03263482823967934,0.053313035517930984,0.0037342440336942673,0.011822450906038284,0.03062184527516365,0.007053252775222063,0.04365057498216629,0.04457220807671547,-0.002114125993102789,0.03263482078909874,0.00046908657532185316,0.00158004742115736,0.04110374301671982,-0.0035801627673208714,0.004159227013587952,0.05903260409832001,-0.031062636524438858,0.004801146686077118,0.1392544060945511,-0.037697482854127884,0.004342918284237385,0.15973252058029175,-0.0640827938914299,-0.017922602593898773,0.09152345359325409,-0.04874227195978165,-0.04796838015317917,0.08220026642084122,-0.04874228686094284,-0.04796836897730827,0.08220028132200241,-0.022801971063017845,-0.05323771759867668,0.09631883352994919,0.025377614423632622,0.024603722617030144,0.1205979660153389,0.05772417038679123,0.018228862434625626,0.10884794592857361,0.05772414803504944,0.018228866159915924,0.1088479608297348,0.04804453253746033,-0.008872410282492638,0.11732294410467148
148,-0.03229533135890961,-0.021265028044581413,0.01740679331123829,-0.042673155665397644,-0.001984100788831711,0.009387309662997723,-0.02421858347952366,-0.015372851863503456,0.034728679805994034,-0.032295335084199905,-0.02126503176987171,0.017406783998012543,0.04458798095583916,-0.0020326292142271996,0.03296983614563942,0.05336659401655197,0.0034844251349568367,0.012083037756383419,0.03072545863687992,0.006687219720333815,0.04445001855492592,0.044587988406419754,-0.0020326324738562107,0.03296983242034912,0.0005444887792691588,0.001474794466048479,0.04169850051403046,-0.003553495742380619,0.0037684403359889984,0.05965505912899971,-0.03176631033420563,0.004226706922054291,0.1396273821592331,-0.03849462419748306,0.003808466251939535,0.1600758284330368,-0.06455346941947937,-0.018346017226576805,0.09166371822357178,-0.04974261671304703,-0.047971636056900024,0.08035165816545486,-0.04974263161420822,-0.04797162488102913,0.08035168051719666,-0.023673133924603462,-0.05076795071363449,0.09493114799261093,0.024409981444478035,0.024713801220059395,0.12088627368211746,0.05699090659618378,0.021550804376602173,0.10849755257368088,0.056990884244441986,0.021550804376602173,0.10849756747484207,0.04686406999826431,-0.00555700808763504,0.11641042679548264
149,-0.032292235642671585,-0.02115059643983841,0.017647145316004753,-0.04266722500324249,-0.001969798468053341,0.009387457743287086,-0.024232778698205948,-0.015159414149820805,0.0349431112408638,-0.032292239367961884,-0.021150600165128708,0.017647139728069305,0.04457905888557434,-0.0019309469498693943,0.0332651361823082,0.05343274772167206,0.0032481716480106115,0.012323576956987381,0.030833229422569275,0.00634457403793931,0.04520532116293907,0.04457906261086464,-0.00193095114082098,0.0332651287317276,0.0006249189609661698,0.0013867276720702648,0.04228828474879265,-0.0034995372407138348,0.003364023519679904,0.06027638912200928,-0.03230489417910576,0.0034973733127117157,0.14004646241664886,-0.039117440581321716,0.0030968058854341507,0.16046735644340515,-0.06483530253171921,-0.018829157575964928,0.09178509563207626,-0.050772398710250854,-0.047967031598091125,0.07843516021966934,-0.05077240988612175,-0.04796701669692993,0.07843516767024994,-0.024762801826000214,-0.0484808124601841,0.09337624162435532,0.023541904985904694,0.02473314106464386,0.1211136057972908,0.05600220710039139,0.02465825155377388,0.1080244854092598,0.056002188473939896,0.02465825155377388,0.10802450031042099,0.04544784501194954,-0.002438228577375412,0.11539918184280396
150,-0.032282501459121704,-0.021035104990005493,0.01788886822760105,-0.04266509413719177,-0.0019643446430563927,0.009387481957674026,-0.02424413338303566,-0.01492294855415821,0.035152290016412735,-0.032282505184412,-0.021035106852650642,0.017888858914375305,0.044546909630298615,-0.0018355273641645908,0.03351045399904251,0.053515173494815826,0.0030135158449411392,0.012538648210465908,0.030944637954235077,0.00602989224717021,0.045884352177381516,0.04454691335558891,-0.0018355301581323147,0.03351045027375221,0.0007088591810315847,0.0013187448494136333,0.04284558817744255,-0.003419386688619852,0.0029620721470564604,0.060866404324769974,-0.032655857503414154,0.002631335984915495,0.14049169421195984,-0.039537038654088974,0.0022222939878702164,0.1608893871307373,-0.06491127610206604,-0.01931520365178585,0.09185502678155899,-0.05186264589428902,-0.047927096486091614,0.07648965716362,-0.051862649619579315,-0.04792707785964012,0.07648967206478119,-0.02603987604379654,-0.046569764614105225,0.09169957041740417,0.02279766835272312,0.024644456803798676,0.12123429775238037,0.05479184910655022,0.027445798739790916,0.10732292383909225,0.054791830480098724,0.027445795014500618,0.10732293874025345,0.04383448511362076,0.00039499811828136444,0.11426486819982529
151,-0.03225843980908394,-0.020922288298606873,0.018114028498530388,-0.04266679286956787,-0.0019675414077937603,0.009387679398059845,-0.02425723522901535,-0.014665570110082626,0.03534289076924324,-0.03225843980908394,-0.020922290161252022,0.01811402104794979,0.0444948747754097,-0.0017640567384660244,0.0337008573114872,0.05360957235097885,0.002781985327601433,0.012724312953650951,0.031055264174938202,0.005751322489231825,0.046463921666145325,0.044494882225990295,-0.001764059066772461,0.0337008535861969,0.0007916935719549656,0.0012752246111631393,0.043347492814064026,-0.003319373819977045,0.0025796210393309593,0.061399925500154495,-0.03280869126319885,0.0016349968500435352,0.14094367623329163,-0.03973684087395668,0.0011827792041003704,0.16132456064224243,-0.06477773934602737,-0.01974785327911377,0.0918409675359726,-0.053009215742349625,-0.0477692075073719,0.07448276877403259,-0.05300921946763992,-0.04776918888092041,0.07448278367519379,-0.02745416760444641,-0.04491999372839928,0.08993659913539886,0.022194569930434227,0.024419650435447693,0.12121925503015518,0.05340712517499924,0.029815230518579483,0.10633081197738647,0.05340711027383804,0.029815226793289185,0.10633081197738647,0.04207362234592438,0.002852260135114193,0.11300540715456009
152,-0.03221370652318001,-0.020817207172513008,0.01830502413213253,-0.04267214983701706,-0.0019792430102825165,0.00938776507973671,-0.024277126416563988,-0.014388791285455227,0.03550053387880325,-0.032213713973760605,-0.020817210897803307,0.018305014818906784,0.04442611336708069,-0.001721974927932024,0.03383449465036392,0.05370631814002991,0.0025678721722215414,0.012876572087407112,0.031157361343503,0.005520795006304979,0.046929627656936646,0.04442611336708069,-0.0017219791188836098,0.033834490925073624,0.0008662656182423234,0.0012625297531485558,0.04377562552690506,-0.0032101322431117296,0.0022329166531562805,0.061856940388679504,-0.03276566416025162,0.0004937234334647655,0.14138206839561462,-0.039713889360427856,-5.138898268342018e-05,0.1617538332939148,-0.06444432586431503,-0.02007978782057762,0.09171074628829956,-0.05417608097195625,-0.047396354377269745,0.0723879411816597,-0.05417608842253685,-0.04739633947610855,0.07238795608282089,-0.028942158445715904,-0.043402910232543945,0.08811374753713608,0.021740738302469254,0.024019064381718636,0.12106035649776459,0.051904983818531036,0.03168412670493126,0.10504888743162155,0.051904961466789246,0.031684115529060364,0.10504890233278275,0.040225956588983536,0.004849027842283249,0.11164272576570511
153,-0.032144948840141296,-0.0207259189337492,0.018447039648890495,-0.04268088936805725,-0.001999129541218281,0.00938798300921917,-0.024307679384946823,-0.014092336408793926,0.03561015427112579,-0.032144948840141296,-0.020725920796394348,0.0184470321983099,0.044346101582050323,-0.001708779949694872,0.03391588479280472,0.053794510662555695,0.0023861126974225044,0.012994153425097466,0.031243301928043365,0.0053497725166380405,0.04727602377533913,0.04434610530734062,-0.0017087836749851704,0.03391587734222412,0.0009258454665541649,0.001287464052438736,0.04411676153540611,-0.0031032501719892025,0.001935240114107728,0.06222309544682503,-0.032539211213588715,-0.0008277306333184242,0.1417839378118515,-0.03947647660970688,-0.0015358589589595795,0.1621544361114502,-0.06393328309059143,-0.02027308940887451,0.09143629670143127,-0.05533648654818535,-0.04672820866107941,0.07019426673650742,-0.055336493998765945,-0.04672819375991821,0.07019428163766861,-0.030441386625170708,-0.04197631776332855,0.08624585717916489,0.021438132971525192,0.023393888026475906,0.12077021598815918,0.0503542535007,0.03299251198768616,0.10354447364807129,0.0503542423248291,0.03299250453710556,0.10354449599981308,0.03836396709084511,0.006314611062407494,0.11021708697080612
154,-0.032054122537374496,-0.02065417543053627,0.018529891967773438,-0.04269220679998398,-0.002025587484240532,0.009388111531734467,-0.024351803585886955,-0.013771981932222843,0.035656169056892395,-0.032054122537374496,-0.02065417729318142,0.01852988451719284,0.04426317662000656,-0.0017261039465665817,0.03395240381360054,0.05386284738779068,0.002250031568109989,0.013076676987111568,0.03130855783820152,0.005243553314357996,0.04750237241387367,0.04426318034529686,-0.0017261072061955929,0.03395240008831024,0.000966395135037601,0.0013558645732700825,0.04436067119240761,-0.003008024301379919,0.0016968513373285532,0.06248745694756508,-0.03214706853032112,-0.0023718313314020634,0.1421211212873459,-0.039038971066474915,-0.003335020039230585,0.16249655187129974,-0.06327841430902481,-0.020290520042181015,0.09099947661161423,-0.056469909846782684,-0.0456833615899086,0.06789428740739822,-0.056469909846782684,-0.045683346688747406,0.06789430230855942,-0.03189988434314728,-0.04058719798922539,0.08433639258146286,0.021288882941007614,0.022494645789265633,0.12037388235330582,0.048842109739780426,0.03370753675699234,0.10193228721618652,0.04884209856390953,0.033707525581121445,0.10193229466676712,0.036570362746715546,0.007200439460575581,0.10877176374197006
155,-0.0319504477083683,-0.020607750862836838,0.018549958243966103,-0.04270493611693382,-0.0020558862015604973,0.009388388134539127,-0.024412082508206367,-0.01342026051133871,0.0356237031519413,-0.0319504514336586,-0.020607754588127136,0.018549954518675804,0.044190000742673874,-0.0017854520119726658,0.033951859921216965,0.053902894258499146,0.002170140855014324,0.013124658726155758,0.03135332092642784,0.005197594407945871,0.047606777399778366,0.04419000446796417,-0.001785455271601677,0.03395185247063637,0.0009876772528514266,0.0014710254035890102,0.044496867805719376,-0.0029294900596141815,0.001526945736259222,0.06263922899961472,-0.03160884231328964,-0.0041628675535321236,0.1423570215702057,-0.03841838613152504,-0.005490101408213377,0.16273967921733856,-0.0625225380063057,-0.020084604620933533,0.09039841592311859,-0.05756846442818642,-0.044179026037454605,0.06550024449825287,-0.057568471878767014,-0.04417901486158371,0.06550026684999466,-0.033283889293670654,-0.0391712449491024,0.08238756656646729,0.021299609914422035,0.021288761869072914,0.11989437788724899,0.047476910054683685,0.033829618245363235,0.10033734142780304,0.04747689515352249,0.03382960706949234,0.10033735632896423,0.034931473433971405,0.007492209784686565,0.10733403265476227
156,-0.031850483268499374,-0.02059042453765869,0.018513277173042297,-0.042717162519693375,-0.0020858212374150753,0.009388573467731476,-0.02449367381632328,-0.013029126450419426,0.03550456464290619,-0.03185049071907997,-0.02059042826294899,0.01851326785981655,0.04413889721035957,-0.0019055013544857502,0.033918775618076324,0.05391060188412666,0.0021507907658815384,0.01313850563019514,0.031379733234643936,0.0051986537873744965,0.047583866864442825,0.04413890466094017,-0.0019055027514696121,0.03391876816749573,0.000990498112514615,0.001633515115827322,0.04451540485024452,-0.0028701487462967634,0.0014374321326613426,0.06266890466213226,-0.030946629121899605,-0.00617917301133275,0.14245159924030304,-0.03763526678085327,-0.007984764873981476,0.16283753514289856,-0.061714690178632736,-0.019591517746448517,0.08965795487165451,-0.05864012986421585,-0.04213741049170494,0.06306412070989609,-0.058640118688344955,-0.04213739559054375,0.06306413561105728,-0.0345822349190712,-0.037655267864465714,0.08041717857122421,0.021479887887835503,0.01978076621890068,0.11934363096952438,0.04638030007481575,0.033394429832696915,0.09885852783918381,0.04638028144836426,0.03339441865682602,0.0988585352897644,0.03352509066462517,0.007220222614705563,0.10590517520904541
157,-0.03177425265312195,-0.020604077726602554,0.018434226512908936,-0.042727213352918625,-0.0021114512346684933,0.009388750419020653,-0.024603670462965965,-0.01259627565741539,0.03530009463429451,-0.031774260103702545,-0.020604081451892853,0.018434222787618637,0.04411880299448967,-0.002102301921695471,0.033852942287921906,0.053887296468019485,0.002190135419368744,0.013118652626872063,0.03138923645019531,0.005230392795056105,0.047424592077732086,0.04411880671977997,-0.002102305181324482,0.03385293483734131,0.0009747702861204743,0.001840663142502308,0.04440775141119957,-0.00283136498183012,0.0014432193711400032,0.06256947666406631,-0.030187327414751053,-0.008345063775777817,0.14236828684806824,-0.03671729937195778,-0.01073448546230793,0.16274559497833252,-0.060903217643499374,-0.01874316670000553,0.08883021026849747,-0.059700511395931244,-0.0395064651966095,0.060679882764816284,-0.059700511395931244,-0.0395064502954483,0.060679905116558075,-0.03580113872885704,-0.03597018122673035,0.07846512645483017,0.02183547057211399,0.018020611256361008,0.11871996521949768,0.045666906982660294,0.0324651375412941,0.09754405170679092,0.0456668958067894,0.032465122640132904,0.09754406660795212,0.03240619972348213,0.006459237076342106,0.10446121543645859
158,-0.0317380353808403,-0.02064831554889679,0.018328621983528137,-0.042734116315841675,-0.002129840198904276,0.009388968348503113,-0.024746345356106758,-0.01213217806071043,0.03501967713236809,-0.0317380391061306,-0.020648321136832237,0.01832861267030239,0.04413359984755516,-0.0023815305903553963,0.033750079572200775,0.053838104009628296,0.002281125634908676,0.01306575071066618,0.03138236328959465,0.005280422978103161,0.047117967158555984,0.04413360357284546,-0.0023815343156456947,0.03375007212162018,0.0009402915602549911,0.0020854221656918526,0.04416778311133385,-0.0028122004587203264,0.0015571936964988708,0.062337327748537064,-0.02936096116900444,-0.010550482198596,0.14208142459392548,-0.035698581486940384,-0.013609245419502258,0.16242995858192444,-0.06012498214840889,-0.017494793981313705,0.08798456937074661,-0.060757480561733246,-0.036288514733314514,0.05846511945128441,-0.06075747311115265,-0.03628850355744362,0.0584651343524456,-0.03695226088166237,-0.03407283499836922,0.07658701390028,0.022363733500242233,0.01609293557703495,0.11801515519618988,0.045421820133924484,0.03111526556313038,0.09638980031013489,0.04542180150747299,0.031115252524614334,0.09638982266187668,0.03159993141889572,0.00531389657407999,0.10296595096588135
159,-0.03174859657883644,-0.02072145603597164,0.01820664294064045,-0.04273750260472298,-0.0021402721758931875,0.009389135986566544,-0.02492092177271843,-0.011661890894174576,0.03467803820967674,-0.03174860030412674,-0.02072145976126194,0.0182066410779953,0.04417913407087326,-0.0027267863042652607,0.03360382840037346,0.05376993864774704,0.0024148845113813877,0.01298007182776928,0.031356703490018845,0.005347907077521086,0.04665696993470192,0.04417913407087326,-0.002726790029555559,0.03360382094979286,0.0008854235056787729,0.0023572961799800396,0.043795403093099594,-0.002810601843520999,0.0017829162534326315,0.06197512149810791,-0.028498753905296326,-0.012693505734205246,0.14158141613006592,-0.03461785987019539,-0.016484249383211136,0.16187357902526855,-0.05939999595284462,-0.015856025740504265,0.08719079196453094,-0.061802249401807785,-0.03256126493215561,0.05652865022420883,-0.061802249401807785,-0.032561253756284714,0.05652867630124092,-0.03804437443614006,-0.0319681391119957,0.07483746856451035,0.023049233481287956,0.014088986441493034,0.11722779273986816,0.04567865654826164,0.029406849294900894,0.09535831212997437,0.04567864537239075,0.02940683625638485,0.09535833448171616,0.031098544597625732,0.0038914987817406654,0.101390540599823
160,-0.03180231153964996,-0.020820705220103264,0.018069589510560036,-0.04273804649710655,-0.0021437809336930513,0.009389305487275124,-0.025121094658970833,-0.011218876577913761,0.03429197892546654,-0.03180231526494026,-0.02082071080803871,0.01806958205997944,0.044244520366191864,-0.0031035137362778187,0.03341006860136986,0.05368905887007713,0.002584004309028387,0.01286226138472557,0.03130818158388138,0.0054438975639641285,0.04604308307170868,0.04424452409148216,-0.003103517461568117,0.03341006115078926,0.0008079305989667773,0.002644055988639593,0.043299540877342224,-0.0028226501308381557,0.002108166692778468,0.06149361655116081,-0.02762526273727417,-0.01472161803394556,0.1408737152814865,-0.033509060740470886,-0.019289251416921616,0.16107524931430817,-0.05873147398233414,-0.01390395499765873,0.08650431782007217,-0.06281352788209915,-0.028474071994423866,0.05494404211640358,-0.06281352043151855,-0.02847406640648842,0.054944057017564774,-0.03908208757638931,-0.0297166146337986,0.07325457781553268,0.023870522156357765,0.012072084471583366,0.11637138575315475,0.04641656205058098,0.02736932411789894,0.09440158307552338,0.04641655460000038,0.027369311079382896,0.09440159797668457,0.03087020292878151,0.002270336262881756,0.09972622990608215
161,-0.03188836947083473,-0.02094179391860962,0.01791369542479515,-0.04273642599582672,-0.0021422640420496464,0.00938947033137083,-0.025337478145956993,-0.01083315908908844,0.033879317343235016,-0.03188837319612503,-0.020941797643899918,0.017913689836859703,0.0443117581307888,-0.003472384065389633,0.03316692262887955,0.053597915917634964,0.0027846775483340025,0.012712672352790833,0.03123360686004162,0.005584526341408491,0.0452885702252388,0.0443117618560791,-0.0034723877906799316,0.03316691890358925,0.0007064696401357651,0.0029342370107769966,0.0426999107003212,-0.0028420707676559687,0.0025046521332114935,0.06091298162937164,-0.02675403468310833,-0.016643544659018517,0.13997426629066467,-0.0323953703045845,-0.022022608667612076,0.16004475951194763,-0.0581132248044014,-0.0117679163813591,0.08596190065145493,-0.0637732595205307,-0.024217121303081512,0.05374416336417198,-0.0637732669711113,-0.024217121303081512,0.053744178265333176,-0.04007352888584137,-0.027420785278081894,0.07185656577348709,0.024809053167700768,0.010057220235466957,0.11547282338142395,0.047570742666721344,0.02498966082930565,0.09347443282604218,0.04757073521614075,0.024989649653434753,0.09347444772720337,0.030869320034980774,0.0004803454503417015,0.09798623621463776
162,-0.03199523314833641,-0.021076930686831474,0.017739849165081978,-0.04273303970694542,-0.002136500086635351,0.009389709681272507,-0.025562230497598648,-0.010519128292798996,0.0334608294069767,-0.03199523314833641,-0.021076932549476624,0.01773984543979168,0.04435986280441284,-0.003799659200012684,0.03287450969219208,0.053494974970817566,0.003017994575202465,0.012531703338027,0.031132154166698456,0.005781378597021103,0.04441710188984871,0.04435987025499344,-0.0037996619939804077,0.03287450596690178,0.0005812009330838919,0.0032200226560235023,0.04202752187848091,-0.0028610932640731335,0.002935186494141817,0.060263801366090775,-0.025890719145536423,-0.018506085500121117,0.1389080286026001,-0.03129209578037262,-0.0247237179428339,0.15880149602890015,-0.05753793194890022,-0.009592979215085506,0.08558669686317444,-0.06467952579259872,-0.019977876916527748,0.052934691309928894,-0.06467951834201813,-0.0199778750538826,0.05293471738696098,-0.04103853553533554,-0.02519594505429268,0.07065125554800034,0.02585339918732643,0.008013732731342316,0.11456438153982162,0.04904719814658165,0.022217579185962677,0.09253484755754471,0.04904717952013016,0.02221756801009178,0.0925348624587059,0.0310406144708395,-0.0014959890395402908,0.09619960188865662
163,-0.03211488202214241,-0.021214019507169724,0.01756145805120468,-0.042727209627628326,-0.0021255468018352985,0.009389913640916348,-0.02579125203192234,-0.010272434912621975,0.033062852919101715,-0.03211488202214241,-0.021214023232460022,0.017561450600624084,0.044369615614414215,-0.004062477964907885,0.032535046339035034,0.0533752404153347,0.003287477884441614,0.012320260517299175,0.031005581840872765,0.0060350955463945866,0.04346398636698723,0.044369615614414215,-0.00406248215585947,0.032535042613744736,0.0004341468447819352,0.0034976713359355927,0.04132384806871414,-0.002871579257771373,0.0033625366631895304,0.05958709865808487,-0.025040406733751297,-0.020356666296720505,0.1377120316028595,-0.030214685946702957,-0.027428606525063515,0.15737923979759216,-0.05700158700346947,-0.007507449947297573,0.0853961706161499,-0.06554695963859558,-0.015911292284727097,0.05251222848892212,-0.06554695218801498,-0.015911292284727097,0.05251225456595421,-0.04200981929898262,-0.023144995793700218,0.06964924186468124,0.02699524536728859,0.0058873360976576805,0.11367759108543396,0.05073127895593643,0.018986627459526062,0.09154139459133148,0.050731271505355835,0.018986616283655167,0.09154140949249268,0.031317178159952164,-0.0037045469507575035,0.09440560638904572
164,-0.03224457800388336,-0.021338697522878647,0.017403654754161835,-0.04271794855594635,-0.0021070223301649094,0.009390128776431084,-0.026023494079709053,-0.010076723992824554,0.03271593153476715,-0.03224458172917366,-0.021338703110814095,0.017403647303581238,0.04432672634720802,-0.004248369485139847,0.03215360268950462,0.0532333180308342,0.003595528658479452,0.012081068940460682,0.030856909230351448,0.006335824728012085,0.042475372552871704,0.04432673007249832,-0.004248373676091433,0.032153595238924026,0.0002685730578377843,0.00376589922234416,0.040636807680130005,-0.0028675231151282787,0.0037565550301223993,0.058930445462465286,-0.024217281490564346,-0.022210899740457535,0.1364384889602661,-0.029189487919211388,-0.030132081359624863,0.1558322012424469,-0.056504908949136734,-0.005605681799352169,0.08540096879005432,-0.06639648973941803,-0.012131918221712112,0.052468206733465195,-0.06639648228883743,-0.012131915427744389,0.05246824026107788,-0.04302636533975601,-0.02134540304541588,0.06886788457632065,0.028217947110533714,0.0036309724673628807,0.11284071952104568,0.052486225962638855,0.01524618361145258,0.0904545858502388,0.05248621106147766,0.015246173366904259,0.09045460820198059,0.03161416947841644,-0.006190543062984943,0.09265095740556717
165,-0.03238599747419357,-0.021439170464873314,0.017296118661761284,-0.04270445182919502,-0.0020796037279069424,0.009390288963913918,-0.02626141533255577,-0.009913838468492031,0.03245052695274353,-0.03238600119948387,-0.02143917605280876,0.017296111211180687,0.04422367364168167,-0.004335933830589056,0.031732458621263504,0.0530584454536438,0.0039638797752559185,0.011812085285782814,0.030685171484947205,0.006670622620731592,0.041508182883262634,0.04422367364168167,-0.004335938021540642,0.03173245117068291,8.442823309451342e-05,0.004024882335215807,0.040016233921051025,-0.002851930446922779,0.00409841351211071,0.05834285542368889,-0.02345510944724083,-0.02404012903571129,0.13515593111515045,-0.028264028951525688,-0.03277505561709404,0.15423889458179474,-0.056060049682855606,-0.0039476072415709496,0.08559728413820267,-0.0672500878572464,-0.008722340688109398,0.05277980491518974,-0.0672500804066658,-0.008722342550754547,0.05277983099222183,-0.044129762798547745,-0.019849037751555443,0.06832484155893326,0.02948104403913021,0.0012321490794420242,0.11208443343639374,0.0541473850607872,0.010996201075613499,0.08925383538007736,0.05414737015962601,0.010996191762387753,0.08925385028123856,0.031824253499507904,-0.00896996445953846,0.09099472314119339
166,-0.032539572566747665,-0.021510284394025803,0.017256740480661392,-0.04268740117549896,-0.0020447084680199623,0.009390471503138542,-0.026500241830945015,-0.009777837432920933,0.032285917550325394,-0.032539572566747665,-0.0215102881193161,0.017256733030080795,0.044062718749046326,-0.004319798666983843,0.0312887467443943,0.05284714326262474,0.004387273453176022,0.01152052916586399,0.03049219213426113,0.007025920785963535,0.04062231630086899,0.044062722474336624,-0.004319802857935429,0.031288739293813705,-0.00011474965140223503,0.004270066041499376,0.03950350359082222,-0.0028314688242971897,0.0043756128288805485,0.057863812893629074,-0.022799327969551086,-0.025784460827708244,0.13394027948379517,-0.027497131377458572,-0.03526186943054199,0.15269379317760468,-0.055686790496110916,-0.002572200959548354,0.08595370501279831,-0.06812064349651337,-0.005751300603151321,0.053391534835100174,-0.06812064349651337,-0.005751302465796471,0.05339156091213226,-0.045351170003414154,-0.01869453862309456,0.06802110373973846,0.03072395548224449,-0.0012789200991392136,0.11144497990608215,0.05553887039422989,0.006305044516921043,0.08795656263828278,0.055538855493068695,0.006305036135017872,0.08795657008886337,0.031835656613111496,-0.012018371373414993,0.08950924128293991
167,-0.03269946575164795,-0.02155456691980362,0.017281748354434967,-0.042669180780649185,-0.0020071459002792835,0.00939069502055645,-0.026721155270934105,-0.00968084204941988,0.03222411125898361,-0.032699473202228546,-0.021554572507739067,0.01728174276649952,0.04385530203580856,-0.004226653836667538,0.030868923291563988,0.05262323468923569,0.004795303102582693,0.011235035955905914,0.03028896637260914,0.007388685829937458,0.03987106308341026,0.04385530948638916,-0.0042266580276191235,0.03086892142891884,-0.00031603535171598196,0.004489163402467966,0.039124246686697006,-0.0028093713335692883,0.00457716453820467,0.05751631408929825,-0.02228962630033493,-0.02737385779619217,0.13286535441875458,-0.02693793922662735,-0.037487827241420746,0.15129591524600983,-0.05540604889392853,-0.0015082089230418205,0.0864097997546196,-0.0690082311630249,-0.0032840371131896973,0.05420996621251106,-0.0690082311630249,-0.0032840436324477196,0.054209981113672256,-0.04670116305351257,-0.01791715994477272,0.06793100386857986,0.03188266605138779,-0.0038347281515598297,0.1109662801027298,0.05650829151272774,0.001308191567659378,0.08663254231214523,0.05650828033685684,0.0013081878423690796,0.08663256466388702,0.03156201168894768,-0.015274206176400185,0.08827786147594452
168,-0.032862283289432526,-0.02157926745712757,0.01736193709075451,-0.04265283793210983,-0.001973885577172041,0.009390770457684994,-0.02691946178674698,-0.009638381190598011,0.03226488456130028,-0.032862287014722824,-0.02157927118241787,0.017361929640173912,0.04360390082001686,-0.004056155681610107,0.030514245852828026,0.052379060536623,0.005158800631761551,0.010973438620567322,0.030070330947637558,0.007756310049444437,0.03930674493312836,0.04360390827059746,-0.0040561603382229805,0.030514240264892578,-0.0005232156254351139,0.00467394245788455,0.03890017047524452,-0.0028078125324100256,0.004702240228652954,0.0573195144534111,-0.021968351677060127,-0.028734592720866203,0.13200928270816803,-0.026630792766809464,-0.03935122862458229,0.15015128254890442,-0.055258072912693024,-0.0007657618261873722,0.08690334856510162,-0.06992799043655396,-0.0013702800497412682,0.055131830275058746,-0.06992798298597336,-0.0013702837750315666,0.05513184890151024,-0.04819273203611374,-0.017540667206048965,0.06801971793174744,0.032884035259485245,-0.006333642639219761,0.11071024090051651,0.05693870782852173,-0.003801516257226467,0.08541276305913925,0.05693869665265083,-0.003801521845161915,0.08541277050971985,0.03094279021024704,-0.01864304021000862,0.08739824593067169
169,-0.03303803130984306,-0.02159486711025238,0.017494142055511475,-0.04264143854379654,-0.0019511422142386436,0.00939082633703947,-0.027128539979457855,-0.009666891768574715,0.03242066875100136,-0.03303803130984306,-0.02159487083554268,0.017494134604930878,0.0432584322988987,-0.0038232184015214443,0.030275452882051468,0.051998768001794815,0.005448807962238789,0.010746029205620289,0.029794178903102875,0.008130008354783058,0.03898373991250992,0.043258439749479294,-0.00382322259247303,0.03027544729411602,-0.0007777942810207605,0.0048178392462432384,0.0388597808778286,-0.002884075976908207,0.00475428719073534,0.05730028823018074,-0.021885421127080917,-0.029805969446897507,0.13145792484283447,-0.026618260890245438,-0.04077345132827759,0.14937157928943634,-0.055310674011707306,-0.0003413739614188671,0.0874008983373642,-0.07092934846878052,-4.499126225709915e-05,0.056080445647239685,-0.07092933356761932,-4.499219357967377e-05,0.05608046427369118,-0.04985944181680679,-0.017582068219780922,0.06826694309711456,0.033644821494817734,-0.008662799373269081,0.1107550784945488,0.05675633251667023,-0.00881193857640028,0.08447129279375076,0.05675631761550903,-0.008811945095658302,0.08447131514549255,0.02993861585855484,-0.022023674100637436,0.08697336167097092
170,-0.03317917883396149,-0.021595578640699387,0.017641695216298103,-0.04263661056756973,-0.0019424837082624435,0.00939074344933033,-0.027270980179309845,-0.00977905560284853,0.032657116651535034,-0.033179182559251785,-0.021595586091279984,0.017641687765717506,0.04295269772410393,-0.0034906333312392235,0.03016769140958786,0.051698729395866394,0.0056724706664681435,0.010589471086859703,0.029534172266721725,0.008507064543664455,0.03888540342450142,0.04295269772410393,-0.003490638453513384,0.03016768768429756,-0.0010062438668683171,0.004914500750601292,0.038973309099674225,-0.002972837770357728,0.004737779963761568,0.05742849409580231,-0.021944750100374222,-0.03054232895374298,0.1312328428030014,-0.02679101563990116,-0.04170028865337372,0.14899791777133942,-0.05549412965774536,-0.0002171904779970646,0.08784224838018417,-0.07193484902381897,0.0006739064119756222,0.056956805288791656,-0.07193484902381897,0.0006739026866853237,0.056956831365823746,-0.05159972608089447,-0.018051426857709885,0.06861205399036407,0.03423229604959488,-0.010715082287788391,0.11111892014741898,0.05608844384551048,-0.013528965413570404,0.08392714709043503,0.05608843266963959,-0.013528965413570404,0.08392716944217682,0.028682038187980652,-0.02532953768968582,0.08703121542930603
171,-0.033268168568611145,-0.021578719839453697,0.017793115228414536,-0.04263852909207344,-0.0019480790942907333,0.009390758350491524,-0.02734076976776123,-0.00997969787567854,0.03296969085931778,-0.033268172293901443,-0.021578725427389145,0.017793111503124237,0.0427076630294323,-0.0030641574412584305,0.03020908497273922,0.051499467343091965,0.005816098302602768,0.010521335527300835,0.029295608401298523,0.008886926807463169,0.03900046646595001,0.042707666754722595,-0.0030641616322100163,0.030209079384803772,-0.0012032095110043883,0.004962544422596693,0.039229776710271835,-0.0030688801780343056,0.004661077633500099,0.05769382789731026,-0.02209460362792015,-0.030909448862075806,0.1313619315624237,-0.027081307023763657,-0.04209694638848305,0.14906945824623108,-0.05578172951936722,-0.0003610542044043541,0.08821999281644821,-0.07292114198207855,0.0007859840989112854,0.057725295424461365,-0.07292113453149796,0.0007859794422984123,0.057725321501493454,-0.053363002836704254,-0.018949629738926888,0.06903836131095886,0.03467588126659393,-0.012393922545015812,0.11182475835084915,0.055028036236763,-0.017900995910167694,0.0838879644870758,0.055028025060892105,-0.017900995910167694,0.0838879868388176,0.027272207662463188,-0.028667710721492767,0.08758824318647385
172,-0.03329180181026459,-0.02153657004237175,0.017947077751159668,-0.04264569655060768,-0.0019646824803203344,0.009390732273459435,-0.02734016254544258,-0.010270337574183941,0.033362977206707,-0.033291805535554886,-0.02153657376766205,0.01794707402586937,0.04253262281417847,-0.0025477195158600807,0.030404243618249893,0.051407430320978165,0.00587845453992486,0.010554824955761433,0.029076840728521347,0.009267798624932766,0.039311278611421585,0.042532630264759064,-0.002547724172472954,0.030404236167669296,-0.0013696602545678616,0.004961283411830664,0.039620935916900635,-0.0031677191145718098,0.0045306747779250145,0.058089133352041245,-0.022280316799879074,-0.0308898463845253,0.13185764849185944,-0.027418818324804306,-0.04195199906826019,0.14960050582885742,-0.05613517761230469,-0.0007384773343801498,0.08855658769607544,-0.07386043667793274,0.0002963235601782799,0.05839458480477333,-0.07386042177677155,0.00029632169753313065,0.05839460343122482,-0.055095117539167404,-0.020277123898267746,0.06955684721469879,0.03501519560813904,-0.013622257858514786,0.1128787249326706,0.053751036524772644,-0.02169765904545784,0.08444005250930786,0.05375102162361145,-0.02169765532016754,0.08444008231163025,0.025824841111898422,-0.031821977347135544,0.08863841742277145
173,-0.03324209898710251,-0.021462004631757736,0.018101254478096962,-0.04265567660331726,-0.0019870270043611526,0.009390627034008503,-0.02727261185646057,-0.01064993254840374,0.033832255750894547,-0.03324210271239281,-0.021462010219693184,0.018101254478096962,0.04242575168609619,-0.0019379439763724804,0.030730577185750008,0.05141765996813774,0.005873610265552998,0.010683463886380196,0.028873678296804428,0.009650751948356628,0.03978836163878441,0.04242575913667679,-0.0019379486329853535,0.03073057159781456,-0.0015082157915458083,0.004912032280117273,0.040129274129867554,-0.0032646770123392344,0.004351320210844278,0.058597978204488754,-0.022458631545305252,-0.030486363917589188,0.13269878923892975,-0.027748476713895798,-0.04128056392073631,0.15056179463863373,-0.056513335555791855,-0.0013198801316320896,0.08887723088264465,-0.07472161948680878,-0.0007894034497439861,0.05899113044142723,-0.07472161203622818,-0.0007894099690020084,0.05899115279316902,-0.05674164369702339,-0.02203613519668579,0.07018473744392395,0.035285837948322296,-0.014345571398735046,0.11425676196813583,0.05239028483629227,-0.02485225349664688,0.08558536320924759,0.05239027738571167,-0.02485225349664688,0.08558537811040878,0.024441882967948914,-0.034762151539325714,0.09013292193412781
174,-0.03311927244067192,-0.021351877599954605,0.01825103536248207,-0.04266601800918579,-0.0020097859669476748,0.009390557184815407,-0.02714194357395172,-0.011114897206425667,0.03435928001999855,-0.03311927616596222,-0.021351881325244904,0.018251027911901474,0.04236803203821182,-0.0012254728935658932,0.031139422208070755,0.051510829478502274,0.005829661153256893,0.010881200432777405,0.02867913991212845,0.01004078984260559,0.0403960756957531,0.04236803576350212,-0.0012254784815013409,0.031139416620135307,-0.0016234730137512088,0.004818482790142298,0.04072846099734306,-0.003358110785484314,0.00412609800696373,0.05919475853443146,-0.022613361477851868,-0.029725978150963783,0.13382796943187714,-0.028048865497112274,-0.04012799263000488,0.1518789380788803,-0.05688442289829254,-0.002084690146148205,0.08919469267129898,-0.07547476142644882,-0.002464509569108486,0.059542421251535416,-0.07547475397586823,-0.00246451236307621,0.059542443603277206,-0.058253541588783264,-0.024229343980550766,0.07093197852373123,0.03550437092781067,-0.014537951909005642,0.11590877920389175,0.051041144877672195,-0.027344893664121628,0.08728025108575821,0.0510411337018013,-0.02734488993883133,0.0872802734375,0.02320096641778946,-0.03748037666082382,0.09199157357215881
175,-0.032939694821834564,-0.021211540326476097,0.01839093305170536,-0.042674873024225235,-0.0020286415237933397,0.009390505962073803,-0.026968805119395256,-0.011661612428724766,0.03491809591650963,-0.032939694821834564,-0.021211542189121246,0.018390925601124763,0.042300980538129807,-0.0004110014997422695,0.0315852016210556,0.0516008660197258,0.00576774450019002,0.011113366112112999,0.028465459123253822,0.010444915853440762,0.04111029580235481,0.042300984263420105,-0.00041100685484707355,0.031585194170475006,-0.0017399517819285393,0.004684376530349255,0.041394587606191635,-0.0034709791652858257,0.0038540493696928024,0.05985553562641144,-0.022770743817090988,-0.02866693213582039,0.1351672112941742,-0.02834426425397396,-0.0385776162147522,0.15345104038715363,-0.057252753525972366,-0.0030275885947048664,0.08952008932828903,-0.07611819356679916,-0.004722523968666792,0.06008840352296829,-0.07611818611621857,-0.00472252769395709,0.06008842960000038,-0.05961070582270622,-0.02686091884970665,0.07180994749069214,0.03564687818288803,-0.014208745211362839,0.11776337772607803,0.049733176827430725,-0.029195252805948257,0.08944408595561981,0.04973316937685013,-0.02919524535536766,0.089444100856781,0.022132501006126404,-0.0399852991104126,0.09411067515611649
176,-0.03273734822869301,-0.02105419710278511,0.01852388307452202,-0.04268134757876396,-0.0020420760847628117,0.009390389546751976,-0.026798894628882408,-0.012282447889447212,0.03548828884959221,-0.03273734822869301,-0.02105420082807541,0.01852387934923172,0.04212191328406334,0.00047274003736674786,0.03203831613063812,0.05153516307473183,0.005673699080944061,0.011347711086273193,0.028180724009871483,0.01086718775331974,0.041917525231838226,0.04212191700935364,0.00047273607924580574,0.032038312405347824,-0.0019063323270529509,0.004514031112194061,0.042111728340387344,-0.003651608247309923,0.0035343386698514223,0.06056401506066322,-0.023006871342658997,-0.02738577127456665,0.13663312792778015,-0.028715364634990692,-0.0367342010140419,0.15516969561576843,-0.05766008794307709,-0.0041441284120082855,0.08985842764377594,-0.07667350769042969,-0.007538347505033016,0.06066988781094551,-0.0766734927892685,-0.007538352627307177,0.060669898986816406,-0.060820892453193665,-0.029920490458607674,0.07282449305057526,0.03564454987645149,-0.013405692763626575,0.11974730342626572,0.04843004047870636,-0.030464455485343933,0.09198885411024094,0.04843003675341606,-0.030464446172118187,0.09198886901140213,0.021217001602053642,-0.04230169951915741,0.0963854268193245
177,-0.03250249847769737,-0.0208879467099905,0.018624285236001015,-0.0426865853369236,-0.0020522710401564837,0.009390306659042835,-0.02657926268875599,-0.01296121347695589,0.03600478917360306,-0.03250250592827797,-0.0208879504352808,0.018624279648065567,0.04189199581742287,0.0014716873411089182,0.03242633491754532,0.05145203694701195,0.0056119947694242,0.011564334854483604,0.02787594310939312,0.011307838372886181,0.04276076704263687,0.041891999542713165,0.0014716829173266888,0.03242633119225502,-0.0020694665145128965,0.004314950667321682,0.04281914234161377,-0.0038475056644529104,0.0031713172793388367,0.061258863657712936,-0.023304808884859085,-0.025966990739107132,0.13809706270694733,-0.02915145829319954,-0.03471159189939499,0.1568835824728012,-0.058057088404893875,-0.0054239435121417046,0.09016413986682892,-0.0770440548658371,-0.010968761518597603,0.061289362609386444,-0.0770440474152565,-0.010968761518597603,0.06128938868641853,-0.06179080531001091,-0.03349914029240608,0.07392743974924088,0.03552136942744255,-0.012207952328026295,0.1217336505651474,0.04716632887721062,-0.031242871657013893,0.0947694182395935,0.04716631770133972,-0.031242864206433296,0.0947694480419159,0.020519373938441277,-0.044462934136390686,0.09866423159837723
178,-0.03224579244852066,-0.020729050040245056,0.018676243722438812,-0.042692601680755615,-0.002063600579276681,0.009390240535140038,-0.026301825419068336,-0.013683643192052841,0.03642536327242851,-0.03224579617381096,-0.020729053765535355,0.018676239997148514,0.041597653180360794,0.0025547032710164785,0.032716237008571625,0.051371075212955475,0.0055577103048563,0.011758625507354736,0.027563417330384254,0.011754339560866356,0.043597735464572906,0.04159765690565109,0.0025547011755406857,0.032716233283281326,-0.0022167200222611427,0.004088892135769129,0.043473463505506516,-0.0040464214980602264,0.0027688839472830296,0.06189633533358574,-0.023683320730924606,-0.024495918303728104,0.1394595354795456,-0.02967640943825245,-0.03262176364660263,0.15847629308700562,-0.058440763503313065,-0.006852935999631882,0.09040839225053787,-0.07716529071331024,-0.01504233293235302,0.06199488788843155,-0.07716528326272964,-0.01504233293235302,0.06199490278959274,-0.06246796250343323,-0.037683259695768356,0.07508599013090134,0.035264868289232254,-0.010723069310188293,0.12361367046833038,0.045922987163066864,-0.03164535388350487,0.09765864163637161,0.045922987163066864,-0.03164535015821457,0.0976586565375328,0.02005792409181595,-0.046509772539138794,0.10082822293043137
179,-0.03197665885090828,-0.02059117890894413,0.018671231344342232,-0.042701877653598785,-0.0020818118937313557,0.009390193969011307,-0.025967510417103767,-0.014429089613258839,0.03672444075345993,-0.03197666257619858,-0.02059118077158928,0.018671223893761635,0.04122361168265343,0.0036966458428651094,0.03286876529455185,0.05131051689386368,0.005503338761627674,0.011922430247068405,0.027254780754446983,0.012191259302198887,0.044388893991708755,0.041223615407943726,0.0036966416519135237,0.03286875784397125,-0.0023390413261950016,0.003841734491288662,0.04403906688094139,-0.004239535890519619,0.0023431493900716305,0.06244109943509102,-0.024151204153895378,-0.02303045615553856,0.14064928889274597,-0.03030112013220787,-0.030542438849806786,0.1598673313856125,-0.058814238756895065,-0.008399459533393383,0.09057331085205078,-0.07703586667776108,-0.01943342573940754,0.06280235201120377,-0.07703585177659988,-0.01943342015147209,0.06280237436294556,-0.0628131553530693,-0.04215492308139801,0.07627259939908981,0.03487231582403183,-0.009056074544787407,0.12529663741588593,0.04467974975705147,-0.03178023174405098,0.10054931789636612,0.04467974603176117,-0.031780220568180084,0.10054933279752731,0.019849270582199097,-0.048464857041835785,0.1028008684515953
180,-0.03170016035437584,-0.02048206701874733,0.01860663667321205,-0.04271670803427696,-0.0021120395977050066,0.009390194900333881,-0.02558007463812828,-0.015176326036453247,0.036893054842948914,-0.031700167804956436,-0.020482070744037628,0.018606627359986305,0.04073913395404816,0.004849483259022236,0.03283582627773285,0.05130477249622345,0.005424833856523037,0.012056157924234867,0.026967782527208328,0.012598469853401184,0.045095644891262054,0.040739141404628754,0.004849480930715799,0.03283581882715225,-0.002424870617687702,0.0035800000187009573,0.04448700323700905,-0.004416274838149548,0.0019199466332793236,0.06286554783582687,-0.024698561057448387,-0.02159075438976288,0.14162465929985046,-0.031014177948236465,-0.0285040270537138,0.16101288795471191,-0.05917918309569359,-0.010016651824116707,0.0906539261341095,-0.07662966847419739,-0.02400967665016651,0.06373409181833267,-0.07662966847419739,-0.024009672924876213,0.06373411417007446,-0.06278526037931442,-0.0468023382127285,0.07747551798820496,0.03436083346605301,-0.00729243503883481,0.1267145276069641,0.04343194141983986,-0.03173216059803963,0.1033603698015213,0.04343193769454956,-0.03173214942216873,0.1033603847026825,0.019916333258152008,-0.05032186210155487,0.10455965250730515
181,-0.03140861168503761,-0.020399507135152817,0.018479811027646065,-0.042738258838653564,-0.0021571735851466656,0.009390176273882389,-0.025120453909039497,-0.015931248664855957,0.03693227097392082,-0.03140861541032791,-0.020399508997797966,0.018479803577065468,0.040219780057668686,0.005894342437386513,0.032670002430677414,0.05147302895784378,0.005181667394936085,0.012258858419954777,0.0267521720379591,0.012926428578794003,0.04567667096853256,0.040219783782958984,0.005894341040402651,0.03266999498009682,-0.0024347868748009205,0.003284488106146455,0.044790223240852356,-0.004540305584669113,0.0015073688700795174,0.06314509361982346,-0.0252787284553051,-0.02017959952354431,0.14236463606357574,-0.03176572918891907,-0.02650926075875759,0.16189508140087128,-0.05950988829135895,-0.011669427156448364,0.09065049141645432,-0.07590441405773163,-0.028656454756855965,0.06481131911277771,-0.07590441405773163,-0.028656449168920517,0.0648113489151001,-0.06232506409287453,-0.051519300788640976,0.07869986444711685,0.033787552267313004,-0.00550987059250474,0.12782129645347595,0.042218178510665894,-0.03157439082860947,0.10603673756122589,0.0422181710600853,-0.03157437592744827,0.10603675991296768,0.02030589058995247,-0.05206439644098282,0.10613648593425751
182,-0.03123241662979126,-0.020361144095659256,0.018418973311781883,-0.04276618734002113,-0.002216857159510255,0.009390026330947876,-0.024892084300518036,-0.01673032157123089,0.03703662380576134,-0.031232420355081558,-0.020361145958304405,0.018418969586491585,0.03985900059342384,0.0061776358634233475,0.03331798315048218,0.05091937631368637,0.0053249383345246315,0.01280702743679285,0.02632758393883705,0.013111382722854614,0.04631120339035988,0.03985900804400444,0.0061776344664394855,0.03331797942519188,-0.0026590616907924414,0.00291314534842968,0.0451272577047348,-0.004916166886687279,0.001089650671929121,0.06345955282449722,-0.026180054992437363,-0.018792152404785156,0.1430637687444687,-0.03283969685435295,-0.02454463019967079,0.16271427273750305,-0.060121167451143265,-0.013343789614737034,0.09077053517103195,-0.07517234236001968,-0.033288441598415375,0.06626187264919281,-0.07517234236001968,-0.03328843414783478,0.066261887550354,-0.06172939017415047,-0.05621642619371414,0.08017567545175552,0.03287702798843384,-0.0037776343524456024,0.12879103422164917,0.040752340108156204,-0.03136744350194931,0.1087464839220047,0.04075233265757561,-0.031367428600788116,0.1087464988231659,0.020712148398160934,-0.05367240309715271,0.10780937969684601
183,-0.031065424904227257,-0.020341990515589714,0.018342500552535057,-0.042799271643161774,-0.002288349438458681,0.009389946237206459,-0.02466888353228569,-0.017443647608160973,0.03706904128193855,-0.031065432354807854,-0.020341992378234863,0.01834249496459961,0.03955588489770889,0.006443378981202841,0.03377909958362579,0.050434794276952744,0.005505731329321861,0.013175016269087791,0.025966007262468338,0.01324477232992649,0.0467812679708004,0.03955588862299919,0.006443377584218979,0.033779095858335495,-0.0028419061563909054,0.0025873014237731695,0.0453137569129467,-0.00528526958078146,0.000822730828076601,0.0636279284954071,-0.027121126651763916,-0.017232364043593407,0.1435585767030716,-0.03395042568445206,-0.022402049973607063,0.16331253945827484,-0.06075555086135864,-0.014850950799882412,0.09085964411497116,-0.07418684661388397,-0.03764934837818146,0.06795034557580948,-0.07418683171272278,-0.03764933720231056,0.06795036792755127,-0.06074290722608566,-0.06062546744942665,0.08178357034921646,0.03192420303821564,-0.00196162611246109,0.12944896519184113,0.03933015838265419,-0.030962161719799042,0.11130721122026443,0.03933015465736389,-0.0309621449559927,0.11130722612142563,0.02137961983680725,-0.0549321323633194,0.10951348394155502
184,-0.030894871801137924,-0.020336799323558807,0.018238194286823273,-0.042835697531700134,-0.0023676990531384945,0.009389827959239483,-0.024435149505734444,-0.018042176961898804,0.03702665492892265,-0.030894869938492775,-0.020336799323558807,0.018238190561532974,0.03932075947523117,0.006690545938909054,0.03397390991449356,0.05013760179281235,0.005631145089864731,0.01334306038916111,0.025717718526721,0.013331732712686062,0.04704494774341583,0.03932076320052147,0.006690541747957468,0.033973902463912964,-0.002946562133729458,0.0023307071533054113,0.04532228037714958,-0.00561460992321372,0.0007522450760006905,0.06362207233905792,-0.028048571199178696,-0.015421593561768532,0.14383256435394287,-0.03504091501235962,-0.019994184374809265,0.16367650032043457,-0.061377331614494324,-0.016118314117193222,0.09090923517942429,-0.07293515652418137,-0.04159749299287796,0.06987997889518738,-0.07293514907360077,-0.041597478091716766,0.06987999379634857,-0.05935467779636383,-0.06459184736013412,0.08354852348566055,0.030993960797786713,-2.361554652452469e-05,0.12978076934814453,0.03803025931119919,-0.03029748983681202,0.11368776857852936,0.03803025558590889,-0.030297474935650826,0.11368777602910995,0.022306926548480988,-0.055737074464559555,0.11132075637578964
185,-0.03070550039410591,-0.020347479730844498,0.018074287101626396,-0.042873580008745193,-0.0024510598741471767,0.009389722719788551,-0.024165581911802292,-0.018510106950998306,0.03688527271151543,-0.030705498531460762,-0.020347479730844498,0.01807427778840065,0.03919348493218422,0.006905839312821627,0.03385569155216217,0.05011143535375595,0.005663842428475618,0.01328838150948286,0.025634948164224625,0.013370363973081112,0.04706083610653877,0.039193496108055115,0.006905837915837765,0.033855684101581573,-0.002930985065177083,0.002152166562154889,0.045118965208530426,-0.0058611128479242325,0.0008933094795793295,0.06340344250202179,-0.028897225856781006,-0.013344807550311089,0.14384962618350983,-0.03604233264923096,-0.017307830974459648,0.16377010941505432,-0.061932794749736786,-0.017114726826548576,0.0908886045217514,-0.07139730453491211,-0.04502691328525543,0.0720117837190628,-0.07139729708433151,-0.04502689465880394,0.072011798620224,-0.0575580820441246,-0.0680035799741745,0.08544857054948807,0.030157998204231262,0.002039173152297735,0.12976565957069397,0.036948539316654205,-0.029341142624616623,0.11583130806684494,0.03694853559136391,-0.02934112772345543,0.11583132296800613,0.023490330204367638,-0.05602749437093735,0.11324013769626617
186,-0.030514726415276527,-0.020372964441776276,0.01786845363676548,-0.04291168227791786,-0.0025351152289658785,0.009389512240886688,-0.023904237896203995,-0.018846308812499046,0.03668255731463432,-0.030514726415276527,-0.020372964441776276,0.01786844991147518,0.03914852812886238,0.007088680751621723,0.03348225727677345,0.05029413476586342,0.005623324308544397,0.01305221114307642,0.025687921792268753,0.013348976150155067,0.04688452184200287,0.03914853557944298,0.0070886798202991486,0.033482249826192856,-0.002829686738550663,0.002042264211922884,0.04475485906004906,-0.006052990909665823,0.001221104757860303,0.06301488727331161,-0.029667872935533524,-0.01107967458665371,0.1436481475830078,-0.036950498819351196,-0.014437679201364517,0.163629949092865,-0.06243150681257248,-0.01786455512046814,0.09083344042301178,-0.06962563097476959,-0.047884225845336914,0.07433900237083435,-0.06962563097476959,-0.04788421094417572,0.07433901727199554,-0.055429473519325256,-0.07081352174282074,0.08748113363981247,0.029415348544716835,0.0041661858558654785,0.1294657289981842,0.03611323982477188,-0.028122663497924805,0.11773668229579926,0.03611323609948158,-0.028122641146183014,0.11773669719696045,0.02485186606645584,-0.055820219218730927,0.1152820959687233
187,-0.03034288063645363,-0.020423950627446175,0.017622411251068115,-0.0429484061896801,-0.0026171819772571325,0.009389189071953297,-0.023698020726442337,-0.019060736522078514,0.036436956375837326,-0.03034288063645363,-0.020423948764801025,0.017622407525777817,0.039172470569610596,0.0072175730019807816,0.03294868767261505,0.050566062331199646,0.005597799085080624,0.012667647562921047,0.02583388239145279,0.013246661052107811,0.04657704755663872,0.039172474294900894,0.007217572070658207,0.03294868394732475,-0.00268540158867836,0.0019769626669585705,0.04428018257021904,-0.006218982860445976,0.0016763247549533844,0.06249874457716942,-0.030355338007211685,-0.008789691142737865,0.14326636493206024,-0.03775375336408615,-0.011578507721424103,0.16329310834407806,-0.06287761777639389,-0.018439989537000656,0.09076250344514847,-0.06767405569553375,-0.05017247051000595,0.07679662108421326,-0.06767404824495316,-0.05017245188355446,0.07679663598537445,-0.053054653108119965,-0.07304346561431885,0.08957118541002274,0.0287651214748621,0.006234465166926384,0.1289452612400055,0.03555166721343994,-0.026741545647382736,0.11937826126813889,0.035551659762859344,-0.026741523295640945,0.11937826871871948,0.026319466531276703,-0.055215198546648026,0.11737433820962906
188,-0.030206453055143356,-0.02051343396306038,0.01732656918466091,-0.042982570827007294,-0.0026940535753965378,0.009388891980051994,-0.02356931008398533,-0.019159385934472084,0.03614449128508568,-0.030206456780433655,-0.020513435825705528,0.017326559871435165,0.03925855830311775,0.007275179959833622,0.032325275242328644,0.050852611660957336,0.005633122753351927,0.012159955687820911,0.026046982035040855,0.013049212284386158,0.046185821294784546,0.03925856202840805,0.007275176700204611,0.03232526779174805,-0.002520602196455002,0.0019361511804163456,0.043731410056352615,-0.006361876614391804,0.0021929405629634857,0.061888258904218674,-0.030931396409869194,-0.006664800923317671,0.1427401751279831,-0.038418278098106384,-0.008957055397331715,0.1627970039844513,-0.06324951350688934,-0.018923139199614525,0.09066884219646454,-0.06557415425777435,-0.051930610090494156,0.07926248759031296,-0.06557416170835495,-0.05193059518933296,0.07926250249147415,-0.05050214007496834,-0.07475708425045013,0.09158260375261307,0.02822680026292801,0.008105700835585594,0.1282641738653183,0.03530566766858101,-0.025329258292913437,0.1207146942615509,0.03530566021800041,-0.025329239666461945,0.1207147017121315,0.027854368090629578,-0.054358720779418945,0.1193854883313179
189,-0.030161820352077484,-0.020659923553466797,0.017024537548422813,-0.04301254451274872,-0.002762517426162958,0.009388548322021961,-0.02361385151743889,-0.01915239915251732,0.0358620248734951,-0.030161818489432335,-0.020659923553466797,0.017024528235197067,0.0395255871117115,0.006968842353671789,0.03207596018910408,0.050763633102178574,0.005965820513665676,0.01166863739490509,0.026210792362689972,0.012755293399095535,0.04583217203617096,0.0395255908370018,0.006968840956687927,0.03207595646381378,-0.002442769007757306,0.0019044335931539536,0.043212298303842545,-0.006574944593012333,0.002708490239456296,0.06128911301493645,-0.03147903084754944,-0.004863838665187359,0.14218366146087646,-0.03902636840939522,-0.006761595606803894,0.162259042263031,-0.06362646073102951,-0.019384164363145828,0.0906033143401146,-0.06345739960670471,-0.053224220871925354,0.08166889101266861,-0.06345740705728531,-0.05322420597076416,0.0816689059138298,-0.047940220683813095,-0.0760389119386673,0.09344621002674103,0.0277104489505291,0.009671540930867195,0.12756119668483734,0.035299934446811676,-0.02400594763457775,0.1217968612909317,0.03529992699623108,-0.024005930870771408,0.1217968612909317,0.029328228905797005,-0.053400669246912,0.12126106023788452
190,-0.03020743653178215,-0.020868908613920212,0.016692601144313812,-0.04303654655814171,-0.002818263601511717,0.009388169273734093,-0.023771019652485847,-0.01909937523305416,0.03554573282599449,-0.03020743653178215,-0.020868908613920212,0.016692595556378365,0.03998500108718872,0.006259562447667122,0.03216411918401718,0.050551265478134155,0.006289676297456026,0.01137682143598795,0.02636580727994442,0.012321403250098228,0.04549722373485565,0.03998500853776932,0.00625956105068326,0.03216411545872688,-0.00240289862267673,0.0018245005048811436,0.04270297288894653,-0.006794198416173458,0.0031350883655250072,0.06068883836269379,-0.03194645047187805,-0.003504879307001829,0.14159426093101501,-0.03953117877244949,-0.005122330971062183,0.16168007254600525,-0.06394079327583313,-0.01990273967385292,0.09049692749977112,-0.06130401790142059,-0.05416564643383026,0.08385592699050903,-0.06130402162671089,-0.05416562408208847,0.08385594189167023,-0.04537658393383026,-0.07700406014919281,0.09502385556697845,0.027262995019555092,0.010857914574444294,0.12685520946979523,0.03558945655822754,-0.022868674248456955,0.12259035557508469,0.03558945283293724,-0.02286865934729576,0.12259035557508469,0.030776705592870712,-0.05247870832681656,0.12287618964910507
191,-0.03031609207391739,-0.02111753821372986,0.016325265169143677,-0.04305379465222359,-0.0028585996478796005,0.009387783706188202,-0.023926803842186928,-0.01894812472164631,0.03515264019370079,-0.030316093936562538,-0.021117540076375008,0.01632525585591793,0.04042747989296913,0.00559737766161561,0.0321258120238781,0.05039699003100395,0.006586920935660601,0.011069020256400108,0.02658856101334095,0.011848259717226028,0.04514159634709358,0.04042748361825943,0.005597373936325312,0.0321258082985878,-0.0023109959438443184,0.0017683040350675583,0.04216816648840904,-0.006922324188053608,0.0035288711078464985,0.06006030738353729,-0.032269202172756195,-0.0024937246926128864,0.14095106720924377,-0.03987806290388107,-0.003938748501241207,0.16104090213775635,-0.06410067528486252,-0.02040371485054493,0.09027515351772308,-0.05906365066766739,-0.05473586171865463,0.08569975942373276,-0.059063658118247986,-0.05473585054278374,0.08569975942373276,-0.042770639061927795,-0.07761632651090622,0.09623642265796661,0.026945214718580246,0.011798359453678131,0.12614411115646362,0.0362398624420166,-0.02180546149611473,0.12307905405759811,0.036239854991436005,-0.02180544100701809,0.12307905405759811,0.03228036314249039,-0.05152357742190361,0.12415353953838348
192,-0.030495746061205864,-0.021393168717622757,0.015957027673721313,-0.043063919991254807,-0.002882370725274086,0.009387575089931488,-0.02407573163509369,-0.018736254423856735,0.0347113274037838,-0.030495744198560715,-0.021393170580267906,0.015957023948431015,0.04082203283905983,0.004993589129298925,0.031992796808481216,0.05025877431035042,0.006869909353554249,0.010751643218100071,0.026835165917873383,0.011373193003237247,0.044786084443330765,0.04082203656435013,0.004993585404008627,0.03199278935790062,-0.00219470146112144,0.001731647178530693,0.041633524000644684,-0.006988206412643194,0.0038802886847406626,0.0594351626932621,-0.032514866441488266,-0.0017560957930982113,0.1402883231639862,-0.04014531150460243,-0.0031170519068837166,0.16037584841251373,-0.06414228677749634,-0.020876813679933548,0.08994202315807343,-0.05680591240525246,-0.05498860776424408,0.08719167113304138,-0.05680592358112335,-0.054988592863082886,0.08719167113304138,-0.04017864912748337,-0.07789543271064758,0.09713196754455566,0.026684124022722244,0.01260497234761715,0.12547309696674347,0.037181880325078964,-0.020714445039629936,0.12332469969987869,0.037181876599788666,-0.020714418962597847,0.12332470715045929,0.03381454944610596,-0.05047048628330231,0.12512393295764923
193,-0.030739065259695053,-0.02167711965739727,0.015615017153322697,-0.043066591024398804,-0.002888455055654049,0.00938729103654623,-0.02419951744377613,-0.01851174421608448,0.03424869850277901,-0.03073906898498535,-0.02167712338268757,0.015615008771419525,0.041157886385917664,0.004456875380128622,0.03180444613099098,0.05012921243906021,0.0071279327385127544,0.0104470020160079,0.0270745437592268,0.010934329591691494,0.04444177448749542,0.041157886385917664,0.004456871189177036,0.031804438680410385,-0.0020700935274362564,0.0017060576938092709,0.04111604765057564,-0.007013935595750809,0.004181466531008482,0.058833930641412735,-0.03273140639066696,-0.001200314611196518,0.13963016867637634,-0.040386900305747986,-0.00253999512642622,0.15970957279205322,-0.06409403681755066,-0.021313926205039024,0.08951913565397263,-0.0545881986618042,-0.05497835576534271,0.08835870772600174,-0.054588206112384796,-0.05497833341360092,0.08835870772600174,-0.03762431442737579,-0.07785311341285706,0.09779112040996552,0.026422254741191864,0.013401487842202187,0.12485965341329575,0.038357749581336975,-0.019467080011963844,0.12337520718574524,0.03835773840546608,-0.019467059522867203,0.12337521463632584,0.03538459166884422,-0.049218520522117615,0.12582674622535706
194,-0.031026823446154594,-0.021950267255306244,0.01531909592449665,-0.04306281358003616,-0.0028790337964892387,0.009387027472257614,-0.024281708523631096,-0.01831924170255661,0.03379390761256218,-0.031026825308799744,-0.021950270980596542,0.01531908754259348,0.0414348840713501,0.003996844869107008,0.03160202130675316,0.050007205456495285,0.007352124433964491,0.010177334770560265,0.02728566713631153,0.010563095100224018,0.044119369238615036,0.041434891521930695,0.0039968425408005714,0.03160201758146286,-0.001948030898347497,0.0016824803315103054,0.0406327024102211,-0.007017516065388918,0.004426419269293547,0.05827537178993225,-0.03295007720589638,-0.0007443861104547977,0.1389997899532318,-0.04063575714826584,-0.0021008136682212353,0.15906654298305511,-0.0639810860157013,-0.021707331761717796,0.0890427976846695,-0.052463382482528687,-0.05475737154483795,0.08924073725938797,-0.05246339738368988,-0.05475735664367676,0.08924073725938797,-0.035118818283081055,-0.07749921083450317,0.09829463809728622,0.026118051260709763,0.014286603778600693,0.12430991232395172,0.03971473127603531,-0.017947591841220856,0.12326639145612717,0.03971472010016441,-0.017947569489479065,0.12326639890670776,0.03700360655784607,-0.04767037183046341,0.12630027532577515
195,-0.03132465481758118,-0.02219192311167717,0.01507645659148693,-0.04305417835712433,-0.002857675775885582,0.009386854246258736,-0.024318372830748558,-0.01818436197936535,0.03337538614869118,-0.03132465481758118,-0.02219192497432232,0.015076449140906334,0.04165398329496384,0.003617048729211092,0.03142275661230087,0.049895212054252625,0.00753417331725359,0.009963537566363811,0.027455126866698265,0.010278605856001377,0.04383306950330734,0.041653990745544434,0.0036170464009046555,0.031422752887010574,-0.0018385082948952913,0.0016569769941270351,0.04020240530371666,-0.007014825474470854,0.004614553414285183,0.05777941271662712,-0.03319365158677101,-0.00032904883846640587,0.1384201943874359,-0.040913842618465424,-0.001720472238957882,0.15847131609916687,-0.06383655220270157,-0.022041114047169685,0.08855393528938293,-0.050494708120822906,-0.054371729493141174,0.08986867964267731,-0.0504947155714035,-0.054371707141399384,0.0898686870932579,-0.0326896607875824,-0.0768449679017067,0.09869661927223206,0.025742437690496445,0.01530938595533371,0.12382690608501434,0.041193656623363495,-0.016085080802440643,0.123021200299263,0.041193637996912,-0.016085058450698853,0.1230212077498436,0.038664743304252625,-0.04576660692691803,0.12657223641872406
196,-0.031596120446920395,-0.02238696627318859,0.014885476790368557,-0.04304269701242447,-0.002829205244779587,0.00938672386109829,-0.02431533858180046,-0.018110603094100952,0.03301562741398811,-0.03159612417221069,-0.02238696813583374,0.014885470271110535,0.04182446748018265,0.0033113867975771427,0.03129788860678673,0.04979727417230606,0.007667770609259605,0.009821941144764423,0.027582485228776932,0.010077042505145073,0.04360201582312584,0.041824474930763245,0.0033113849349319935,0.03129788488149643,-0.001745267421938479,0.0016272603534162045,0.039844971150159836,-0.007013315800577402,0.0047459108754992485,0.05736679211258888,-0.03347565606236458,7.164385169744492e-05,0.13791236281394958,-0.041233137249946594,-0.0013599386438727379,0.15794624388217926,-0.06369982659816742,-0.02229173108935356,0.08808644115924835,-0.04875393584370613,-0.053866103291511536,0.09024997055530548,-0.048753947019577026,-0.053866080939769745,0.09024997800588608,-0.030389877036213875,-0.07591204345226288,0.09900987148284912,0.025284294039011,0.016452547162771225,0.12341534346342087,0.042730338871479034,-0.013879852369427681,0.12265238910913467,0.04273032397031784,-0.013879833742976189,0.12265239655971527,0.04033084958791733,-0.04351440444588661,0.1266566663980484
197,-0.031810976564884186,-0.02252805419266224,0.01474076695740223,-0.04303048178553581,-0.0027993442490696907,0.009386611171066761,-0.024285176768898964,-0.018081115558743477,0.03272927924990654,-0.031810980290174484,-0.022528057917952538,0.014740757644176483,0.041961826384067535,0.0030634310096502304,0.031248759478330612,0.049718111753463745,0.007748627569526434,0.009762732312083244,0.02767951227724552,0.009932690300047398,0.043448299169540405,0.041961830109357834,0.0030634277500212193,0.031248753890395164,-0.0016649158205837011,0.0015920507721602917,0.03957922011613846,-0.007010795641690493,0.004820709116756916,0.057057492434978485,-0.0338013619184494,0.00045389449223876,0.13749346137046814,-0.04159799963235855,-0.001016224268823862,0.15750934183597565,-0.06361385434865952,-0.022431746125221252,0.08766265213489532,-0.04731316119432449,-0.053285591304302216,0.09036998450756073,-0.04731317609548569,-0.05328557640314102,0.09036997705698013,-0.028292862698435783,-0.07473447918891907,0.09921149164438248,0.02475143037736416,0.017642293125391006,0.12308360636234283,0.0442621149122715,-0.011400783434510231,0.12217000126838684,0.044262103736400604,-0.011400768533349037,0.12217000871896744,0.041938744485378265,-0.04098678007721901,0.12655963003635406
198,-0.03195090591907501,-0.022614091634750366,0.014638612978160381,-0.04301972687244415,-0.0027731657028198242,0.00938647985458374,-0.024242741987109184,-0.018066834658384323,0.032524529844522476,-0.03195091336965561,-0.022614097222685814,0.01463860273361206,0.04208315908908844,0.002849278040230274,0.03128596022725105,0.04966428503394127,0.007772454526275396,0.009790629148483276,0.027765804901719093,0.009807349182665348,0.04339374601840973,0.04208316653966904,0.0028492766432464123,0.031285952776670456,-0.001588643528521061,0.0015508192591369152,0.0394216887652874,-0.006997404620051384,0.004839098080992699,0.056869473308324814,-0.034165509045124054,0.000790716614574194,0.1371779888868332,-0.042002588510513306,-0.0007151211611926556,0.15717542171478271,-0.06361495703458786,-0.022439859807491302,0.08729536831378937,-0.046227067708969116,-0.05267585813999176,0.09020194411277771,-0.04622708261013031,-0.05267583951354027,0.09020194411277771,-0.0264703668653965,-0.07335610687732697,0.09925725311040878,0.0241700392216444,0.018772952258586884,0.12284402549266815,0.0457400307059288,-0.00876179151237011,0.12158894538879395,0.04574001580476761,-0.008761771023273468,0.12158895283937454,0.04341784492135048,-0.038300447165966034,0.12628722190856934
199,-0.03201119229197502,-0.022648867219686508,0.014580045826733112,-0.04301214590668678,-0.0027548596262931824,0.00938643328845501,-0.024200698360800743,-0.018037885427474976,0.032405152916908264,-0.03201119229197502,-0.022648870944976807,0.01458003744482994,0.04220355674624443,0.002644491847604513,0.03140944987535477,0.04964388906955719,0.007735192775726318,0.009903950616717339,0.027862535789608955,0.009662961587309837,0.04345420375466347,0.04220356047153473,0.00264448719099164,0.03140944615006447,-0.0015055539552122355,0.0015032319352030754,0.0393841452896595,-0.006959613412618637,0.0048009734600782394,0.05681602656841278,-0.03454889357089996,0.0010418947786092758,0.13697871565818787,-0.04242594167590141,-0.0004997593350708485,0.1569576859474182,-0.06372253596782684,-0.022312618792057037,0.08699570596218109,-0.04551694542169571,-0.05208037048578262,0.08972328901290894,-0.0455169603228569,-0.05208035558462143,0.08972328156232834,-0.024967648088932037,-0.07182290405035019,0.09910182654857635,0.023580748587846756,0.01973857544362545,0.12270776182413101,0.04713958501815796,-0.0060843974351882935,0.12093095481395721,0.047139570116996765,-0.00608438067138195,0.12093096226453781,0.044713154435157776,-0.03557870537042618,0.12584994733333588
200,-0.03199981153011322,-0.022638045251369476,0.014572551473975182,-0.04300868511199951,-0.002746444195508957,0.009386476129293442,-0.024165937677025795,-0.01797245629131794,0.03237317502498627,-0.03199981525540352,-0.022638048976659775,0.01457254309207201,0.04233405366539955,0.002429117914289236,0.03161058947443962,0.04966528341174126,0.007633248344063759,0.010094773024320602,0.027987832203507423,0.009471029974520206,0.043635450303554535,0.04233406111598015,0.0024291151203215122,0.03161058574914932,-0.0014050023164600134,0.001448487862944603,0.03947233781218529,-0.006883145309984684,0.004705427214503288,0.056904345750808716,-0.03491650149226189,0.0011625820770859718,0.13690784573554993,-0.04282891005277634,-0.0004206341691315174,0.156869575381279,-0.06393039226531982,-0.022069644182920456,0.08677878230810165,-0.04516328126192093,-0.05153459310531616,0.08892671763896942,-0.04516329616308212,-0.05153457075357437,0.08892671763896942,-0.02378927357494831,-0.07017336785793304,0.09871171414852142,0.023032862693071365,0.020456334576010704,0.12268045544624329,0.048462770879268646,-0.0034660547971725464,0.1202225461602211,0.04846275597810745,-0.0034660380333662033,0.1202225536108017,0.045798130333423615,-0.03291936218738556,0.12526243925094604
201,-0.03193507716059685,-0.02258795127272606,0.01462977658957243,-0.043008897453546524,-0.002747439779341221,0.009386598132550716,-0.024139363318681717,-0.017858348786830902,0.0324302576482296,-0.03193507716059685,-0.022587953135371208,0.014629766345024109,0.04248030483722687,0.0021924693137407303,0.03187345713376999,0.04973540082573891,0.007465064525604248,0.01034849975258112,0.028154149651527405,0.009217359125614166,0.043932151049375534,0.042480308562517166,0.002192464657127857,0.03187345340847969,-0.001278458395972848,0.0013866270892322063,0.0396856851875782,-0.006755617912858725,0.00455266609787941,0.05713473632931709,-0.03522235155105591,0.0011150208301842213,0.13697633147239685,-0.04315926879644394,-0.0005217874422669411,0.1569240242242813,-0.0642092227935791,-0.021746914833784103,0.08666609972715378,-0.04511565715074539,-0.051057133823633194,0.08782746642827988,-0.045115672051906586,-0.0510571151971817,0.08782747387886047,-0.02290661633014679,-0.06842881441116333,0.09807351231575012,0.02257595583796501,0.020879950374364853,0.12275878340005875,0.04972871020436287,-0.00096149742603302,0.11949063092470169,0.049728695303201675,-0.0009614825248718262,0.11949063837528229,0.04667113721370697,-0.030374787747859955,0.12454122304916382
202,-0.03184478357434273,-0.022506333887577057,0.014766131527721882,-0.04301148280501366,-0.002754569984972477,0.00938662700355053,-0.024124057963490486,-0.017685160040855408,0.03257473185658455,-0.031844787299633026,-0.022506337612867355,0.014766125939786434,0.04263892024755478,0.0019382592290639877,0.03217751905322075,0.0498567596077919,0.00723335100337863,0.010645563714206219,0.028362037613987923,0.008905816823244095,0.044327568262815475,0.04263892397284508,0.001938255038112402,0.03217751160264015,-0.0011262822663411498,0.0013246373273432255,0.04001524671912193,-0.006574276369065046,0.004350832663476467,0.05749820917844772,-0.0354263074696064,0.0008825180120766163,0.13718825578689575,-0.04337073862552643,-0.000825023278594017,0.1571270078420639,-0.064521424472332,-0.021378062665462494,0.0866764634847641,-0.04531797394156456,-0.05063864216208458,0.08645778149366379,-0.045317988842725754,-0.05063862353563309,0.08645778149366379,-0.02228483557701111,-0.06658478081226349,0.09719060361385345,0.02224496379494667,0.02100571244955063,0.12292923033237457,0.05095195770263672,0.0014222674071788788,0.11875797808170319,0.050951939076185226,0.0014222804456949234,0.11875798553228378,0.04733479768037796,-0.027945831418037415,0.12370061874389648
203,-0.03175867721438408,-0.022400442510843277,0.01499327551573515,-0.04301447793841362,-0.002762698568403721,0.009386857971549034,-0.024119963869452477,-0.017448944970965385,0.03280148282647133,-0.03175868093967438,-0.022400446236133575,0.014993266202509403,0.042805902659893036,0.001672409474849701,0.032500702887773514,0.05002747103571892,0.006945100147277117,0.010964502580463886,0.028609981760382652,0.008543203584849834,0.0447998084127903,0.042805906385183334,0.0016724057495594025,0.032500699162483215,-0.0009491321397945285,0.0012672687880694866,0.04044654965400696,-0.0063385372050106525,0.004107567947357893,0.0579787977039814,-0.03549618273973465,0.0004673618823289871,0.13753962516784668,-0.04342737793922424,-0.001329947728663683,0.1574757844209671,-0.06482568383216858,-0.02098914235830307,0.08682180941104889,-0.045721739530563354,-0.05025024712085724,0.08486509323120117,-0.04572175443172455,-0.050250232219696045,0.08486510068178177,-0.021898431703448296,-0.06462380290031433,0.09608334302902222,0.022063102573156357,0.020856495946645737,0.12317085266113281,0.05213763192296028,0.003704095259308815,0.1180405393242836,0.05213761329650879,0.0037040989845991135,0.1180405467748642,0.04778984934091568,-0.025602778419852257,0.12275256216526031
204,-0.031702060252428055,-0.022275671362876892,0.015316192060709,-0.043015338480472565,-0.002766183577477932,0.00938697811216116,-0.02412695251405239,-0.017146306112408638,0.03310120850801468,-0.03170206397771835,-0.02227567508816719,0.015316182747483253,0.042977236211299896,0.001398574560880661,0.03282063454389572,0.05024302378296852,0.0066096605733036995,0.01128431037068367,0.028896043077111244,0.008135355077683926,0.045324064791202545,0.042977239936590195,0.0013985713012516499,0.032820627093315125,-0.0007476706523448229,0.0012186625972390175,0.040960490703582764,-0.006049538962543011,0.0038320410531014204,0.05855460837483406,-0.035411663353443146,-0.00010624993592500687,0.138017475605011,-0.04330862686038017,-0.0020103799179196358,0.1579573005437851,-0.06508265435695648,-0.02058599330484867,0.08710089325904846,-0.04629572480916977,-0.049844786524772644,0.08310388028621674,-0.04629573971033096,-0.04984476789832115,0.08310388773679733,-0.021741973236203194,-0.06252135336399078,0.09478362649679184,0.02204276993870735,0.02047400176525116,0.12345802783966064,0.05327770859003067,0.005914008244872093,0.11734350025653839,0.053277693688869476,0.005914019420742989,0.11734350770711899,0.04803145304322243,-0.0232999250292778,0.12170491367578506
205,-0.031690627336502075,-0.02213386818766594,0.01573130302131176,-0.04301232099533081,-0.002760256640613079,0.009387116879224777,-0.024145396426320076,-0.01677224412560463,0.033460427075624466,-0.031690631061792374,-0.022133871912956238,0.015731291845440865,0.04315430298447609,0.0011158809065818787,0.03311906009912491,0.05050041526556015,0.006235644221305847,0.011588084511458874,0.029219327494502068,0.0076843551360070705,0.045873332768678665,0.043154310435056686,0.0011158795095980167,0.03311905637383461,-0.000521651585586369,0.001182279083877802,0.04153416305780411,-0.005708508193492889,0.003534171497449279,0.059199318289756775,-0.03515872731804848,-0.0007980107329785824,0.1386023461818695,-0.04300233721733093,-0.0028209364973008633,0.15855152904987335,-0.0652555525302887,-0.020153820514678955,0.08750135451555252,-0.04702400416135788,-0.049365125596523285,0.08123141527175903,-0.04702401161193848,-0.04936511069536209,0.08123142272233963,-0.021824361756443977,-0.06025543063879013,0.09333010762929916,0.02219204790890217,0.019908800721168518,0.12376077473163605,0.054356649518013,0.008080320432782173,0.11665254831314087,0.05435663461685181,0.008080322295427322,0.11665254831314087,0.04805762320756912,-0.020989926531910896,0.12055668979883194
206,-0.03172668069601059,-0.021972302347421646,0.016227660700678825,-0.043004270642995834,-0.0027423612773418427,0.009387250989675522,-0.024175575003027916,-0.016321679577231407,0.03386429324746132,-0.03172668069601059,-0.021972304210066795,0.016227655112743378,0.043340396136045456,0.0008142148144543171,0.033384233713150024,0.050800129771232605,0.005825770553201437,0.011866874992847443,0.029579101130366325,0.007188445422798395,0.04642247408628464,0.043340399861335754,0.0008142120204865932,0.03338422626256943,-0.000270345713943243,0.0011598006822168827,0.04214493930339813,-0.005316993687301874,0.003221713239327073,0.059886764734983444,-0.034718818962574005,-0.0015648482367396355,0.13927696645259857,-0.04249006509780884,-0.0037125758826732635,0.1592414379119873,-0.06530628353357315,-0.01966731995344162,0.08801057189702988,-0.04789622500538826,-0.04875638335943222,0.07930897176265717,-0.047896236181259155,-0.04875636845827103,0.07930897921323776,-0.022153563797473907,-0.05781763046979904,0.09176722913980484,0.02252212166786194,0.01921067386865616,0.1240449845790863,0.05535941198468208,0.010222356766462326,0.1159256175160408,0.05535939335823059,0.010222358629107475,0.1159256249666214,0.04788172245025635,-0.01863468438386917,0.11929532885551453
207,-0.03180229291319847,-0.02178533747792244,0.016790814697742462,-0.04299124702811241,-0.002712826244533062,0.009387253783643246,-0.02422213926911354,-0.0157893355935812,0.03430049493908882,-0.03180230036377907,-0.021785341203212738,0.016790809109807014,0.04353073611855507,0.0005062166601419449,0.03359181061387062,0.05113556236028671,0.005422374699264765,0.012103253975510597,0.029968533664941788,0.006648501846939325,0.046946171671152115,0.04353073984384537,0.0005062134005129337,0.033591803163290024,1.585925929248333e-06,0.0011539370752871037,0.0427720844745636,-0.004880733322352171,0.0029015582986176014,0.06059345602989197,-0.034070003777742386,-0.002378535456955433,0.14002828299999237,-0.04174724221229553,-0.004654881078749895,0.16001485288143158,-0.0651949793100357,-0.019106224179267883,0.08861640095710754,-0.04889708384871483,-0.047975555062294006,0.07739400118589401,-0.048897091299295425,-0.047975536435842514,0.07739400863647461,-0.02272198721766472,-0.05521772801876068,0.09013819694519043,0.02304210141301155,0.018422819674015045,0.12427715212106705,0.056267473846673965,0.012352507561445236,0.11509959399700165,0.05626745522022247,0.012352516874670982,0.11509961634874344,0.04753195494413376,-0.01621011458337307,0.11790436506271362
208,-0.03189733624458313,-0.021566538140177727,0.017396923154592514,-0.042974505573511124,-0.0026745074428617954,0.00938737578690052,-0.024277344346046448,-0.01517730113118887,0.034749530255794525,-0.03189733996987343,-0.021566541865468025,0.017396917566657066,0.04373879358172417,0.00014962861314415932,0.033744927495718,0.05152646824717522,0.004980134312063456,0.012302491813898087,0.030388761311769485,0.006066479254513979,0.04741121828556061,0.043738801032304764,0.00014962628483772278,0.033744923770427704,0.0002987668849527836,0.0011632675305008888,0.04338851198554039,-0.004395144060254097,0.0025721879210323095,0.06129032000899315,-0.03317016363143921,-0.003252290189266205,0.140837624669075,-0.040724899619817734,-0.005667292512953281,0.16085457801818848,-0.06486524641513824,-0.018480058759450912,0.08929924666881561,-0.0499836727976799,-0.04700711369514465,0.07552435249090195,-0.049983683973550797,-0.04700709506869316,0.07552437484264374,-0.023482749238610268,-0.05249468982219696,0.08846987038850784,0.023771896958351135,0.017566394060850143,0.1244177594780922,0.05707096308469772,0.014468383975327015,0.11409418284893036,0.057070937007665634,0.014468380250036716,0.11409419029951096,0.047062814235687256,-0.013721884228289127,0.11636253446340561
209,-0.03199002146720886,-0.02131253480911255,0.018021509051322937,-0.04295561835169792,-0.002631682902574539,0.009387454017996788,-0.02433660626411438,-0.014489473775029182,0.0351933091878891,-0.03199002519249916,-0.021312536671757698,0.01802149973809719,0.043967071920633316,-0.0002710232511162758,0.033839158713817596,0.051977258175611496,0.0044879307970404625,0.012462794780731201,0.030831273645162582,0.005455407779663801,0.047791171818971634,0.043967075645923615,-0.0002710255794227123,0.033839151263237,0.000617832294665277,0.0011895745992660522,0.04397254064679146,-0.0038641784340143204,0.002229368546977639,0.061953723430633545,-0.03198355808854103,-0.0042515164241194725,0.14168524742126465,-0.03937754034996033,-0.006834062281996012,0.16174127161502838,-0.06426791101694107,-0.017835604026913643,0.09003620594739914,-0.051101602613925934,-0.04586052894592285,0.07371889799833298,-0.05110161006450653,-0.04586051404476166,0.07371892035007477,-0.02436904050409794,-0.04971068352460861,0.08677823096513748,0.024714861065149307,0.016637714579701424,0.12443523108959198,0.05774063616991043,0.01655418798327446,0.1128467470407486,0.057740624994039536,0.01655418798327446,0.11284676194190979,0.04652237892150879,-0.011209842748939991,0.11466588824987411
210,-0.032059717923402786,-0.02102457918226719,0.018638744950294495,-0.04293639585375786,-0.002588772214949131,0.009387587197124958,-0.024391062557697296,-0.013733722269535065,0.03561032935976982,-0.032059721648693085,-0.021024582907557487,0.018638741225004196,0.04421524703502655,-0.0007646121084690094,0.03387193754315376,0.052488334476947784,0.003936837427318096,0.012583160772919655,0.03128699213266373,0.004834379535168409,0.04806740954518318,0.04421525076031685,-0.0007646153680980206,0.033871930092573166,0.0009557349840179086,0.001234395895153284,0.04450564831495285,-0.003293831367045641,0.001863210927695036,0.06256217509508133,-0.03048884868621826,-0.005500514525920153,0.1425381451845169,-0.03767486661672592,-0.008311962708830833,0.16263891756534576,-0.0633661299943924,-0.01725979894399643,0.09078924357891083,-0.05218576639890671,-0.044567644596099854,0.07196684181690216,-0.052185773849487305,-0.04456762596964836,0.07196686416864395,-0.02530096098780632,-0.04694807901978493,0.08506418019533157,0.025854747742414474,0.015599820762872696,0.12431000173091888,0.05824179947376251,0.018325787037611008,0.11132346838712692,0.05824177712202072,0.01832578331232071,0.11132349073886871,0.04594552889466286,-0.00899658165872097,0.11283671855926514
211,-0.03209150955080986,-0.02070925198495388,0.01922394149005413,-0.0429181233048439,-0.0025489204563200474,0.009387684985995293,-0.024428831413388252,-0.012918336316943169,0.03597459942102432,-0.03209151327610016,-0.02070925571024418,0.019223932176828384,0.044480182230472565,-0.0013373508118093014,0.033842768520116806,0.05305490270256996,0.003319364506751299,0.012663798406720161,0.03174905851483345,0.0042236908338963985,0.04823002219200134,0.04448018595576286,-0.0013373526744544506,0.03384276106953621,0.0013112628366798162,0.0012992294505238533,0.04497125744819641,-0.0026920842938125134,0.0014623310416936874,0.06309414654970169,-0.028693486005067825,-0.007160943001508713,0.14334003627300262,-0.035620082169771194,-0.010304378345608711,0.1634826809167862,-0.0621490478515625,-0.016858674585819244,0.09149949997663498,-0.05317368730902672,-0.0431644506752491,0.07022859156131744,-0.053173694759607315,-0.043164439499378204,0.07022861391305923,-0.026203438639640808,-0.044293005019426346,0.08331796526908875,0.027150113135576248,0.014389228075742722,0.124034084379673,0.05853086709976196,0.01995963044464588,0.10956962406635284,0.05853084474802017,0.019959622994065285,0.10956963151693344,0.045345988124608994,-0.006953383795917034,0.11092948913574219
212,-0.032080091536045074,-0.020376229658722878,0.01976020634174347,-0.042901262640953064,-0.0025134473107755184,0.009387758560478687,-0.024439716711640358,-0.012047496624290943,0.03626040741801262,-0.03208009526133537,-0.020376231521368027,0.01976020075380802,0.04475746676325798,-0.0019956151954829693,0.033753618597984314,0.05366556718945503,0.0026319464668631554,0.012706269510090351,0.0322134792804718,0.0036378137301653624,0.04827646166086197,0.04475747048854828,-0.001995617989450693,0.03375361114740372,0.001684448099695146,0.0013860845938324928,0.045354265719652176,-0.00206956104375422,0.0010230361949652433,0.06352754682302475,-0.02664196863770485,-0.009377742186188698,0.1440085917711258,-0.033260755240917206,-0.012995637021958828,0.16417506337165833,-0.060643021017313004,-0.016715265810489655,0.09209364652633667,-0.054021481424570084,-0.041662827134132385,0.06845521181821823,-0.05402148514986038,-0.04166281595826149,0.06845521926879883,-0.027023226022720337,-0.04180801659822464,0.08153468370437622,0.028537552803754807,0.012942014262080193,0.12360963970422745,0.05854937434196472,0.021384280174970627,0.10770303010940552,0.058549366891384125,0.02138427272439003,0.10770303755998611,0.044719625264406204,-0.005205104127526283,0.10902312397956848
213,-0.03203167766332626,-0.020032765343785286,0.02024667151272297,-0.042885515838861465,-0.0024815225042402744,0.009387906640768051,-0.024421166628599167,-0.011119507253170013,0.036452651023864746,-0.03203168138861656,-0.020032769069075584,0.02024666778743267,0.04503951594233513,-0.0027542798779904842,0.03360581770539284,0.05430178344249725,0.0018785132560878992,0.012713070958852768,0.03267776221036911,0.0030778131913393736,0.04820628836750984,0.045039523392915726,-0.002754281973466277,0.03360581398010254,0.002074629068374634,0.0014971508644521236,0.045640911906957626,-0.0014390324940904975,0.0005603996105492115,0.06384171545505524,-0.024408722296357155,-0.012204349040985107,0.14444643259048462,-0.03068082593381405,-0.016459545120596886,0.16459931433200836,-0.058912087231874466,-0.016840774565935135,0.09250666201114655,-0.05473926290869713,-0.04008367657661438,0.0666734054684639,-0.05473926290869713,-0.040083661675453186,0.06667342036962509,-0.027738772332668304,-0.03969694674015045,0.07974334806203842,0.02994760498404503,0.011232921853661537,0.123039610683918,0.05827794596552849,0.02253521978855133,0.10587421804666519,0.058277931064367294,0.022535208612680435,0.10587423294782639,0.04406697675585747,-0.0038524148985743523,0.10719376057386398
214,-0.031960610300302505,-0.01967937871813774,0.020698675885796547,-0.04287004470825195,-0.002451069187372923,0.00938787404447794,-0.02438046783208847,-0.01013035885989666,0.03655293583869934,-0.0319606177508831,-0.01967938244342804,0.0206986702978611,0.04531848430633545,-0.00364943640306592,0.03339504823088646,0.054938726127147675,0.0010748303029686213,0.012685354799032211,0.03313979506492615,0.0025267989840358496,0.04800783842802048,0.04531848430633545,-0.0036494391970336437,0.03339504078030586,0.0024800747632980347,0.0016331744845956564,0.045813705772161484,-0.0008109323680400848,0.0001149491872638464,0.0640169233083725,-0.0220730509608984,-0.015542076900601387,0.1445637047290802,-0.027971358969807625,-0.020584488287568092,0.16464774310588837,-0.05704357847571373,-0.017145216464996338,0.0927104502916336,-0.0553109385073185,-0.03828797489404678,0.06487192213535309,-0.0553109347820282,-0.03828796371817589,0.06487194448709488,-0.028342358767986298,-0.03770080953836441,0.07800021022558212,0.03133249282836914,0.00930783525109291,0.12231381237506866,0.0577714629471302,0.023375436663627625,0.10420068353414536,0.05777144432067871,0.02337542548775673,0.10420070588588715,0.04341784864664078,-0.0029370845295488834,0.10547592490911484
215,-0.03188522160053253,-0.01930496096611023,0.02115020900964737,-0.04285430163145065,-0.0024204435758292675,0.00938770268112421,-0.0243427362293005,-0.00907570868730545,0.036592792719602585,-0.03188522160053253,-0.019304964691400528,0.02115020528435707,0.0455690398812294,-0.004713534377515316,0.03310353308916092,0.05555048957467079,0.0002499607508070767,0.012621990405023098,0.033585935831069946,0.001961126457899809,0.04765874519944191,0.0455690436065197,-0.004713537637144327,0.03310352563858032,0.002887941896915436,0.0017986649181693792,0.045859359204769135,-0.0001973845937754959,-0.00024346285499632359,0.06404735147953033,-0.01969818025827408,-0.01912654936313629,0.1443222016096115,-0.02520417422056198,-0.025057006627321243,0.16427460312843323,-0.05513312667608261,-0.017446067184209824,0.09274841099977493,-0.05576130747795105,-0.03616896644234657,0.06318389624357224,-0.05576130375266075,-0.036168958991765976,0.06318391859531403,-0.028841646388173103,-0.03573865070939064,0.0764181911945343,0.03268005698919296,0.0072984215803444386,0.12141282111406326,0.05716137960553169,0.023916520178318024,0.10271776467561722,0.0571613647043705,0.02391650527715683,0.10271777957677841,0.04283525422215462,-0.002417651005089283,0.10384654253721237
216,-0.03181935101747513,-0.018891198560595512,0.02163621224462986,-0.042838435620069504,-0.0023892896715551615,0.009387497790157795,-0.024341853335499763,-0.007962869480252266,0.03662481904029846,-0.03181935101747513,-0.01889120228588581,0.021636204794049263,0.04575551673769951,-0.0059530120342969894,0.03270016983151436,0.05611247941851616,-0.0005523017607629299,0.012517876923084259,0.03399144858121872,0.0013623087434098125,0.04712558537721634,0.04575552046298981,-0.005953014828264713,0.03270016238093376,0.003276930656284094,0.0019992170855402946,0.04576762393116951,0.00039409525925293565,-0.000431754975579679,0.06394101679325104,-0.017309270799160004,-0.02259070798754692,0.14375720918178558,-0.022406499832868576,-0.029436806216835976,0.16352419555187225,-0.05325908958911896,-0.017529992386698723,0.09273172169923782,-0.056111276149749756,-0.03365625813603401,0.06179935485124588,-0.056111276149749756,-0.033656250685453415,0.06179938092827797,-0.029236173257231712,-0.03373095765709877,0.07513067871332169,0.03402165696024895,0.0053955744951963425,0.1203133687376976,0.05663493648171425,0.024222299456596375,0.10136091709136963,0.05663492903113365,0.02422228641808033,0.10136092454195023,0.04241149127483368,-0.0021772796753793955,0.10223044455051422
217,-0.031766507774591446,-0.01842840015888214,0.022166110575199127,-0.042823173105716705,-0.0023592475336045027,0.009387354366481304,-0.02440556138753891,-0.006821177434176207,0.036695003509521484,-0.031766507774591446,-0.01842840388417244,0.02216610312461853,0.04585353285074234,-0.0073304385878145695,0.032149787992239,0.05660431087017059,-0.0012741005048155785,0.01236340869218111,0.03432616963982582,0.0007303862948901951,0.04636748880147934,0.04585353285074234,-0.007330441381782293,0.0321497805416584,0.003623595926910639,0.0022373287938535213,0.04552343487739563,0.0009656132897362113,-0.0003788992762565613,0.06370537728071213,-0.014889894984662533,-0.025575853884220123,0.1429571509361267,-0.01955772377550602,-0.0332900695502758,0.16250929236412048,-0.05146511644124985,-0.017235295847058296,0.09278987348079681,-0.05635475367307663,-0.03077116794884205,0.06088574230670929,-0.05635474994778633,-0.03077116049826145,0.06088575720787048,-0.02950228378176689,-0.031643934547901154,0.07423426955938339,0.035418152809143066,0.003796145785599947,0.11898905038833618,0.0563863068819046,0.024393465369939804,0.09998670965433121,0.05638628825545311,0.02439345046877861,0.0999867245554924,0.042248889803886414,-0.002061192411929369,0.10052111744880676
218,-0.03171984851360321,-0.017925338819622993,0.022715942934155464,-0.04280951991677284,-0.0023328526876866817,0.009387105703353882,-0.024546748027205467,-0.005700345151126385,0.036826085299253464,-0.03171985223889351,-0.01792534440755844,0.022715939208865166,0.04586027190089226,-0.00875188410282135,0.03142698109149933,0.05701233074069023,-0.00184933515265584,0.012146267108619213,0.034560270607471466,9.209313429892063e-05,0.04535874351859093,0.04586027190089226,-0.008751886896789074,0.03142697364091873,0.0039053838700056076,0.0025105690583586693,0.04511391744017601,0.0015249033458530903,-5.0057657063007355e-05,0.06334216892719269,-0.01240171305835247,-0.027848217636346817,0.14201956987380981,-0.016612112522125244,-0.036329858005046844,0.16135655343532562,-0.049763742834329605,-0.01651746593415737,0.09301409870386124,-0.05645811930298805,-0.027648692950606346,0.06051359698176384,-0.056458111852407455,-0.027648691087961197,0.060513611882925034,-0.029598146677017212,-0.029517997056245804,0.07374415546655655,0.036928441375494,0.002638178877532482,0.1174236536026001,0.05656050890684128,0.024529168382287025,0.09844029694795609,0.05656049773097038,0.024529151618480682,0.09844030439853668,0.04243209958076477,-0.0019350643269717693,0.09862200915813446
219,-0.03166469931602478,-0.017412429675459862,0.023236023262143135,-0.042798660695552826,-0.0023127207532525063,0.009386909194290638,-0.02475830912590027,-0.004660274833440781,0.0370086207985878,-0.03166470676660538,-0.01741243340075016,0.023236015811562538,0.04580621421337128,-0.010088380426168442,0.030535748228430748,0.05732947215437889,-0.0022132641170173883,0.011855345219373703,0.034674935042858124,-0.0005030696629546583,0.04410838708281517,0.045806221663951874,-0.010088383220136166,0.03053574077785015,0.00410581985488534,0.0028099538758397102,0.04453783854842186,0.0020778619218617678,0.0005347661208361387,0.06284639984369278,-0.009816969744861126,-0.02938631922006607,0.14099504053592682,-0.013536205515265465,-0.03852070868015289,0.16013437509536743,-0.048154838383197784,-0.015481858514249325,0.09341294318437576,-0.05637873709201813,-0.024523848667740822,0.06061640754342079,-0.05637873336672783,-0.024523844942450523,0.06061643734574318,-0.029482774436473846,-0.02747652307152748,0.07357361912727356,0.038576770573854446,0.0019406629726290703,0.11562077701091766,0.05721604824066162,0.024672627449035645,0.09662506729364395,0.057216040790081024,0.0246726106852293,0.09662507474422455,0.043004583567380905,-0.0017473094630986452,0.09647693485021591
220,-0.03156278654932976,-0.016953373327851295,0.023638393729925156,-0.04279487580060959,-0.002307628747075796,0.009386856108903885,-0.025062743574380875,-0.003790950169786811,0.037221476435661316,-0.031562793999910355,-0.016953377053141594,0.023638390004634857,0.045744940638542175,-0.011178010143339634,0.029451940208673477,0.05751766636967659,-0.00219206465408206,0.011440364643931389,0.03463179990649223,-0.0009361359407193959,0.04255163297057152,0.04574494808912277,-0.011178013868629932,0.02945193275809288,0.004176408518105745,0.0031473792623728514,0.0437455028295517,0.0026164499577134848,0.0013910811394453049,0.062156762927770615,-0.006941823288798332,-0.03043457306921482,0.13976465165615082,-0.010084109380841255,-0.04017701745033264,0.15870653092861176,-0.04659304767847061,-0.014434272423386574,0.0939365103840828,-0.05604633316397667,-0.0217073205858469,0.06103147938847542,-0.05604633316397667,-0.02170731872320175,0.06103150546550751,-0.029068611562252045,-0.02572852186858654,0.07352279871702194,0.04042452573776245,0.001674658851698041,0.1134624108672142,0.05844847857952118,0.024863556027412415,0.09442523866891861,0.058448467403650284,0.024863537400960922,0.0944252461194992,0.04408194124698639,-0.001467529684305191,0.0938984677195549
221,-0.031452201306819916,-0.016576319932937622,0.02392815798521042,-0.04279084876179695,-0.002302334178239107,0.009386747144162655,-0.025334129109978676,-0.0031029009260237217,0.03738313168287277,-0.031452201306819916,-0.01657632365822792,0.02392815425992012,0.045717258006334305,-0.011879898607730865,0.028370315209031105,0.05761556327342987,-0.0018770251190289855,0.010988304391503334,0.03452380746603012,-0.0011986457975581288,0.041043806821107864,0.0457172617316246,-0.011879902333021164,0.028370307758450508,0.004187758080661297,0.003461935091763735,0.04295021668076515,0.003098132787272334,0.0021798163652420044,0.0614343024790287,-0.004308189265429974,-0.0314297080039978,0.13841278851032257,-0.0069016385823488235,-0.0417315810918808,0.1571405678987503,-0.0453219972550869,-0.013780106790363789,0.09441515803337097,-0.05557488277554512,-0.01973852515220642,0.061485279351472855,-0.05557487532496452,-0.01973852515220642,0.061485305428504944,-0.028512025251984596,-0.02469848468899727,0.07344358414411545,0.04219088703393936,0.0013271821662783623,0.11138570308685303,0.05995834991335869,0.02465336211025715,0.09227527678012848,0.05995833873748779,0.024653343483805656,0.09227528423070908,0.04543379321694374,-0.001581056509166956,0.09138460457324982
222,-0.03136301040649414,-0.016246916726231575,0.024165794253349304,-0.042781002819538116,-0.0022838395088911057,0.00938655249774456,-0.025521747767925262,-0.0025318460538983345,0.0374990813434124,-0.03136301413178444,-0.016246920451521873,0.024165786802768707,0.045705053955316544,-0.012379511259496212,0.027404459193348885,0.05766607075929642,-0.0015400724951177835,0.010575836524367332,0.03442559018731117,-0.0014014743501320481,0.039743680506944656,0.04570505768060684,-0.01237951498478651,0.027404453605413437,0.0042084637098014355,0.003719587344676256,0.04225990176200867,0.0035322413314133883,0.0027961209416389465,0.06078508496284485,-0.0021225372329354286,-0.03223325312137604,0.13718348741531372,-0.004251828417181969,-0.042973700910806656,0.1557224541902542,-0.044370703399181366,-0.013365976512432098,0.09488467127084732,-0.0550382062792778,-0.018518023192882538,0.0619504451751709,-0.055038198828697205,-0.018518023192882538,0.06195046752691269,-0.027900436893105507,-0.024296317249536514,0.0733589455485344,0.04380163550376892,0.0008439142839051783,0.10957826673984528,0.06156002730131149,0.02398040145635605,0.090230293571949,0.061560023576021194,0.023980386555194855,0.0902303010225296,0.04689045995473862,-0.00216412590816617,0.08910412341356277
223,-0.03135097399353981,-0.015927284955978394,0.024419106543064117,-0.04275372624397278,-0.0022248520981520414,0.009386326186358929,-0.025573482736945152,-0.0020305761136114597,0.03759113326668739,-0.03135097399353981,-0.015927288681268692,0.02441910095512867,0.045721396803855896,-0.012747926637530327,0.026693936437368393,0.05768904462456703,-0.001292919390834868,0.010282948613166809,0.03441121429204941,-0.0016404849011451006,0.03888837993144989,0.04572140425443649,-0.012747930362820625,0.026693932712078094,0.00430399551987648,0.0038845203816890717,0.04183132201433182,0.003907933831214905,0.0031295304652303457,0.0603722408413887,-0.0006757514202035964,-0.03237804397940636,0.13658340275287628,-0.0024882915895432234,-0.04326770827174187,0.15506891906261444,-0.04389580339193344,-0.012987256050109863,0.09552079439163208,-0.05445261672139168,-0.018216848373413086,0.06256313621997833,-0.05445260927081108,-0.018216848373413086,0.06256315857172012,-0.027247585356235504,-0.024650469422340393,0.07344868779182434,0.045186035335063934,0.00027846431476064026,0.10838049650192261,0.06311287730932236,0.02269803360104561,0.08835568279027939,0.06311286985874176,0.022698018699884415,0.08835569024085999,0.04838953912258148,-0.0034214959014207125,0.0873584970831871
224,-0.03135748580098152,-0.015610648319125175,0.024669084697961807,-0.042721472680568695,-0.002154954709112644,0.009386147372424603,-0.025581728667020798,-0.0015448823105543852,0.037661194801330566,-0.03135748580098152,-0.015610652044415474,0.02466908097267151,0.04574241489171982,-0.013090460561215878,0.026050152257084846,0.05770020931959152,-0.001080008689314127,0.010033827275037766,0.03441525623202324,-0.0018954946426674724,0.0381484180688858,0.04574241861701012,-0.013090464286506176,0.02605014480650425,0.004421411082148552,0.004021204076707363,0.041464004665613174,0.004267014563083649,0.003376779844984412,0.060012683272361755,0.0005580708966590464,-0.032359685748815536,0.13614167273044586,-0.0009757918305695057,-0.04332451894879341,0.15460796654224396,-0.04354913532733917,-0.012609689496457577,0.09621330350637436,-0.05388998985290527,-0.018179461359977722,0.06324291974306107,-0.053889982402324677,-0.01817946322262287,0.06324294209480286,-0.026647204533219337,-0.02522345259785652,0.07364547997713089,0.046485524624586105,-0.00033423377317376435,0.10733066499233246,0.06464676558971405,0.02116641402244568,0.08652457594871521,0.06464675813913345,0.021166397258639336,0.0865245833992958,0.04988156259059906,-0.004939301870763302,0.08583080768585205
225,-0.03138985484838486,-0.015302588231861591,0.024917062371969223,-0.04268426075577736,-0.0020744032226502895,0.009385948069393635,-0.025558970868587494,-0.0010844544740393758,0.03771727904677391,-0.031389858573675156,-0.015302592888474464,0.024917056784033775,0.04575280100107193,-0.013439183123409748,0.025503607466816902,0.05767376348376274,-0.0008863216498866677,0.009880580939352512,0.034431010484695435,-0.0021645179949700832,0.03753269463777542,0.04575280845165253,-0.013439186848700047,0.025503601878881454,0.004550457466393709,0.00412639370188117,0.041166990995407104,0.0045969076454639435,0.003535972908139229,0.0597180537879467,0.0015890011563897133,-0.03217814490199089,0.13588158786296844,0.0003030818188562989,-0.04314468055963516,0.15436577796936035,-0.04333868250250816,-0.012235813774168491,0.09698624908924103,-0.05337027460336685,-0.018420986831188202,0.06403002142906189,-0.05337027087807655,-0.018420986831188202,0.06403004378080368,-0.026116248220205307,-0.02602575346827507,0.07399927079677582,0.04769357293844223,-0.000991062493994832,0.10644678771495819,0.06615376472473145,0.019368160516023636,0.08477365225553513,0.06615374982357025,0.019368143752217293,0.08477366715669632,0.051359545439481735,-0.006729601416736841,0.08457524329423904
226,-0.03143773972988129,-0.014998596161603928,0.02516084723174572,-0.04264265298843384,-0.0019848509691655636,0.009385669603943825,-0.02549942582845688,-0.000638696423266083,0.037751708179712296,-0.03143773972988129,-0.0149986008182168,0.025160841643810272,0.04577106982469559,-0.01373621542006731,0.024998575448989868,0.05764348432421684,-0.0007041111821308732,0.009735122323036194,0.03446931764483452,-0.0024303137324750423,0.037017181515693665,0.045771077275276184,-0.013736219145357609,0.02499857172369957,0.004700076300650835,0.004215494729578495,0.04092319309711456,0.004909769631922245,0.00362918502651155,0.05947325751185417,0.0024646692909300327,-0.03183530643582344,0.1357804238796234,0.0014043106930330396,-0.0427379384636879,0.15431667864322662,-0.04323389753699303,-0.01184977125376463,0.0978318601846695,-0.0528840497136116,-0.018907984718680382,0.06493720412254333,-0.052884042263031006,-0.018907982856035233,0.06493722647428513,-0.025641828775405884,-0.027028698474168777,0.07452449202537537,0.04883073270320892,-0.0016738444101065397,0.10570753365755081,0.06765059381723404,0.017312880605459213,0.0831172987818718,0.06765058636665344,0.01731286570429802,0.08311732113361359,0.052832115441560745,-0.008767319843173027,0.08360347896814346
227,-0.03149699419736862,-0.014692912809550762,0.02540379762649536,-0.04259755089879036,-0.0018884033197537065,0.009385498240590096,-0.025410393252968788,-0.00019799458095803857,0.03776708245277405,-0.03149699792265892,-0.01469291653484106,0.025403793901205063,0.04580195993185043,-0.013941403478384018,0.02449542097747326,0.057605765759944916,-0.0004928235430270433,0.00954319816082716,0.03452645614743233,-0.002681718673557043,0.03658188134431839,0.04580196365714073,-0.013941407203674316,0.024495413526892662,0.004866057075560093,0.004300720524042845,0.04072165489196777,0.005206991918385029,0.003677742090076208,0.05926857516169548,0.003224169835448265,-0.0313459187746048,0.13581016659736633,0.002374214818701148,-0.0421300046145916,0.1544264405965805,-0.04320831969380379,-0.011439062654972076,0.0987420454621315,-0.05242697522044182,-0.019591856747865677,0.06597697734832764,-0.05242697149515152,-0.019591854885220528,0.06597699970006943,-0.025216620415449142,-0.028195224702358246,0.07522787898778915,0.049906499683856964,-0.002369988476857543,0.10508984327316284,0.06913931667804718,0.015013951808214188,0.08157604187726974,0.06913930922746658,0.015013938769698143,0.08157605677843094,0.05428895726799965,-0.011018146760761738,0.08291670680046082
228,-0.0315677709877491,-0.014387782663106918,0.025645136833190918,-0.04254967346787453,-0.0017869300208985806,0.009385369718074799,-0.025297973304986954,0.00022265728330239654,0.037778761237859726,-0.0315677747130394,-0.014387788251042366,0.02564512938261032,0.04583139345049858,-0.014137906022369862,0.024044077843427658,0.05756516754627228,-0.0003088924568146467,0.009386653080582619,0.034598711878061295,-0.0029335562139749527,0.03622148931026459,0.04583139717578888,-0.01413790974766016,0.02404407411813736,0.005044692661613226,0.004368884488940239,0.04056495800614357,0.005490344483405352,0.003677452215924859,0.059107229113578796,0.003902123309671879,-0.03075030818581581,0.1359531283378601,0.003252543741837144,-0.04137162119150162,0.15467076003551483,-0.04323523864150047,-0.011017206124961376,0.0997171476483345,-0.05198986828327179,-0.02044421248137951,0.06716733425855637,-0.05198986455798149,-0.02044420875608921,0.06716736406087875,-0.02482944168150425,-0.02951202355325222,0.07611642777919769,0.05092945322394371,-0.0030933809466660023,0.10458206385374069,0.07061710953712463,0.012463915161788464,0.08018188923597336,0.07061710208654404,0.012463902123272419,0.08018190413713455,0.055715881288051605,-0.013468682765960693,0.08251727372407913
229,-0.03165395185351372,-0.01409056130796671,0.02588256634771824,-0.04249968007206917,-0.001682138186879456,0.009385146200656891,-0.02516917511820793,0.000596862577367574,0.03780847415328026,-0.031653959304094315,-0.014090565964579582,0.025882558897137642,0.04584348201751709,-0.014448488131165504,0.023729078471660614,0.05752741917967796,-0.00025165220722556114,0.009386873804032803,0.03468066081404686,-0.003212539479136467,0.03594156354665756,0.04584348574280739,-0.014448492787778378,0.023729071021080017,0.0052306861616671085,0.004394837189465761,0.040464650839567184,0.005758984945714474,0.003610657760873437,0.05900106206536293,0.004523247480392456,-0.030094534158706665,0.13620343804359436,0.0040670717135071754,-0.040516555309295654,0.15503846108913422,-0.0432935394346714,-0.010609760880470276,0.10076311230659485,-0.051562048494815826,-0.02145141176879406,0.06852814555168152,-0.05156204476952553,-0.02145140990614891,0.0685281753540039,-0.024469509720802307,-0.030982306227087975,0.07719744741916656,0.051903773099184036,-0.0038693102542310953,0.10418345779180527,0.07207277417182922,0.009646529331803322,0.07897362112998962,0.07207276672124863,0.009646518155932426,0.07897364348173141,0.05709512531757355,-0.01611897349357605,0.08241011947393417
230,-0.0317479707300663,-0.013783064670860767,0.026125455275177956,-0.04244835674762726,-0.0015755349304527044,0.009385043755173683,-0.025026505813002586,0.0009581830236129463,0.03785224258899689,-0.0317479707300663,-0.013783070258796215,0.026125449687242508,0.04585622623562813,-0.014720166102051735,0.023432644084095955,0.05748554691672325,-0.0001857946626842022,0.00938720814883709,0.03477039188146591,-0.0034898275043815374,0.035720184445381165,0.045856229960918427,-0.014720169827342033,0.023432640358805656,0.005423266906291246,0.004410793539136648,0.04040610417723656,0.006017312873154879,0.0035152030177414417,0.05893547832965851,0.00511156627908349,-0.029361071065068245,0.1365329623222351,0.004843320697546005,-0.03955219313502312,0.1554974913597107,-0.04336056113243103,-0.010185789316892624,0.10185792297124863,-0.051125284284353256,-0.022548262029886246,0.07004786282777786,-0.05112528055906296,-0.022548258304595947,0.07004787772893906,-0.024120641872286797,-0.03255901485681534,0.07844632118940353,0.05283835530281067,-0.004665418528020382,0.10386987775564194,0.07349615544080734,0.0065549262799322605,0.0779399648308754,0.07349614053964615,0.0065549155697226524,0.07793997973203659,0.05841616541147232,-0.01896330714225769,0.08256742358207703
231,-0.0317479707300663,-0.013783064670860767,0.026125455275177956,-0.04244835674762726,-0.0015755349304527044,0.009385043755173683,-0.025026505813002586,0.0009581830236129463,0.03785224258899689,-0.0317479707300663,-0.013783070258796215,0.026125449687242508,0.04585622623562813,-0.014720166102051735,0.023432644084095955,0.05748554691672325,-0.0001857946626842022,0.00938720814883709,0.03477039188146591,-0.0034898275043815374,0.035720184445381165,0.045856229960918427,-0.014720169827342033,0.023432640358805656,0.005423266906291246,0.004410793539136648,0.04040610417723656,0.006017312873154879,0.0035152030177414417,0.05893547832965851,0.00511156627908349,-0.029361071065068245,0.1365329623222351,0.004843320697546005,-0.03955219313502312,0.1554974913597107,-0.04336056113243103,-0.010185789316892624,0.10185792297124863,-0.051125284284353256,-0.022548262029886246,0.07004786282777786,-0.05112528055906296,-0.022548258304595947,0.07004787772893906,-0.024120641872286797,-0.03255901485681534,0.07844632118940353,0.05283835530281067,-0.004665418528020382,0.10386987775564194,0.07349615544080734,0.0065549262799322605,0.0779399648308754,0.07349614053964615,0.0065549155697226524,0.07793997973203659,0.05841616541147232,-0.01896330714225769,0.08256742358207703
232,-0.0317479707300663,-0.013783064670860767,0.026125455275177956,-0.04244835674762726,-0.0015755349304527044,0.009385043755173683,-0.025026505813002586,0.0009581830236129463,0.03785224258899689,-0.0317479707300663,-0.013783070258796215,0.026125449687242508,0.04585622623562813,-0.014720166102051735,0.023432644084095955,0.05748554691672325,-0.0001857946626842022,0.00938720814883709,0.03477039188146591,-0.0034898275043815374,0.035720184445381165,0.045856229960918427,-0.014720169827342033,0.023432640358805656,0.005423266906291246,0.004410793539136648,0.04040610417723656,0.006017312873154879,0.0035152030177414417,0.05893547832965851,0.00511156627908349,-0.029361071065068245,0.1365329623222351,0.004843320697546005,-0.03955219313502312,0.1554974913597107,-0.04336056113243103,-0.010185789316892624,0.10185792297124863,-0.051125284284353256,-0.022548262029886246,0.07004786282777786,-0.05112528055906296,-0.022548258304595947,0.07004787772893906,-0.024120641872286797,-0.03255901485681534,0.07844632118940353,0.05283835530281067,-0.004665418528020382,0.10386987775564194,0.07349615544080734,0.0065549262799322605,0.0779399648308754,0.07349614053964615,0.0065549155697226524,0.07793997973203659,0.05841616541147232,-0.01896330714225769,0.08256742358207703
233,-0.0317479707300663,-0.013783064670860767,0.026125455275177956,-0.04244835674762726,-0.0015755349304527044,0.009385043755173683,-0.025026505813002586,0.0009581830236129463,0.03785224258899689,-0.0317479707300663,-0.013783070258796215,0.026125449687242508,0.04585622623562813,-0.014720166102051735,0.023432644084095955,0.05748554691672325,-0.0001857946626842022,0.00938720814883709,0.03477039188146591,-0.0034898275043815374,0.035720184445381165,0.045856229960918427,-0.014720169827342033,0.023432640358805656,0.005423266906291246,0.004410793539136648,0.04040610417723656,0.006017312873154879,0.0035152030177414417,0.05893547832965851,0.00511156627908349,-0.029361071065068245,0.1365329623222351,0.004843320697546005,-0.03955219313502312,0.1554974913597107,-0.04336056113243103,-0.010185789316892624,0.10185792297124863,-0.051125284284353256,-0.022548262029886246,0.07004786282777786,-0.05112528055906296,-0.022548258304595947,0.07004787772893906,-0.024120641872286797,-0.03255901485681534,0.07844632118940353,0.05283835530281067,-0.004665418528020382,0.10386987775564194,0.07349615544080734,0.0065549262799322605,0.0779399648308754,0.07349614053964615,0.0065549155697226524,0.07793997973203659,0.05841616541147232,-0.01896330714225769,0.08256742358207703
234,-0.0317479707300663,-0.013783064670860767,0.026125455275177956,-0.04244835674762726,-0.0015755349304527044,0.009385043755173683,-0.025026505813002586,0.0009581830236129463,0.03785224258899689,-0.0317479707300663,-0.013783070258796215,0.026125449687242508,0.04585622623562813,-0.014720166102051735,0.023432644084095955,0.05748554691672325,-0.0001857946626842022,0.00938720814883709,0.03477039188146591,-0.0034898275043815374,0.035720184445381165,0.045856229960918427,-0.014720169827342033,0.023432640358805656,0.005423266906291246,0.004410793539136648,0.04040610417723656,0.006017312873154879,0.0035152030177414417,0.05893547832965851,0.00511156627908349,-0.029361071065068245,0.1365329623222351,0.004843320697546005,-0.03955219313502312,0.1554974913597107,-0.04336056113243103,-0.010185789316892624,0.10185792297124863,-0.051125284284353256,-0.022548262029886246,0.07004786282777786,-0.05112528055906296,-0.022548258304595947,0.07004787772893906,-0.024120641872286797,-0.03255901485681534,0.07844632118940353,0.05283835530281067,-0.004665418528020382,0.10386987775564194,0.07349615544080734,0.0065549262799322605,0.0779399648308754,0.07349614053964615,0.0065549155697226524,0.07793997973203659,0.05841616541147232,-0.01896330714225769,0.08256742358207703
235,-0.0317479707300663,-0.013783064670860767,0.026125455275177956,-0.04244835674762726,-0.0015755349304527044,0.009385043755173683,-0.025026505813002586,0.0009581830236129463,0.03785224258899689,-0.0317479707300663,-0.013783070258796215,0.026125449687242508,0.04585622623562813,-0.014720166102051735,0.023432644084095955,0.05748554691672325,-0.0001857946626842022,0.00938720814883709,0.03477039188146591,-0.0034898275043815374,0.035720184445381165,0.045856229960918427,-0.014720169827342033,0.023432640358805656,0.005423266906291246,0.004410793539136648,0.04040610417723656,0.006017312873154879,0.0035152030177414417,0.05893547832965851,0.00511156627908349,-0.029361071065068245,0.1365329623222351,0.004843320697546005,-0.03955219313502312,0.1554974913597107,-0.04336056113243103,-0.010185789316892624,0.10185792297124863,-0.051125284284353256,-0.022548262029886246,0.07004786282777786,-0.05112528055906296,-0.022548258304595947,0.07004787772893906,-0.024120641872286797,-0.03255901485681534,0.07844632118940353,0.05283835530281067,-0.004665418528020382,0.10386987775564194,0.07349615544080734,0.0065549262799322605,0.0779399648308754,0.07349614053964615,0.0065549155697226524,0.07793997973203659,0.05841616541147232,-0.01896330714225769,0.08256742358207703
236,-0.0317479707300663,-0.013783064670860767,0.026125455275177956,-0.04244835674762726,-0.0015755349304527044,0.009385043755173683,-0.025026505813002586,0.0009581830236129463,0.03785224258899689,-0.0317479707300663,-0.013783070258796215,0.026125449687242508,0.04585622623562813,-0.014720166102051735,0.023432644084095955,0.05748554691672325,-0.0001857946626842022,0.00938720814883709,0.03477039188146591,-0.0034898275043815374,0.035720184445381165,0.045856229960918427,-0.014720169827342033,0.023432640358805656,0.005423266906291246,0.004410793539136648,0.04040610417723656,0.006017312873154879,0.0035152030177414417,0.05893547832965851,0.00511156627908349,-0.029361071065068245,0.1365329623222351,0.004843320697546005,-0.03955219313502312,0.1554974913597107,-0.04336056113243103,-0.010185789316892624,0.10185792297124863,-0.051125284284353256,-0.022548262029886246,0.07004786282777786,-0.05112528055906296,-0.022548258304595947,0.07004787772893906,-0.024120641872286797,-0.03255901485681534,0.07844632118940353,0.05283835530281067,-0.004665418528020382,0.10386987775564194,0.07349615544080734,0.0065549262799322605,0.0779399648308754,0.07349614053964615,0.0065549155697226524,0.07793997973203659,0.05841616541147232,-0.01896330714225769,0.08256742358207703
237,-0.0317479707300663,-0.013783064670860767,0.026125455275177956,-0.04244835674762726,-0.0015755349304527044,0.009385043755173683,-0.025026505813002586,0.0009581830236129463,0.03785224258899689,-0.0317479707300663,-0.013783070258796215,0.026125449687242508,0.04585622623562813,-0.014720166102051735,0.023432644084095955,0.05748554691672325,-0.0001857946626842022,0.00938720814883709,0.03477039188146591,-0.0034898275043815374,0.035720184445381165,0.045856229960918427,-0.014720169827342033,0.023432640358805656,0.005423266906291246,0.004410793539136648,0.04040610417723656,0.006017312873154879,0.0035152030177414417,0.05893547832965851,0.00511156627908349,-0.029361071065068245,0.1365329623222351,0.004843320697546005,-0.03955219313502312,0.1554974913597107,-0.04336056113243103,-0.010185789316892624,0.10185792297124863,-0.051125284284353256,-0.022548262029886246,0.07004786282777786,-0.05112528055906296,-0.022548258304595947,0.07004787772893906,-0.024120641872286797,-0.03255901485681534,0.07844632118940353,0.05283835530281067,-0.004665418528020382,0.10386987775564194,0.07349615544080734,0.0065549262799322605,0.0779399648308754,0.07349614053964615,0.0065549155697226524,0.07793997973203659,0.05841616541147232,-0.01896330714225769,0.08256742358207703
238,-0.0317479707300663,-0.013783064670860767,0.026125455275177956,-0.04244835674762726,-0.0015755349304527044,0.009385043755173683,-0.025026505813002586,0.0009581830236129463,0.03785224258899689,-0.0317479707300663,-0.013783070258796215,0.026125449687242508,0.04585622623562813,-0.014720166102051735,0.023432644084095955,0.05748554691672325,-0.0001857946626842022,0.00938720814883709,0.03477039188146591,-0.0034898275043815374,0.035720184445381165,0.045856229960918427,-0.014720169827342033,0.023432640358805656,0.005423266906291246,0.004410793539136648,0.04040610417723656,0.006017312873154879,0.0035152030177414417,0.05893547832965851,0.00511156627908349,-0.029361071065068245,0.1365329623222351,0.004843320697546005,-0.03955219313502312,0.1554974913597107,-0.04336056113243103,-0.010185789316892624,0.10185792297124863,-0.051125284284353256,-0.022548262029886246,0.07004786282777786,-0.05112528055906296,-0.022548258304595947,0.07004787772893906,-0.024120641872286797,-0.03255901485681534,0.07844632118940353,0.05283835530281067,-0.004665418528020382,0.10386987775564194,0.07349615544080734,0.0065549262799322605,0.0779399648308754,0.07349614053964615,0.0065549155697226524,0.07793997973203659,0.05841616541147232,-0.01896330714225769,0.08256742358207703
239,-0.0317479707300663,-0.013783064670860767,0.026125455275177956,-0.04244835674762726,-0.0015755349304527044,0.009385043755173683,-0.025026505813002586,0.0009581830236129463,0.03785224258899689,-0.0317479707300663,-0.013783070258796215,0.026125449687242508,0.04585622623562813,-0.014720166102051735,0.023432644084095955,0.05748554691672325,-0.0001857946626842022,0.00938720814883709,0.03477039188146591,-0.0034898275043815374,0.035720184445381165,0.045856229960918427,-0.014720169827342033,0.023432640358805656,0.005423266906291246,0.004410793539136648,0.04040610417723656,0.006017312873154879,0.0035152030177414417,0.05893547832965851,0.00511156627908349,-0.029361071065068245,0.1365329623222351,0.004843320697546005,-0.03955219313502312,0.1554974913597107,-0.04336056113243103,-0.010185789316892624,0.10185792297124863,-0.051125284284353256,-0.022548262029886246,0.07004786282777786,-0.05112528055906296,-0.022548258304595947,0.07004787772893906,-0.024120641872286797,-0.03255901485681534,0.07844632118940353,0.05283835530281067,-0.004665418528020382,0.10386987775564194,0.07349615544080734,0.0065549262799322605,0.0779399648308754,0.07349614053964615,0.0065549155697226524,0.07793997973203659,0.05841616541147232,-0.01896330714225769,0.08256742358207703
240,-0.0317479707300663,-0.013783064670860767,0.026125455275177956,-0.04244835674762726,-0.0015755349304527044,0.009385043755173683,-0.025026505813002586,0.0009581830236129463,0.03785224258899689,-0.0317479707300663,-0.013783070258796215,0.026125449687242508,0.04585622623562813,-0.014720166102051735,0.023432644084095955,0.05748554691672325,-0.0001857946626842022,0.00938720814883709,0.03477039188146591,-0.0034898275043815374,0.035720184445381165,0.045856229960918427,-0.014720169827342033,0.023432640358805656,0.005423266906291246,0.004410793539136648,0.04040610417723656,0.006017312873154879,0.0035152030177414417,0.05893547832965851,0.00511156627908349,-0.029361071065068245,0.1365329623222351,0.004843320697546005,-0.03955219313502312,0.1554974913597107,-0.04336056113243103,-0.010185789316892624,0.10185792297124863,-0.051125284284353256,-0.022548262029886246,0.07004786282777786,-0.05112528055906296,-0.022548258304595947,0.07004787772893906,-0.024120641872286797,-0.03255901485681534,0.07844632118940353,0.05283835530281067,-0.004665418528020382,0.10386987775564194,0.07349615544080734,0.0065549262799322605,0.0779399648308754,0.07349614053964615,0.0065549155697226524,0.07793997973203659,0.05841616541147232,-0.01896330714225769,0.08256742358207703
241,-0.0317479707300663,-0.013783064670860767,0.026125455275177956,-0.04244835674762726,-0.0015755349304527044,0.009385043755173683,-0.025026505813002586,0.0009581830236129463,0.03785224258899689,-0.0317479707300663,-0.013783070258796215,0.026125449687242508,0.04585622623562813,-0.014720166102051735,0.023432644084095955,0.05748554691672325,-0.0001857946626842022,0.00938720814883709,0.03477039188146591,-0.0034898275043815374,0.035720184445381165,0.045856229960918427,-0.014720169827342033,0.023432640358805656,0.005423266906291246,0.004410793539136648,0.04040610417723656,0.006017312873154879,0.0035152030177414417,0.05893547832965851,0.00511156627908349,-0.029361071065068245,0.1365329623222351,0.004843320697546005,-0.03955219313502312,0.1554974913597107,-0.04336056113243103,-0.010185789316892624,0.10185792297124863,-0.051125284284353256,-0.022548262029886246,0.07004786282777786,-0.05112528055906296,-0.022548258304595947,0.07004787772893906,-0.024120641872286797,-0.03255901485681534,0.07844632118940353,0.05283835530281067,-0.004665418528020382,0.10386987775564194,0.07349615544080734,0.0065549262799322605,0.0779399648308754,0.07349614053964615,0.0065549155697226524,0.07793997973203659,0.05841616541147232,-0.01896330714225769,0.08256742358207703
242,-0.0317479707300663,-0.013783064670860767,0.026125455275177956,-0.04244835674762726,-0.0015755349304527044,0.009385043755173683,-0.025026505813002586,0.0009581830236129463,0.03785224258899689,-0.0317479707300663,-0.013783070258796215,0.026125449687242508,0.04585622623562813,-0.014720166102051735,0.023432644084095955,0.05748554691672325,-0.0001857946626842022,0.00938720814883709,0.03477039188146591,-0.0034898275043815374,0.035720184445381165,0.045856229960918427,-0.014720169827342033,0.023432640358805656,0.005423266906291246,0.004410793539136648,0.04040610417723656,0.006017312873154879,0.0035152030177414417,0.05893547832965851,0.00511156627908349,-0.029361071065068245,0.1365329623222351,0.004843320697546005,-0.03955219313502312,0.1554974913597107,-0.04336056113243103,-0.010185789316892624,0.10185792297124863,-0.051125284284353256,-0.022548262029886246,0.07004786282777786,-0.05112528055906296,-0.022548258304595947,0.07004787772893906,-0.024120641872286797,-0.03255901485681534,0.07844632118940353,0.05283835530281067,-0.004665418528020382,0.10386987775564194,0.07349615544080734,0.0065549262799322605,0.0779399648308754,0.07349614053964615,0.0065549155697226524,0.07793997973203659,0.05841616541147232,-0.01896330714225769,0.08256742358207703
243,-0.0317479707300663,-0.013783064670860767,0.026125455275177956,-0.04244835674762726,-0.0015755349304527044,0.009385043755173683,-0.025026505813002586,0.0009581830236129463,0.03785224258899689,-0.0317479707300663,-0.013783070258796215,0.026125449687242508,0.04585622623562813,-0.014720166102051735,0.023432644084095955,0.05748554691672325,-0.0001857946626842022,0.00938720814883709,0.03477039188146591,-0.0034898275043815374,0.035720184445381165,0.045856229960918427,-0.014720169827342033,0.023432640358805656,0.005423266906291246,0.004410793539136648,0.04040610417723656,0.006017312873154879,0.0035152030177414417,0.05893547832965851,0.00511156627908349,-0.029361071065068245,0.1365329623222351,0.004843320697546005,-0.03955219313502312,0.1554974913597107,-0.04336056113243103,-0.010185789316892624,0.10185792297124863,-0.051125284284353256,-0.022548262029886246,0.07004786282777786,-0.05112528055906296,-0.022548258304595947,0.07004787772893906,-0.024120641872286797,-0.03255901485681534,0.07844632118940353,0.05283835530281067,-0.004665418528020382,0.10386987775564194,0.07349615544080734,0.0065549262799322605,0.0779399648308754,0.07349614053964615,0.0065549155697226524,0.07793997973203659,0.05841616541147232,-0.01896330714225769,0.08256742358207703
244,-0.0317479707300663,-0.013783064670860767,0.026125455275177956,-0.04244835674762726,-0.0015755349304527044,0.009385043755173683,-0.025026505813002586,0.0009581830236129463,0.03785224258899689,-0.0317479707300663,-0.013783070258796215,0.026125449687242508,0.04585622623562813,-0.014720166102051735,0.023432644084095955,0.05748554691672325,-0.0001857946626842022,0.00938720814883709,0.03477039188146591,-0.0034898275043815374,0.035720184445381165,0.045856229960918427,-0.014720169827342033,0.023432640358805656,0.005423266906291246,0.004410793539136648,0.04040610417723656,0.006017312873154879,0.0035152030177414417,0.05893547832965851,0.00511156627908349,-0.029361071065068245,0.1365329623222351,0.004843320697546005,-0.03955219313502312,0.1554974913597107,-0.04336056113243103,-0.010185789316892624,0.10185792297124863,-0.051125284284353256,-0.022548262029886246,0.07004786282777786,-0.05112528055906296,-0.022548258304595947,0.07004787772893906,-0.024120641872286797,-0.03255901485681534,0.07844632118940353,0.05283835530281067,-0.004665418528020382,0.10386987775564194,0.07349615544080734,0.0065549262799322605,0.0779399648308754,0.07349614053964615,0.0065549155697226524,0.07793997973203659,0.05841616541147232,-0.01896330714225769,0.08256742358207703
245,-0.0317479707300663,-0.013783064670860767,0.026125455275177956,-0.04244835674762726,-0.0015755349304527044,0.009385043755173683,-0.025026505813002586,0.0009581830236129463,0.03785224258899689,-0.0317479707300663,-0.013783070258796215,0.026125449687242508,0.04585622623562813,-0.014720166102051735,0.023432644084095955,0.05748554691672325,-0.0001857946626842022,0.00938720814883709,0.03477039188146591,-0.0034898275043815374,0.035720184445381165,0.045856229960918427,-0.014720169827342033,0.023432640358805656,0.005423266906291246,0.004410793539136648,0.04040610417723656,0.006017312873154879,0.0035152030177414417,0.05893547832965851,0.00511156627908349,-0.029361071065068245,0.1365329623222351,0.004843320697546005,-0.03955219313502312,0.1554974913597107,-0.04336056113243103,-0.010185789316892624,0.10185792297124863,-0.051125284284353256,-0.022548262029886246,0.07004786282777786,-0.05112528055906296,-0.022548258304595947,0.07004787772893906,-0.024120641872286797,-0.03255901485681534,0.07844632118940353,0.05283835530281067,-0.004665418528020382,0.10386987775564194,0.07349615544080734,0.0065549262799322605,0.0779399648308754,0.07349614053964615,0.0065549155697226524,0.07793997973203659,0.05841616541147232,-0.01896330714225769,0.08256742358207703
246,-0.0317479707300663,-0.013783064670860767,0.026125455275177956,-0.04244835674762726,-0.0015755349304527044,0.009385043755173683,-0.025026505813002586,0.0009581830236129463,0.03785224258899689,-0.0317479707300663,-0.013783070258796215,0.026125449687242508,0.04585622623562813,-0.014720166102051735,0.023432644084095955,0.05748554691672325,-0.0001857946626842022,0.00938720814883709,0.03477039188146591,-0.0034898275043815374,0.035720184445381165,0.045856229960918427,-0.014720169827342033,0.023432640358805656,0.005423266906291246,0.004410793539136648,0.04040610417723656,0.006017312873154879,0.0035152030177414417,0.05893547832965851,0.00511156627908349,-0.029361071065068245,0.1365329623222351,0.004843320697546005,-0.03955219313502312,0.1554974913597107,-0.04336056113243103,-0.010185789316892624,0.10185792297124863,-0.051125284284353256,-0.022548262029886246,0.07004786282777786,-0.05112528055906296,-0.022548258304595947,0.07004787772893906,-0.024120641872286797,-0.03255901485681534,0.07844632118940353,0.05283835530281067,-0.004665418528020382,0.10386987775564194,0.07349615544080734,0.0065549262799322605,0.0779399648308754,0.07349614053964615,0.0065549155697226524,0.07793997973203659,0.05841616541147232,-0.01896330714225769,0.08256742358207703
247,-0.0317479707300663,-0.013783064670860767,0.026125455275177956,-0.04244835674762726,-0.0015755349304527044,0.009385043755173683,-0.025026505813002586,0.0009581830236129463,0.03785224258899689,-0.0317479707300663,-0.013783070258796215,0.026125449687242508,0.04585622623562813,-0.014720166102051735,0.023432644084095955,0.05748554691672325,-0.0001857946626842022,0.00938720814883709,0.03477039188146591,-0.0034898275043815374,0.035720184445381165,0.045856229960918427,-0.014720169827342033,0.023432640358805656,0.005423266906291246,0.004410793539136648,0.04040610417723656,0.006017312873154879,0.0035152030177414417,0.05893547832965851,0.00511156627908349,-0.029361071065068245,0.1365329623222351,0.004843320697546005,-0.03955219313502312,0.1554974913597107,-0.04336056113243103,-0.010185789316892624,0.10185792297124863,-0.051125284284353256,-0.022548262029886246,0.07004786282777786,-0.05112528055906296,-0.022548258304595947,0.07004787772893906,-0.024120641872286797,-0.03255901485681534,0.07844632118940353,0.05283835530281067,-0.004665418528020382,0.10386987775564194,0.07349615544080734,0.0065549262799322605,0.0779399648308754,0.07349614053964615,0.0065549155697226524,0.07793997973203659,0.05841616541147232,-0.01896330714225769,0.08256742358207703
248,-0.0317479707300663,-0.013783064670860767,0.026125455275177956,-0.04244835674762726,-0.0015755349304527044,0.009385043755173683,-0.025026505813002586,0.0009581830236129463,0.03785224258899689,-0.0317479707300663,-0.013783070258796215,0.026125449687242508,0.04585622623562813,-0.014720166102051735,0.023432644084095955,0.05748554691672325,-0.0001857946626842022,0.00938720814883709,0.03477039188146591,-0.0034898275043815374,0.035720184445381165,0.045856229960918427,-0.014720169827342033,0.023432640358805656,0.005423266906291246,0.004410793539136648,0.04040610417723656,0.006017312873154879,0.0035152030177414417,0.05893547832965851,0.00511156627908349,-0.029361071065068245,0.1365329623222351,0.004843320697546005,-0.03955219313502312,0.1554974913597107,-0.04336056113243103,-0.010185789316892624,0.10185792297124863,-0.051125284284353256,-0.022548262029886246,0.07004786282777786,-0.05112528055906296,-0.022548258304595947,0.07004787772893906,-0.024120641872286797,-0.03255901485681534,0.07844632118940353,0.05283835530281067,-0.004665418528020382,0.10386987775564194,0.07349615544080734,0.0065549262799322605,0.0779399648308754,0.07349614053964615,0.0065549155697226524,0.07793997973203659,0.05841616541147232,-0.01896330714225769,0.08256742358207703
249,-0.0317479707300663,-0.013783064670860767,0.026125455275177956,-0.04244835674762726,-0.0015755349304527044,0.009385043755173683,-0.025026505813002586,0.0009581830236129463,0.03785224258899689,-0.0317479707300663,-0.013783070258796215,0.026125449687242508,0.04585622623562813,-0.014720166102051735,0.023432644084095955,0.05748554691672325,-0.0001857946626842022,0.00938720814883709,0.03477039188146591,-0.0034898275043815374,0.035720184445381165,0.045856229960918427,-0.014720169827342033,0.023432640358805656,0.005423266906291246,0.004410793539136648,0.04040610417723656,0.006017312873154879,0.0035152030177414417,0.05893547832965851,0.00511156627908349,-0.029361071065068245,0.1365329623222351,0.004843320697546005,-0.03955219313502312,0.1554974913597107,-0.04336056113243103,-0.010185789316892624,0.10185792297124863,-0.051125284284353256,-0.022548262029886246,0.07004786282777786,-0.05112528055906296,-0.022548258304595947,0.07004787772893906,-0.024120641872286797,-0.03255901485681534,0.07844632118940353,0.05283835530281067,-0.004665418528020382,0.10386987775564194,0.07349615544080734,0.0065549262799322605,0.0779399648308754,0.07349614053964615,0.0065549155697226524,0.07793997973203659,0.05841616541147232,-0.01896330714225769,0.08256742358207703
250,-0.0317479707300663,-0.013783064670860767,0.026125455275177956,-0.04244835674762726,-0.0015755349304527044,0.009385043755173683,-0.025026505813002586,0.0009581830236129463,0.03785224258899689,-0.0317479707300663,-0.013783070258796215,0.026125449687242508,0.04585622623562813,-0.014720166102051735,0.023432644084095955,0.05748554691672325,-0.0001857946626842022,0.00938720814883709,0.03477039188146591,-0.0034898275043815374,0.035720184445381165,0.045856229960918427,-0.014720169827342033,0.023432640358805656,0.005423266906291246,0.004410793539136648,0.04040610417723656,0.006017312873154879,0.0035152030177414417,0.05893547832965851,0.00511156627908349,-0.029361071065068245,0.1365329623222351,0.004843320697546005,-0.03955219313502312,0.1554974913597107,-0.04336056113243103,-0.010185789316892624,0.10185792297124863,-0.051125284284353256,-0.022548262029886246,0.07004786282777786,-0.05112528055906296,-0.022548258304595947,0.07004787772893906,-0.024120641872286797,-0.03255901485681534,0.07844632118940353,0.05283835530281067,-0.004665418528020382,0.10386987775564194,0.07349615544080734,0.0065549262799322605,0.0779399648308754,0.07349614053964615,0.0065549155697226524,0.07793997973203659,0.05841616541147232,-0.01896330714225769,0.08256742358207703
