frame,shin.R__head_x,shin.R__head_y,shin.R__head_z,shin.R__tail_x,shin.R__tail_y,shin.R__tail_z,thigh.R__head_x,thigh.R__head_y,thigh.R__head_z,thigh.R__tail_x,thigh.R__tail_y,thigh.R__tail_z,shin.L__head_x,shin.L__head_y,shin.L__head_z,shin.L__tail_x,shin.L__tail_y,shin.L__tail_z,thigh.L__head_x,thigh.L__head_y,thigh.L__head_z,thigh.L__tail_x,thigh.L__tail_y,thigh.L__tail_z,spine.001__head_x,spine.001__head_y,spine.001__head_z,spine.001__tail_x,spine.001__tail_y,spine.001__tail_z,upper_arm.R__head_x,upper_arm.R__head_y,upper_arm.R__head_z,upper_arm.R__tail_x,upper_arm.R__tail_y,upper_arm.R__tail_z,forearm.R__head_x,forearm.R__head_y,forearm.R__head_z,forearm.R__tail_x,forearm.R__tail_y,forearm.R__tail_z,upper_arm.L__head_x,upper_arm.L__head_y,upper_arm.L__head_z,upper_arm.L__tail_x,upper_arm.L__tail_y,upper_arm.L__tail_z,forearm.L__head_x,forearm.L__head_y,forearm.L__head_z,forearm.L__tail_x,forearm.L__tail_y,forearm.L__tail_z
1,-0.11999999731779099,0.0,0.09999999403953552,-0.11999999731779099,0.0,0.02698805183172226,-0.11999999731779099,0.0,0.20000000298023224,-0.11999999731779099,0.0,0.09999999403953552,0.11999999731779099,0.0,0.09999999403953552,0.11999999731779099,0.0,0.02698805183172226,0.11999999731779099,0.0,0.20000000298023224,0.11999999731779099,0.0,0.09999999403953552,0.0,0.0,0.375,0.0,0.0,0.550000011920929,-0.20000003278255463,-1.862645149230957e-09,0.48000001907348633,-0.3400000333786011,7.450577932388569e-10,0.48000001907348633,-0.3400000333786011,7.450577932388569e-10,0.48000001907348633,-0.46000003814697266,7.450580152834618e-10,0.48000001907348633,0.20000000298023224,3.725290298461914e-09,0.48000001907348633,0.3400000035762787,2.6822091214739885e-09,0.48000001907348633,0.3400000035762787,2.6822091214739885e-09,0.48000001907348633,0.46000000834465027,2.6822091214739885e-09,0.48000001907348633
2,-0.11999999731779099,0.0,0.09999999403953552,-0.11999999731779099,0.0,0.02698805183172226,-0.11999999731779099,0.0,0.20000000298023224,-0.11999999731779099,0.0,0.09999999403953552,0.11999999731779099,0.0,0.09999999403953552,0.11999999731779099,0.0,0.02698805183172226,0.11999999731779099,0.0,0.20000000298023224,0.11999999731779099,0.0,0.09999999403953552,0.0,0.0,0.375,0.0,0.0,0.550000011920929,-0.20000003278255463,-1.862645149230957e-09,0.48000001907348633,-0.3400000333786011,7.450577932388569e-10,0.48000001907348633,-0.3400000333786011,7.450577932388569e-10,0.48000001907348633,-0.46000003814697266,7.450580152834618e-10,0.48000001907348633,0.20000000298023224,3.725290298461914e-09,0.48000001907348633,0.3400000035762787,2.6822091214739885e-09,0.48000001907348633,0.3400000035762787,2.6822091214739885e-09,0.48000001907348633,0.46000000834465027,2.6822091214739885e-09,0.48000001907348633
3,-0.11999999731779099,0.0,0.09999999403953552,-0.11999999731779099,0.0,0.02698805183172226,-0.11999999731779099,0.0,0.20000000298023224,-0.11999999731779099,0.0,0.09999999403953552,0.11999999731779099,0.0,0.09999999403953552,0.11999999731779099,0.0,0.02698805183172226,0.11999999731779099,0.0,0.20000000298023224,0.11999999731779099,0.0,0.09999999403953552,0.0,0.0,0.375,0.0,0.0,0.550000011920929,-0.20000003278255463,-1.862645149230957e-09,0.48000001907348633,-0.3400000333786011,7.450577932388569e-10,0.48000001907348633,-0.3400000333786011,7.450577932388569e-10,0.48000001907348633,-0.46000003814697266,7.450580152834618e-10,0.48000001907348633,0.20000000298023224,3.725290298461914e-09,0.48000001907348633,0.3400000035762787,2.6822091214739885e-09,0.48000001907348633,0.3400000035762787,2.6822091214739885e-09,0.48000001907348633,0.46000000834465027,2.6822091214739885e-09,0.48000001907348633
4,-0.11999999731779099,0.0,0.09999999403953552,-0.11999999731779099,0.0,0.02698805183172226,-0.11999999731779099,0.0,0.20000000298023224,-0.11999999731779099,0.0,0.09999999403953552,0.11999999731779099,0.0,0.09999999403953552,0.11999999731779099,0.0,0.02698805183172226,0.11999999731779099,0.0,0.20000000298023224,0.11999999731779099,0.0,0.09999999403953552,0.0,0.0,0.375,0.0,0.0,0.550000011920929,-0.20000003278255463,-1.862645149230957e-09,0.48000001907348633,-0.3400000333786011,7.450577932388569e-10,0.48000001907348633,-0.3400000333786011,7.450577932388569e-10,0.48000001907348633,-0.46000003814697266,7.450580152834618e-10,0.48000001907348633,0.20000000298023224,3.725290298461914e-09,0.48000001907348633,0.3400000035762787,2.6822091214739885e-09,0.48000001907348633,0.3400000035762787,2.6822091214739885e-09,0.48000001907348633,0.46000000834465027,2.6822091214739885e-09,0.48000001907348633
5,-0.11999999731779099,0.0,0.09999999403953552,-0.11999999731779099,0.0,0.02698805183172226,-0.11999999731779099,0.0,0.20000000298023224,-0.11999999731779099,0.0,0.09999999403953552,0.11999999731779099,0.0,0.09999999403953552,0.11999999731779099,0.0,0.02698805183172226,0.11999999731779099,0.0,0.20000000298023224,0.11999999731779099,0.0,0.09999999403953552,0.0,0.0,0.375,0.0,0.0,0.550000011920929,-0.20000003278255463,-1.862645149230957e-09,0.48000001907348633,-0.3400000333786011,7.450577932388569e-10,0.48000001907348633,-0.3400000333786011,7.450577932388569e-10,0.48000001907348633,-0.46000003814697266,7.450580152834618e-10,0.48000001907348633,0.20000000298023224,3.725290298461914e-09,0.48000001907348633,0.3400000035762787,2.6822091214739885e-09,0.48000001907348633,0.3400000035762787,2.6822091214739885e-09,0.48000001907348633,0.46000000834465027,2.6822091214739885e-09,0.48000001907348633
6,-0.11999999731779099,0.0,0.09999999403953552,-0.11999999731779099,0.0,0.02698805183172226,-0.11999999731779099,0.0,0.20000000298023224,-0.11999999731779099,0.0,0.09999999403953552,0.11999999731779099,0.0,0.09999999403953552,0.11999999731779099,0.0,0.02698805183172226,0.11999999731779099,0.0,0.20000000298023224,0.11999999731779099,0.0,0.09999999403953552,0.0,0.0,0.375,0.0,0.0,0.550000011920929,-0.20000003278255463,-1.862645149230957e-09,0.48000001907348633,-0.3400000333786011,7.450577932388569e-10,0.48000001907348633,-0.3400000333786011,7.450577932388569e-10,0.48000001907348633,-0.46000003814697266,7.450580152834618e-10,0.48000001907348633,0.20000000298023224,3.725290298461914e-09,0.48000001907348633,0.3400000035762787,2.6822091214739885e-09,0.48000001907348633,0.3400000035762787,2.6822091214739885e-09,0.48000001907348633,0.46000000834465027,2.6822091214739885e-09,0.48000001907348633
7,-0.11999999731779099,0.0,0.09999999403953552,-0.11999999731779099,0.0,0.02698805183172226,-0.11999999731779099,0.0,0.20000000298023224,-0.11999999731779099,0.0,0.09999999403953552,0.11999999731779099,0.0,0.09999999403953552,0.11999999731779099,0.0,0.02698805183172226,0.11999999731779099,0.0,0.20000000298023224,0.11999999731779099,0.0,0.09999999403953552,0.0,0.0,0.375,0.0,0.0,0.550000011920929,-0.20000003278255463,-1.862645149230957e-09,0.48000001907348633,-0.3400000333786011,7.450577932388569e-10,0.48000001907348633,-0.3400000333786011,7.450577932388569e-10,0.48000001907348633,-0.46000003814697266,7.450580152834618e-10,0.48000001907348633,0.20000000298023224,3.725290298461914e-09,0.48000001907348633,0.3400000035762787,2.6822091214739885e-09,0.48000001907348633,0.3400000035762787,2.6822091214739885e-09,0.48000001907348633,0.46000000834465027,2.6822091214739885e-09,0.48000001907348633
8,-0.11999999731779099,0.0,0.09999999403953552,-0.11999999731779099,0.0,0.02698805183172226,-0.11999999731779099,0.0,0.20000000298023224,-0.11999999731779099,0.0,0.09999999403953552,0.11999999731779099,0.0,0.09999999403953552,0.11999999731779099,0.0,0.02698805183172226,0.11999999731779099,0.0,0.20000000298023224,0.11999999731779099,0.0,0.09999999403953552,0.0,0.0,0.375,0.0,0.0,0.550000011920929,-0.20000003278255463,-1.862645149230957e-09,0.48000001907348633,-0.3400000333786011,7.450577932388569e-10,0.48000001907348633,-0.3400000333786011,7.450577932388569e-10,0.48000001907348633,-0.46000003814697266,7.450580152834618e-10,0.48000001907348633,0.20000000298023224,3.725290298461914e-09,0.48000001907348633,0.3400000035762787,2.6822091214739885e-09,0.48000001907348633,0.3400000035762787,2.6822091214739885e-09,0.48000001907348633,0.46000000834465027,2.6822091214739885e-09,0.48000001907348633
9,-0.11999999731779099,0.0,0.09999999403953552,-0.11999999731779099,0.0,0.02698805183172226,-0.11999999731779099,0.0,0.20000000298023224,-0.11999999731779099,0.0,0.09999999403953552,0.11999999731779099,0.0,0.09999999403953552,0.11999999731779099,0.0,0.02698805183172226,0.11999999731779099,0.0,0.20000000298023224,0.11999999731779099,0.0,0.09999999403953552,0.0,0.0,0.375,0.0,0.0,0.550000011920929,-0.20000003278255463,-1.862645149230957e-09,0.48000001907348633,-0.3400000333786011,7.450577932388569e-10,0.48000001907348633,-0.3400000333786011,7.450577932388569e-10,0.48000001907348633,-0.46000003814697266,7.450580152834618e-10,0.48000001907348633,0.20000000298023224,3.725290298461914e-09,0.48000001907348633,0.3400000035762787,2.6822091214739885e-09,0.48000001907348633,0.3400000035762787,2.6822091214739885e-09,0.48000001907348633,0.46000000834465027,2.6822091214739885e-09,0.48000001907348633
10,-0.11999999731779099,0.0,0.09999999403953552,-0.11999999731779099,0.0,0.02698805183172226,-0.11999999731779099,0.0,0.20000000298023224,-0.11999999731779099,0.0,0.09999999403953552,0.11999999731779099,0.0,0.09999999403953552,0.11999999731779099,0.0,0.02698805183172226,0.11999999731779099,0.0,0.20000000298023224,0.11999999731779099,0.0,0.09999999403953552,0.0,0.0,0.375,0.0,0.0,0.550000011920929,-0.20000003278255463,-1.862645149230957e-09,0.48000001907348633,-0.3400000333786011,7.450577932388569e-10,0.48000001907348633,-0.3400000333786011,7.450577932388569e-10,0.48000001907348633,-0.46000003814697266,7.450580152834618e-10,0.48000001907348633,0.20000000298023224,3.725290298461914e-09,0.48000001907348633,0.3400000035762787,2.6822091214739885e-09,0.48000001907348633,0.3400000035762787,2.6822091214739885e-09,0.48000001907348633,0.46000000834465027,2.6822091214739885e-09,0.48000001907348633
11,-0.11999999731779099,0.0,0.09999999403953552,-0.11999999731779099,0.0,0.02698805183172226,-0.11999999731779099,0.0,0.20000000298023224,-0.11999999731779099,0.0,0.09999999403953552,0.11999999731779099,0.0,0.09999999403953552,0.11999999731779099,0.0,0.02698805183172226,0.11999999731779099,0.0,0.20000000298023224,0.11999999731779099,0.0,0.09999999403953552,0.0,0.0,0.375,0.0,0.0,0.550000011920929,-0.20000003278255463,-1.862645149230957e-09,0.48000001907348633,-0.3400000333786011,7.450577932388569e-10,0.48000001907348633,-0.3400000333786011,7.450577932388569e-10,0.48000001907348633,-0.46000003814697266,7.450580152834618e-10,0.48000001907348633,0.20000000298023224,3.725290298461914e-09,0.48000001907348633,0.3400000035762787,2.6822091214739885e-09,0.48000001907348633,0.3400000035762787,2.6822091214739885e-09,0.48000001907348633,0.46000000834465027,2.6822091214739885e-09,0.48000001907348633
12,-0.11999999731779099,0.0,0.09999999403953552,-0.11999999731779099,0.0,0.02698805183172226,-0.11999999731779099,0.0,0.20000000298023224,-0.11999999731779099,0.0,0.09999999403953552,0.11999999731779099,0.0,0.09999999403953552,0.11999999731779099,0.0,0.02698805183172226,0.11999999731779099,0.0,0.20000000298023224,0.11999999731779099,0.0,0.09999999403953552,0.0,0.0,0.375,0.0,0.0,0.550000011920929,-0.20000003278255463,-1.862645149230957e-09,0.48000001907348633,-0.3400000333786011,7.450577932388569e-10,0.48000001907348633,-0.3400000333786011,7.450577932388569e-10,0.48000001907348633,-0.46000003814697266,7.450580152834618e-10,0.48000001907348633,0.20000000298023224,3.725290298461914e-09,0.48000001907348633,0.3400000035762787,2.6822091214739885e-09,0.48000001907348633,0.3400000035762787,2.6822091214739885e-09,0.48000001907348633,0.46000000834465027,2.6822091214739885e-09,0.48000001907348633
13,-0.11999999731779099,0.0,0.09999999403953552,-0.11999999731779099,0.0,0.02698805183172226,-0.11999999731779099,0.0,0.20000000298023224,-0.11999999731779099,0.0,0.09999999403953552,0.11999999731779099,0.0,0.09999999403953552,0.11999999731779099,0.0,0.02698805183172226,0.11999999731779099,0.0,0.20000000298023224,0.11999999731779099,0.0,0.09999999403953552,0.0,0.0,0.375,0.0,0.0,0.550000011920929,-0.20000003278255463,-1.862645149230957e-09,0.48000001907348633,-0.3400000333786011,7.450577932388569e-10,0.48000001907348633,-0.3400000333786011,7.450577932388569e-10,0.48000001907348633,-0.46000003814697266,7.450580152834618e-10,0.48000001907348633,0.20000000298023224,3.725290298461914e-09,0.48000001907348633,0.3400000035762787,2.6822091214739885e-09,0.48000001907348633,0.3400000035762787,2.6822091214739885e-09,0.48000001907348633,0.46000000834465027,2.6822091214739885e-09,0.48000001907348633
14,-0.11999999731779099,0.0,0.09999999403953552,-0.11999999731779099,0.0,0.02698805183172226,-0.11999999731779099,0.0,0.20000000298023224,-0.11999999731779099,0.0,0.09999999403953552,0.11999999731779099,0.0,0.09999999403953552,0.11999999731779099,0.0,0.02698805183172226,0.11999999731779099,0.0,0.20000000298023224,0.11999999731779099,0.0,0.09999999403953552,0.0,0.0,0.375,0.0,0.0,0.550000011920929,-0.20000003278255463,-1.862645149230957e-09,0.48000001907348633,-0.3400000333786011,7.450577932388569e-10,0.48000001907348633,-0.3400000333786011,7.450577932388569e-10,0.48000001907348633,-0.46000003814697266,7.450580152834618e-10,0.48000001907348633,0.20000000298023224,3.725290298461914e-09,0.48000001907348633,0.3400000035762787,2.6822091214739885e-09,0.48000001907348633,0.3400000035762787,2.6822091214739885e-09,0.48000001907348633,0.46000000834465027,2.6822091214739885e-09,0.48000001907348633
15,-0.11999999731779099,0.0,0.09999999403953552,-0.11999999731779099,0.0,0.02698805183172226,-0.11999999731779099,0.0,0.20000000298023224,-0.11999999731779099,0.0,0.09999999403953552,0.11999999731779099,0.0,0.09999999403953552,0.11999999731779099,0.0,0.02698805183172226,0.11999999731779099,0.0,0.20000000298023224,0.11999999731779099,0.0,0.09999999403953552,0.0,0.0,0.375,0.0,0.0,0.550000011920929,-0.20000003278255463,-1.862645149230957e-09,0.48000001907348633,-0.3400000333786011,7.450577932388569e-10,0.48000001907348633,-0.3400000333786011,7.450577932388569e-10,0.48000001907348633,-0.46000003814697266,7.450580152834618e-10,0.48000001907348633,0.20000000298023224,3.725290298461914e-09,0.48000001907348633,0.3400000035762787,2.6822091214739885e-09,0.48000001907348633,0.3400000035762787,2.6822091214739885e-09,0.48000001907348633,0.46000000834465027,2.6822091214739885e-09,0.48000001907348633
16,-0.11999999731779099,0.0,0.09999999403953552,-0.11999999731779099,0.0,0.02698805183172226,-0.11999999731779099,0.0,0.20000000298023224,-0.11999999731779099,0.0,0.09999999403953552,0.11999999731779099,0.0,0.09999999403953552,0.11999999731779099,0.0,0.02698805183172226,0.11999999731779099,0.0,0.20000000298023224,0.11999999731779099,0.0,0.09999999403953552,0.0,0.0,0.375,0.0,0.0,0.550000011920929,-0.20000003278255463,-1.862645149230957e-09,0.48000001907348633,-0.3400000333786011,7.450577932388569e-10,0.48000001907348633,-0.3400000333786011,7.450577932388569e-10,0.48000001907348633,-0.46000003814697266,7.450580152834618e-10,0.48000001907348633,0.20000000298023224,3.725290298461914e-09,0.48000001907348633,0.3400000035762787,2.6822091214739885e-09,0.48000001907348633,0.3400000035762787,2.6822091214739885e-09,0.48000001907348633,0.46000000834465027,2.6822091214739885e-09,0.48000001907348633
17,-0.11999999731779099,0.0,0.09999999403953552,-0.11999999731779099,0.0,0.02698805183172226,-0.11999999731779099,0.0,0.20000000298023224,-0.11999999731779099,0.0,0.09999999403953552,0.11999999731779099,0.0,0.09999999403953552,0.11999999731779099,0.0,0.02698805183172226,0.11999999731779099,0.0,0.20000000298023224,0.11999999731779099,0.0,0.09999999403953552,0.0,0.0,0.375,0.0,0.0,0.550000011920929,-0.20000003278255463,-1.862645149230957e-09,0.48000001907348633,-0.3400000333786011,7.450577932388569e-10,0.48000001907348633,-0.3400000333786011,7.450577932388569e-10,0.48000001907348633,-0.46000003814697266,7.450580152834618e-10,0.48000001907348633,0.20000000298023224,3.725290298461914e-09,0.48000001907348633,0.3400000035762787,2.6822091214739885e-09,0.48000001907348633,0.3400000035762787,2.6822091214739885e-09,0.48000001907348633,0.46000000834465027,2.6822091214739885e-09,0.48000001907348633
18,-0.11999999731779099,0.0,0.09999999403953552,-0.11999999731779099,0.0,0.02698805183172226,-0.11999999731779099,0.0,0.20000000298023224,-0.11999999731779099,0.0,0.09999999403953552,0.11999999731779099,0.0,0.09999999403953552,0.11999999731779099,0.0,0.02698805183172226,0.11999999731779099,0.0,0.20000000298023224,0.11999999731779099,0.0,0.09999999403953552,0.0,0.0,0.375,0.0,0.0,0.550000011920929,-0.20000003278255463,-1.862645149230957e-09,0.48000001907348633,-0.3400000333786011,7.450577932388569e-10,0.48000001907348633,-0.3400000333786011,7.450577932388569e-10,0.48000001907348633,-0.46000003814697266,7.450580152834618e-10,0.48000001907348633,0.20000000298023224,3.725290298461914e-09,0.48000001907348633,0.3400000035762787,2.6822091214739885e-09,0.48000001907348633,0.3400000035762787,2.6822091214739885e-09,0.48000001907348633,0.46000000834465027,2.6822091214739885e-09,0.48000001907348633
19,-0.11999999731779099,0.0,0.09999999403953552,-0.11999999731779099,0.0,0.02698805183172226,-0.11999999731779099,0.0,0.20000000298023224,-0.11999999731779099,0.0,0.09999999403953552,0.11999999731779099,0.0,0.09999999403953552,0.11999999731779099,0.0,0.02698805183172226,0.11999999731779099,0.0,0.20000000298023224,0.11999999731779099,0.0,0.09999999403953552,0.0,0.0,0.375,0.0,0.0,0.550000011920929,-0.20000003278255463,-1.862645149230957e-09,0.48000001907348633,-0.3400000333786011,7.450577932388569e-10,0.48000001907348633,-0.3400000333786011,7.450577932388569e-10,0.48000001907348633,-0.46000003814697266,7.450580152834618e-10,0.48000001907348633,0.20000000298023224,3.725290298461914e-09,0.48000001907348633,0.3400000035762787,2.6822091214739885e-09,0.48000001907348633,0.3400000035762787,2.6822091214739885e-09,0.48000001907348633,0.46000000834465027,2.6822091214739885e-09,0.48000001907348633
20,-0.11999999731779099,0.0,0.09999999403953552,-0.11999999731779099,0.0,0.02698805183172226,-0.11999999731779099,0.0,0.20000000298023224,-0.11999999731779099,0.0,0.09999999403953552,0.11999999731779099,0.0,0.09999999403953552,0.11999999731779099,0.0,0.02698805183172226,0.11999999731779099,0.0,0.20000000298023224,0.11999999731779099,0.0,0.09999999403953552,0.0,0.0,0.375,0.0,0.0,0.550000011920929,-0.20000003278255463,-1.862645149230957e-09,0.48000001907348633,-0.3400000333786011,7.450577932388569e-10,0.48000001907348633,-0.3400000333786011,7.450577932388569e-10,0.48000001907348633,-0.46000003814697266,7.450580152834618e-10,0.48000001907348633,0.20000000298023224,3.725290298461914e-09,0.48000001907348633,0.3400000035762787,2.6822091214739885e-09,0.48000001907348633,0.3400000035762787,2.6822091214739885e-09,0.48000001907348633,0.46000000834465027,2.6822091214739885e-09,0.48000001907348633
21,-0.11999999731779099,0.0,0.09999999403953552,-0.11999999731779099,0.0,0.02698805183172226,-0.11999999731779099,0.0,0.20000000298023224,-0.11999999731779099,0.0,0.09999999403953552,0.11999999731779099,0.0,0.09999999403953552,0.11999999731779099,0.0,0.02698805183172226,0.11999999731779099,0.0,0.20000000298023224,0.11999999731779099,0.0,0.09999999403953552,0.0,0.0,0.375,0.0,0.0,0.550000011920929,-0.20000003278255463,-1.862645149230957e-09,0.48000001907348633,-0.3400000333786011,7.450577932388569e-10,0.48000001907348633,-0.3400000333786011,7.450577932388569e-10,0.48000001907348633,-0.46000003814697266,7.450580152834618e-10,0.48000001907348633,0.20000000298023224,3.725290298461914e-09,0.48000001907348633,0.3400000035762787,2.6822091214739885e-09,0.48000001907348633,0.3400000035762787,2.6822091214739885e-09,0.48000001907348633,0.46000000834465027,2.6822091214739885e-09,0.48000001907348633
22,-0.11999999731779099,0.0,0.09999999403953552,-0.11999999731779099,0.0,0.02698805183172226,-0.11999999731779099,0.0,0.20000000298023224,-0.11999999731779099,0.0,0.09999999403953552,0.11999999731779099,0.0,0.09999999403953552,0.11999999731779099,0.0,0.02698805183172226,0.11999999731779099,0.0,0.20000000298023224,0.11999999731779099,0.0,0.09999999403953552,0.0,0.0,0.375,0.0,0.0,0.550000011920929,-0.20000003278255463,-1.862645149230957e-09,0.48000001907348633,-0.3400000333786011,7.450577932388569e-10,0.48000001907348633,-0.3400000333786011,7.450577932388569e-10,0.48000001907348633,-0.46000003814697266,7.450580152834618e-10,0.48000001907348633,0.20000000298023224,3.725290298461914e-09,0.48000001907348633,0.3400000035762787,2.6822091214739885e-09,0.48000001907348633,0.3400000035762787,2.6822091214739885e-09,0.48000001907348633,0.46000000834465027,2.6822091214739885e-09,0.48000001907348633
23,-0.11999999731779099,0.0,0.09999999403953552,-0.11999999731779099,0.0,0.02698805183172226,-0.11999999731779099,0.0,0.20000000298023224,-0.11999999731779099,0.0,0.09999999403953552,0.11999999731779099,0.0,0.09999999403953552,0.11999999731779099,0.0,0.02698805183172226,0.11999999731779099,0.0,0.20000000298023224,0.11999999731779099,0.0,0.09999999403953552,0.0,0.0,0.375,0.0,0.0,0.550000011920929,-0.20000003278255463,-1.862645149230957e-09,0.48000001907348633,-0.3400000333786011,7.450577932388569e-10,0.48000001907348633,-0.3400000333786011,7.450577932388569e-10,0.48000001907348633,-0.46000003814697266,7.450580152834618e-10,0.48000001907348633,0.20000000298023224,3.725290298461914e-09,0.48000001907348633,0.3400000035762787,2.6822091214739885e-09,0.48000001907348633,0.3400000035762787,2.6822091214739885e-09,0.48000001907348633,0.46000000834465027,2.6822091214739885e-09,0.48000001907348633
24,-0.11999999731779099,0.0,0.09999999403953552,-0.11999999731779099,0.0,0.02698805183172226,-0.11999999731779099,0.0,0.20000000298023224,-0.11999999731779099,0.0,0.09999999403953552,0.11999999731779099,0.0,0.09999999403953552,0.11999999731779099,0.0,0.02698805183172226,0.11999999731779099,0.0,0.20000000298023224,0.11999999731779099,0.0,0.09999999403953552,0.0,0.0,0.375,0.0,0.0,0.550000011920929,-0.20000003278255463,-1.862645149230957e-09,0.48000001907348633,-0.3400000333786011,7.450577932388569e-10,0.48000001907348633,-0.3400000333786011,7.450577932388569e-10,0.48000001907348633,-0.46000003814697266,7.450580152834618e-10,0.48000001907348633,0.20000000298023224,3.725290298461914e-09,0.48000001907348633,0.3400000035762787,2.6822091214739885e-09,0.48000001907348633,0.3400000035762787,2.6822091214739885e-09,0.48000001907348633,0.46000000834465027,2.6822091214739885e-09,0.48000001907348633
25,-0.11999999731779099,0.0,0.09999999403953552,-0.11999999731779099,0.0,0.02698805183172226,-0.11999999731779099,0.0,0.20000000298023224,-0.11999999731779099,0.0,0.09999999403953552,0.11999999731779099,0.0,0.09999999403953552,0.11999999731779099,0.0,0.02698805183172226,0.11999999731779099,0.0,0.20000000298023224,0.11999999731779099,0.0,0.09999999403953552,0.0,0.0,0.375,0.0,0.0,0.550000011920929,-0.20000003278255463,-1.862645149230957e-09,0.48000001907348633,-0.3400000333786011,7.450577932388569e-10,0.48000001907348633,-0.3400000333786011,7.450577932388569e-10,0.48000001907348633,-0.46000003814697266,7.450580152834618e-10,0.48000001907348633,0.20000000298023224,3.725290298461914e-09,0.48000001907348633,0.3400000035762787,2.6822091214739885e-09,0.48000001907348633,0.3400000035762787,2.6822091214739885e-09,0.48000001907348633,0.46000000834465027,2.6822091214739885e-09,0.48000001907348633
26,-0.11999999731779099,0.0,0.09999999403953552,-0.11999999731779099,0.0,0.02698805183172226,-0.11999999731779099,0.0,0.20000000298023224,-0.11999999731779099,0.0,0.09999999403953552,0.11999999731779099,0.0,0.09999999403953552,0.11999999731779099,0.0,0.02698805183172226,0.11999999731779099,0.0,0.20000000298023224,0.11999999731779099,0.0,0.09999999403953552,0.0,0.0,0.375,0.0,0.0,0.550000011920929,-0.20000003278255463,-1.862645149230957e-09,0.48000001907348633,-0.3400000333786011,7.450577932388569e-10,0.48000001907348633,-0.3400000333786011,7.450577932388569e-10,0.48000001907348633,-0.46000003814697266,7.450580152834618e-10,0.48000001907348633,0.20000000298023224,3.725290298461914e-09,0.48000001907348633,0.3400000035762787,2.6822091214739885e-09,0.48000001907348633,0.3400000035762787,2.6822091214739885e-09,0.48000001907348633,0.46000000834465027,2.6822091214739885e-09,0.48000001907348633
27,-0.11999999731779099,0.0,0.09999999403953552,-0.11999999731779099,0.0,0.02698805183172226,-0.11999999731779099,0.0,0.20000000298023224,-0.11999999731779099,0.0,0.09999999403953552,0.11999999731779099,0.0,0.09999999403953552,0.11999999731779099,0.0,0.02698805183172226,0.11999999731779099,0.0,0.20000000298023224,0.11999999731779099,0.0,0.09999999403953552,0.0,0.0,0.375,0.0,0.0,0.550000011920929,-0.20000003278255463,-1.862645149230957e-09,0.48000001907348633,-0.3400000333786011,7.450577932388569e-10,0.48000001907348633,-0.3400000333786011,7.450577932388569e-10,0.48000001907348633,-0.46000003814697266,7.450580152834618e-10,0.48000001907348633,0.20000000298023224,3.725290298461914e-09,0.48000001907348633,0.3400000035762787,2.6822091214739885e-09,0.48000001907348633,0.3400000035762787,2.6822091214739885e-09,0.48000001907348633,0.46000000834465027,2.6822091214739885e-09,0.48000001907348633
28,-0.11999999731779099,0.0,0.09999999403953552,-0.11999999731779099,0.0,0.02698805183172226,-0.11999999731779099,0.0,0.20000000298023224,-0.11999999731779099,0.0,0.09999999403953552,0.11999999731779099,0.0,0.09999999403953552,0.11999999731779099,0.0,0.02698805183172226,0.11999999731779099,0.0,0.20000000298023224,0.11999999731779099,0.0,0.09999999403953552,0.0,0.0,0.375,0.0,0.0,0.550000011920929,-0.20000003278255463,-1.862645149230957e-09,0.48000001907348633,-0.3400000333786011,7.450577932388569e-10,0.48000001907348633,-0.3400000333786011,7.450577932388569e-10,0.48000001907348633,-0.46000003814697266,7.450580152834618e-10,0.48000001907348633,0.20000000298023224,3.725290298461914e-09,0.48000001907348633,0.3400000035762787,2.6822091214739885e-09,0.48000001907348633,0.3400000035762787,2.6822091214739885e-09,0.48000001907348633,0.46000000834465027,2.6822091214739885e-09,0.48000001907348633
29,-0.11999999731779099,0.0,0.09999999403953552,-0.11999999731779099,0.0,0.02698805183172226,-0.11999999731779099,0.0,0.20000000298023224,-0.11999999731779099,0.0,0.09999999403953552,0.11999999731779099,0.0,0.09999999403953552,0.11999999731779099,0.0,0.02698805183172226,0.11999999731779099,0.0,0.20000000298023224,0.11999999731779099,0.0,0.09999999403953552,0.0,0.0,0.375,0.0,0.0,0.550000011920929,-0.20000003278255463,-1.862645149230957e-09,0.48000001907348633,-0.3400000333786011,7.450577932388569e-10,0.48000001907348633,-0.3400000333786011,7.450577932388569e-10,0.48000001907348633,-0.46000003814697266,7.450580152834618e-10,0.48000001907348633,0.20000000298023224,3.725290298461914e-09,0.48000001907348633,0.3400000035762787,2.6822091214739885e-09,0.48000001907348633,0.3400000035762787,2.6822091214739885e-09,0.48000001907348633,0.46000000834465027,2.6822091214739885e-09,0.48000001907348633
30,-0.11999999731779099,0.0,0.09999999403953552,-0.11999999731779099,0.0,0.02698805183172226,-0.11999999731779099,0.0,0.20000000298023224,-0.11999999731779099,0.0,0.09999999403953552,0.11999999731779099,0.0,0.09999999403953552,0.11999999731779099,0.0,0.02698805183172226,0.11999999731779099,0.0,0.20000000298023224,0.11999999731779099,0.0,0.09999999403953552,0.0,0.0,0.375,0.0,0.0,0.550000011920929,-0.20000003278255463,-1.862645149230957e-09,0.48000001907348633,-0.3400000333786011,7.450577932388569e-10,0.48000001907348633,-0.3400000333786011,7.450577932388569e-10,0.48000001907348633,-0.46000003814697266,7.450580152834618e-10,0.48000001907348633,0.20000000298023224,3.725290298461914e-09,0.48000001907348633,0.3400000035762787,2.6822091214739885e-09,0.48000001907348633,0.3400000035762787,2.6822091214739885e-09,0.48000001907348633,0.46000000834465027,2.6822091214739885e-09,0.48000001907348633
31,-0.11999999731779099,0.0,0.09999999403953552,-0.11999999731779099,0.0,0.02698805183172226,-0.11999999731779099,0.0,0.20000000298023224,-0.11999999731779099,0.0,0.09999999403953552,0.11999999731779099,0.0,0.09999999403953552,0.11999999731779099,0.0,0.02698805183172226,0.11999999731779099,0.0,0.20000000298023224,0.11999999731779099,0.0,0.09999999403953552,0.0,0.0,0.375,0.0,0.0,0.550000011920929,-0.20000003278255463,-1.862645149230957e-09,0.48000001907348633,-0.3400000333786011,7.450577932388569e-10,0.48000001907348633,-0.3400000333786011,7.450577932388569e-10,0.48000001907348633,-0.46000003814697266,7.450580152834618e-10,0.48000001907348633,0.20000000298023224,3.725290298461914e-09,0.48000001907348633,0.3400000035762787,2.6822091214739885e-09,0.48000001907348633,0.3400000035762787,2.6822091214739885e-09,0.48000001907348633,0.46000000834465027,2.6822091214739885e-09,0.48000001907348633
32,-0.11999999731779099,0.0,0.09999999403953552,-0.11999999731779099,0.0,0.02698805183172226,-0.11999999731779099,0.0,0.20000000298023224,-0.11999999731779099,0.0,0.09999999403953552,0.11999999731779099,0.0,0.09999999403953552,0.11999999731779099,0.0,0.02698805183172226,0.11999999731779099,0.0,0.20000000298023224,0.11999999731779099,0.0,0.09999999403953552,0.0,0.0,0.375,0.0,0.0,0.550000011920929,-0.20000003278255463,-1.862645149230957e-09,0.48000001907348633,-0.3400000333786011,7.450577932388569e-10,0.48000001907348633,-0.3400000333786011,7.450577932388569e-10,0.48000001907348633,-0.46000003814697266,7.450580152834618e-10,0.48000001907348633,0.20000000298023224,3.725290298461914e-09,0.48000001907348633,0.3400000035762787,2.6822091214739885e-09,0.48000001907348633,0.3400000035762787,2.6822091214739885e-09,0.48000001907348633,0.46000000834465027,2.6822091214739885e-09,0.48000001907348633
33,-0.11999999731779099,0.0,0.09999999403953552,-0.11999999731779099,0.0,0.02698805183172226,-0.11999999731779099,0.0,0.20000000298023224,-0.11999999731779099,0.0,0.09999999403953552,0.11999999731779099,0.0,0.09999999403953552,0.11999999731779099,0.0,0.02698805183172226,0.11999999731779099,0.0,0.20000000298023224,0.11999999731779099,0.0,0.09999999403953552,0.0,0.0,0.375,0.0,0.0,0.550000011920929,-0.20000003278255463,-1.862645149230957e-09,0.48000001907348633,-0.3400000333786011,7.450577932388569e-10,0.48000001907348633,-0.3400000333786011,7.450577932388569e-10,0.48000001907348633,-0.46000003814697266,7.450580152834618e-10,0.48000001907348633,0.20000000298023224,3.725290298461914e-09,0.48000001907348633,0.3400000035762787,2.6822091214739885e-09,0.48000001907348633,0.3400000035762787,2.6822091214739885e-09,0.48000001907348633,0.46000000834465027,2.6822091214739885e-09,0.48000001907348633
34,-0.11999999731779099,0.0,0.09999999403953552,-0.11999999731779099,0.0,0.02698805183172226,-0.11999999731779099,0.0,0.20000000298023224,-0.11999999731779099,0.0,0.09999999403953552,0.11999999731779099,0.0,0.09999999403953552,0.11999999731779099,0.0,0.02698805183172226,0.11999999731779099,0.0,0.20000000298023224,0.11999999731779099,0.0,0.09999999403953552,0.0,0.0,0.375,0.0,0.0,0.550000011920929,-0.20000003278255463,-1.862645149230957e-09,0.48000001907348633,-0.3400000333786011,7.450577932388569e-10,0.48000001907348633,-0.3400000333786011,7.450577932388569e-10,0.48000001907348633,-0.46000003814697266,7.450580152834618e-10,0.48000001907348633,0.20000000298023224,3.725290298461914e-09,0.48000001907348633,0.3400000035762787,2.6822091214739885e-09,0.48000001907348633,0.3400000035762787,2.6822091214739885e-09,0.48000001907348633,0.46000000834465027,2.6822091214739885e-09,0.48000001907348633
35,-0.11999999731779099,0.0,0.09999999403953552,-0.11999999731779099,0.0,0.02698805183172226,-0.11999999731779099,0.0,0.20000000298023224,-0.11999999731779099,0.0,0.09999999403953552,0.11999999731779099,0.0,0.09999999403953552,0.11999999731779099,0.0,0.02698805183172226,0.11999999731779099,0.0,0.20000000298023224,0.11999999731779099,0.0,0.09999999403953552,0.0,0.0,0.375,0.0,0.0,0.550000011920929,-0.20000003278255463,-1.862645149230957e-09,0.48000001907348633,-0.3400000333786011,7.450577932388569e-10,0.48000001907348633,-0.3400000333786011,7.450577932388569e-10,0.48000001907348633,-0.46000003814697266,7.450580152834618e-10,0.48000001907348633,0.20000000298023224,3.725290298461914e-09,0.48000001907348633,0.3400000035762787,2.6822091214739885e-09,0.48000001907348633,0.3400000035762787,2.6822091214739885e-09,0.48000001907348633,0.46000000834465027,2.6822091214739885e-09,0.48000001907348633
36,-0.11999999731779099,0.0,0.09999999403953552,-0.11999999731779099,0.0,0.02698805183172226,-0.11999999731779099,0.0,0.20000000298023224,-0.11999999731779099,0.0,0.09999999403953552,0.11999999731779099,0.0,0.09999999403953552,0.11999999731779099,0.0,0.02698805183172226,0.11999999731779099,0.0,0.20000000298023224,0.11999999731779099,0.0,0.09999999403953552,0.0,0.0,0.375,0.0,0.0,0.550000011920929,-0.20000003278255463,-1.862645149230957e-09,0.48000001907348633,-0.3400000333786011,7.450577932388569e-10,0.48000001907348633,-0.3400000333786011,7.450577932388569e-10,0.48000001907348633,-0.46000003814697266,7.450580152834618e-10,0.48000001907348633,0.20000000298023224,3.725290298461914e-09,0.48000001907348633,0.3400000035762787,2.6822091214739885e-09,0.48000001907348633,0.3400000035762787,2.6822091214739885e-09,0.48000001907348633,0.46000000834465027,2.6822091214739885e-09,0.48000001907348633
37,-0.11999999731779099,0.0,0.09999999403953552,-0.11999999731779099,0.0,0.02698805183172226,-0.11999999731779099,0.0,0.20000000298023224,-0.11999999731779099,0.0,0.09999999403953552,0.11999999731779099,0.0,0.09999999403953552,0.11999999731779099,0.0,0.02698805183172226,0.11999999731779099,0.0,0.20000000298023224,0.11999999731779099,0.0,0.09999999403953552,0.0,0.0,0.375,0.0,0.0,0.550000011920929,-0.20000003278255463,-1.862645149230957e-09,0.48000001907348633,-0.3400000333786011,7.450577932388569e-10,0.48000001907348633,-0.3400000333786011,7.450577932388569e-10,0.48000001907348633,-0.46000003814697266,7.450580152834618e-10,0.48000001907348633,0.20000000298023224,3.725290298461914e-09,0.48000001907348633,0.3400000035762787,2.6822091214739885e-09,0.48000001907348633,0.3400000035762787,2.6822091214739885e-09,0.48000001907348633,0.46000000834465027,2.6822091214739885e-09,0.48000001907348633
38,-0.11999999731779099,0.0,0.09999999403953552,-0.11999999731779099,0.0,0.02698805183172226,-0.11999999731779099,0.0,0.20000000298023224,-0.11999999731779099,0.0,0.09999999403953552,0.11999999731779099,0.0,0.09999999403953552,0.11999999731779099,0.0,0.02698805183172226,0.11999999731779099,0.0,0.20000000298023224,0.11999999731779099,0.0,0.09999999403953552,0.0,0.0,0.375,0.0,0.0,0.550000011920929,-0.20000003278255463,-1.862645149230957e-09,0.48000001907348633,-0.3400000333786011,7.450577932388569e-10,0.48000001907348633,-0.3400000333786011,7.450577932388569e-10,0.48000001907348633,-0.46000003814697266,7.450580152834618e-10,0.48000001907348633,0.20000000298023224,3.725290298461914e-09,0.48000001907348633,0.3400000035762787,2.6822091214739885e-09,0.48000001907348633,0.3400000035762787,2.6822091214739885e-09,0.48000001907348633,0.46000000834465027,2.6822091214739885e-09,0.48000001907348633
39,-0.11999999731779099,0.0,0.09999999403953552,-0.11999999731779099,0.0,0.02698805183172226,-0.11999999731779099,0.0,0.20000000298023224,-0.11999999731779099,0.0,0.09999999403953552,0.11999999731779099,0.0,0.09999999403953552,0.11999999731779099,0.0,0.02698805183172226,0.11999999731779099,0.0,0.20000000298023224,0.11999999731779099,0.0,0.09999999403953552,0.0,0.0,0.375,0.0,0.0,0.550000011920929,-0.20000003278255463,-1.862645149230957e-09,0.48000001907348633,-0.3400000333786011,7.450577932388569e-10,0.48000001907348633,-0.3400000333786011,7.450577932388569e-10,0.48000001907348633,-0.46000003814697266,7.450580152834618e-10,0.48000001907348633,0.20000000298023224,3.725290298461914e-09,0.48000001907348633,0.3400000035762787,2.6822091214739885e-09,0.48000001907348633,0.3400000035762787,2.6822091214739885e-09,0.48000001907348633,0.46000000834465027,2.6822091214739885e-09,0.48000001907348633
40,-0.11999999731779099,0.0,0.09999999403953552,-0.11999999731779099,0.0,0.02698805183172226,-0.11999999731779099,0.0,0.20000000298023224,-0.11999999731779099,0.0,0.09999999403953552,0.11999999731779099,0.0,0.09999999403953552,0.11999999731779099,0.0,0.02698805183172226,0.11999999731779099,0.0,0.20000000298023224,0.11999999731779099,0.0,0.09999999403953552,0.0,0.0,0.375,0.0,0.0,0.550000011920929,-0.20000003278255463,-1.862645149230957e-09,0.48000001907348633,-0.3400000333786011,7.450577932388569e-10,0.48000001907348633,-0.3400000333786011,7.450577932388569e-10,0.48000001907348633,-0.46000003814697266,7.450580152834618e-10,0.48000001907348633,0.20000000298023224,3.725290298461914e-09,0.48000001907348633,0.3400000035762787,2.6822091214739885e-09,0.48000001907348633,0.3400000035762787,2.6822091214739885e-09,0.48000001907348633,0.46000000834465027,2.6822091214739885e-09,0.48000001907348633
41,-0.11999999731779099,0.0,0.09999999403953552,-0.11999999731779099,0.0,0.02698805183172226,-0.11999999731779099,0.0,0.20000000298023224,-0.11999999731779099,0.0,0.09999999403953552,0.11999999731779099,0.0,0.09999999403953552,0.11999999731779099,0.0,0.02698805183172226,0.11999999731779099,0.0,0.20000000298023224,0.11999999731779099,0.0,0.09999999403953552,0.0,0.0,0.375,0.0,0.0,0.550000011920929,-0.20000003278255463,-1.862645149230957e-09,0.48000001907348633,-0.3400000333786011,7.450577932388569e-10,0.48000001907348633,-0.3400000333786011,7.450577932388569e-10,0.48000001907348633,-0.46000003814697266,7.450580152834618e-10,0.48000001907348633,0.20000000298023224,3.725290298461914e-09,0.48000001907348633,0.3400000035762787,2.6822091214739885e-09,0.48000001907348633,0.3400000035762787,2.6822091214739885e-09,0.48000001907348633,0.46000000834465027,2.6822091214739885e-09,0.48000001907348633
42,-0.11999999731779099,0.0,0.09999999403953552,-0.11999999731779099,0.0,0.02698805183172226,-0.11999999731779099,0.0,0.20000000298023224,-0.11999999731779099,0.0,0.09999999403953552,0.11999999731779099,0.0,0.09999999403953552,0.11999999731779099,0.0,0.02698805183172226,0.11999999731779099,0.0,0.20000000298023224,0.11999999731779099,0.0,0.09999999403953552,0.0,0.0,0.375,0.0,0.0,0.550000011920929,-0.20000003278255463,-1.862645149230957e-09,0.48000001907348633,-0.3400000333786011,7.450577932388569e-10,0.48000001907348633,-0.3400000333786011,7.450577932388569e-10,0.48000001907348633,-0.46000003814697266,7.450580152834618e-10,0.48000001907348633,0.20000000298023224,3.725290298461914e-09,0.48000001907348633,0.3400000035762787,2.6822091214739885e-09,0.48000001907348633,0.3400000035762787,2.6822091214739885e-09,0.48000001907348633,0.46000000834465027,2.6822091214739885e-09,0.48000001907348633
43,-0.11999999731779099,0.0,0.09999999403953552,-0.11999999731779099,0.0,0.02698805183172226,-0.11999999731779099,0.0,0.20000000298023224,-0.11999999731779099,0.0,0.09999999403953552,0.11999999731779099,0.0,0.09999999403953552,0.11999999731779099,0.0,0.02698805183172226,0.11999999731779099,0.0,0.20000000298023224,0.11999999731779099,0.0,0.09999999403953552,0.0,0.0,0.375,0.0,0.0,0.550000011920929,-0.20000003278255463,-1.862645149230957e-09,0.48000001907348633,-0.3400000333786011,7.450577932388569e-10,0.48000001907348633,-0.3400000333786011,7.450577932388569e-10,0.48000001907348633,-0.46000003814697266,7.450580152834618e-10,0.48000001907348633,0.20000000298023224,3.725290298461914e-09,0.48000001907348633,0.3400000035762787,2.6822091214739885e-09,0.48000001907348633,0.3400000035762787,2.6822091214739885e-09,0.48000001907348633,0.46000000834465027,2.6822091214739885e-09,0.48000001907348633
44,-0.11999999731779099,0.0,0.09999999403953552,-0.11999999731779099,0.0,0.02698805183172226,-0.11999999731779099,0.0,0.20000000298023224,-0.11999999731779099,0.0,0.09999999403953552,0.11999999731779099,0.0,0.09999999403953552,0.11999999731779099,0.0,0.02698805183172226,0.11999999731779099,0.0,0.20000000298023224,0.11999999731779099,0.0,0.09999999403953552,0.0,0.0,0.375,0.0,0.0,0.550000011920929,-0.20000003278255463,-1.862645149230957e-09,0.48000001907348633,-0.3400000333786011,7.450577932388569e-10,0.48000001907348633,-0.3400000333786011,7.450577932388569e-10,0.48000001907348633,-0.46000003814697266,7.450580152834618e-10,0.48000001907348633,0.20000000298023224,3.725290298461914e-09,0.48000001907348633,0.3400000035762787,2.6822091214739885e-09,0.48000001907348633,0.3400000035762787,2.6822091214739885e-09,0.48000001907348633,0.46000000834465027,2.6822091214739885e-09,0.48000001907348633
45,-0.11999999731779099,0.0,0.09999999403953552,-0.11999999731779099,0.0,0.02698805183172226,-0.11999999731779099,0.0,0.20000000298023224,-0.11999999731779099,0.0,0.09999999403953552,0.11999999731779099,0.0,0.09999999403953552,0.11999999731779099,0.0,0.02698805183172226,0.11999999731779099,0.0,0.20000000298023224,0.11999999731779099,0.0,0.09999999403953552,0.0,0.0,0.375,0.0,0.0,0.550000011920929,-0.20000003278255463,-1.862645149230957e-09,0.48000001907348633,-0.3400000333786011,7.450577932388569e-10,0.48000001907348633,-0.3400000333786011,7.450577932388569e-10,0.48000001907348633,-0.46000003814697266,7.450580152834618e-10,0.48000001907348633,0.20000000298023224,3.725290298461914e-09,0.48000001907348633,0.3400000035762787,2.6822091214739885e-09,0.48000001907348633,0.3400000035762787,2.6822091214739885e-09,0.48000001907348633,0.46000000834465027,2.6822091214739885e-09,0.48000001907348633
46,-0.11999999731779099,0.0,0.09999999403953552,-0.11999999731779099,0.0,0.02698805183172226,-0.11999999731779099,0.0,0.20000000298023224,-0.11999999731779099,0.0,0.09999999403953552,0.11999999731779099,0.0,0.09999999403953552,0.11999999731779099,0.0,0.02698805183172226,0.11999999731779099,0.0,0.20000000298023224,0.11999999731779099,0.0,0.09999999403953552,0.0,0.0,0.375,0.0,0.0,0.550000011920929,-0.20000003278255463,-1.862645149230957e-09,0.48000001907348633,-0.3400000333786011,7.450577932388569e-10,0.48000001907348633,-0.3400000333786011,7.450577932388569e-10,0.48000001907348633,-0.46000003814697266,7.450580152834618e-10,0.48000001907348633,0.20000000298023224,3.725290298461914e-09,0.48000001907348633,0.3400000035762787,2.6822091214739885e-09,0.48000001907348633,0.3400000035762787,2.6822091214739885e-09,0.48000001907348633,0.46000000834465027,2.6822091214739885e-09,0.48000001907348633
47,-0.11999999731779099,0.0,0.09999999403953552,-0.11999999731779099,0.0,0.02698805183172226,-0.11999999731779099,0.0,0.20000000298023224,-0.11999999731779099,0.0,0.09999999403953552,0.11999999731779099,0.0,0.09999999403953552,0.11999999731779099,0.0,0.02698805183172226,0.11999999731779099,0.0,0.20000000298023224,0.11999999731779099,0.0,0.09999999403953552,0.0,0.0,0.375,0.0,0.0,0.550000011920929,-0.20000003278255463,-1.862645149230957e-09,0.48000001907348633,-0.3400000333786011,7.450577932388569e-10,0.48000001907348633,-0.3400000333786011,7.450577932388569e-10,0.48000001907348633,-0.46000003814697266,7.450580152834618e-10,0.48000001907348633,0.20000000298023224,3.725290298461914e-09,0.48000001907348633,0.3400000035762787,2.6822091214739885e-09,0.48000001907348633,0.3400000035762787,2.6822091214739885e-09,0.48000001907348633,0.46000000834465027,2.6822091214739885e-09,0.48000001907348633
48,-0.11999999731779099,0.0,0.09999999403953552,-0.11999999731779099,0.0,0.02698805183172226,-0.11999999731779099,0.0,0.20000000298023224,-0.11999999731779099,0.0,0.09999999403953552,0.11999999731779099,0.0,0.09999999403953552,0.11999999731779099,0.0,0.02698805183172226,0.11999999731779099,0.0,0.20000000298023224,0.11999999731779099,0.0,0.09999999403953552,0.0,0.0,0.375,0.0,0.0,0.550000011920929,-0.20000003278255463,-1.862645149230957e-09,0.48000001907348633,-0.3400000333786011,7.450577932388569e-10,0.48000001907348633,-0.3400000333786011,7.450577932388569e-10,0.48000001907348633,-0.46000003814697266,7.450580152834618e-10,0.48000001907348633,0.20000000298023224,3.725290298461914e-09,0.48000001907348633,0.3400000035762787,2.6822091214739885e-09,0.48000001907348633,0.3400000035762787,2.6822091214739885e-09,0.48000001907348633,0.46000000834465027,2.6822091214739885e-09,0.48000001907348633
49,-0.11999999731779099,0.0,0.09999999403953552,-0.11999999731779099,0.0,0.02698805183172226,-0.11999999731779099,0.0,0.20000000298023224,-0.11999999731779099,0.0,0.09999999403953552,0.11999999731779099,0.0,0.09999999403953552,0.11999999731779099,0.0,0.02698805183172226,0.11999999731779099,0.0,0.20000000298023224,0.11999999731779099,0.0,0.09999999403953552,0.0,0.0,0.375,0.0,0.0,0.550000011920929,-0.20000003278255463,-1.862645149230957e-09,0.48000001907348633,-0.3400000333786011,7.450577932388569e-10,0.48000001907348633,-0.3400000333786011,7.450577932388569e-10,0.48000001907348633,-0.46000003814697266,7.450580152834618e-10,0.48000001907348633,0.20000000298023224,3.725290298461914e-09,0.48000001907348633,0.3400000035762787,2.6822091214739885e-09,0.48000001907348633,0.3400000035762787,2.6822091214739885e-09,0.48000001907348633,0.46000000834465027,2.6822091214739885e-09,0.48000001907348633
50,-0.11999999731779099,0.0,0.09999999403953552,-0.11999999731779099,0.0,0.02698805183172226,-0.11999999731779099,0.0,0.20000000298023224,-0.11999999731779099,0.0,0.09999999403953552,0.11999999731779099,0.0,0.09999999403953552,0.11999999731779099,0.0,0.02698805183172226,0.11999999731779099,0.0,0.20000000298023224,0.11999999731779099,0.0,0.09999999403953552,0.0,0.0,0.375,0.0,0.0,0.550000011920929,-0.20000003278255463,-1.862645149230957e-09,0.48000001907348633,-0.3400000333786011,7.450577932388569e-10,0.48000001907348633,-0.3400000333786011,7.450577932388569e-10,0.48000001907348633,-0.46000003814697266,7.450580152834618e-10,0.48000001907348633,0.20000000298023224,3.725290298461914e-09,0.48000001907348633,0.3400000035762787,2.6822091214739885e-09,0.48000001907348633,0.3400000035762787,2.6822091214739885e-09,0.48000001907348633,0.46000000834465027,2.6822091214739885e-09,0.48000001907348633
51,-0.11999999731779099,0.0,0.09999999403953552,-0.11999999731779099,0.0,0.02698805183172226,-0.11999999731779099,0.0,0.20000000298023224,-0.11999999731779099,0.0,0.09999999403953552,0.11999999731779099,0.0,0.09999999403953552,0.11999999731779099,0.0,0.02698805183172226,0.11999999731779099,0.0,0.20000000298023224,0.11999999731779099,0.0,0.09999999403953552,0.0,0.0,0.375,0.0,0.0,0.550000011920929,-0.20000003278255463,-1.862645149230957e-09,0.48000001907348633,-0.3400000333786011,7.450577932388569e-10,0.48000001907348633,-0.3400000333786011,7.450577932388569e-10,0.48000001907348633,-0.46000003814697266,7.450580152834618e-10,0.48000001907348633,0.20000000298023224,3.725290298461914e-09,0.48000001907348633,0.3400000035762787,2.6822091214739885e-09,0.48000001907348633,0.3400000035762787,2.6822091214739885e-09,0.48000001907348633,0.46000000834465027,2.6822091214739885e-09,0.48000001907348633
52,-0.11999999731779099,0.0,0.09999999403953552,-0.11999999731779099,0.0,0.02698805183172226,-0.11999999731779099,0.0,0.20000000298023224,-0.11999999731779099,0.0,0.09999999403953552,0.11999999731779099,0.0,0.09999999403953552,0.11999999731779099,0.0,0.02698805183172226,0.11999999731779099,0.0,0.20000000298023224,0.11999999731779099,0.0,0.09999999403953552,0.0,0.0,0.375,0.0,0.0,0.550000011920929,-0.20000003278255463,-1.862645149230957e-09,0.48000001907348633,-0.3400000333786011,7.450577932388569e-10,0.48000001907348633,-0.3400000333786011,7.450577932388569e-10,0.48000001907348633,-0.46000003814697266,7.450580152834618e-10,0.48000001907348633,0.20000000298023224,3.725290298461914e-09,0.48000001907348633,0.3400000035762787,2.6822091214739885e-09,0.48000001907348633,0.3400000035762787,2.6822091214739885e-09,0.48000001907348633,0.46000000834465027,2.6822091214739885e-09,0.48000001907348633
53,-0.11999999731779099,0.0,0.09999999403953552,-0.11999999731779099,0.0,0.02698805183172226,-0.11999999731779099,0.0,0.20000000298023224,-0.11999999731779099,0.0,0.09999999403953552,0.11999999731779099,0.0,0.09999999403953552,0.11999999731779099,0.0,0.02698805183172226,0.11999999731779099,0.0,0.20000000298023224,0.11999999731779099,0.0,0.09999999403953552,0.0,0.0,0.375,0.0,0.0,0.550000011920929,-0.20000003278255463,-1.862645149230957e-09,0.48000001907348633,-0.3400000333786011,7.450577932388569e-10,0.48000001907348633,-0.3400000333786011,7.450577932388569e-10,0.48000001907348633,-0.46000003814697266,7.450580152834618e-10,0.48000001907348633,0.20000000298023224,3.725290298461914e-09,0.48000001907348633,0.3400000035762787,2.6822091214739885e-09,0.48000001907348633,0.3400000035762787,2.6822091214739885e-09,0.48000001907348633,0.46000000834465027,2.6822091214739885e-09,0.48000001907348633
54,-0.11999999731779099,0.0,0.09999999403953552,-0.11999999731779099,0.0,0.02698805183172226,-0.11999999731779099,0.0,0.20000000298023224,-0.11999999731779099,0.0,0.09999999403953552,0.11999999731779099,0.0,0.09999999403953552,0.11999999731779099,0.0,0.02698805183172226,0.11999999731779099,0.0,0.20000000298023224,0.11999999731779099,0.0,0.09999999403953552,0.0,0.0,0.375,0.0,0.0,0.550000011920929,-0.20000003278255463,-1.862645149230957e-09,0.48000001907348633,-0.3400000333786011,7.450577932388569e-10,0.48000001907348633,-0.3400000333786011,7.450577932388569e-10,0.48000001907348633,-0.46000003814697266,7.450580152834618e-10,0.48000001907348633,0.20000000298023224,3.725290298461914e-09,0.48000001907348633,0.3400000035762787,2.6822091214739885e-09,0.48000001907348633,0.3400000035762787,2.6822091214739885e-09,0.48000001907348633,0.46000000834465027,2.6822091214739885e-09,0.48000001907348633
55,-0.11999999731779099,0.0,0.09999999403953552,-0.11999999731779099,0.0,0.02698805183172226,-0.11999999731779099,0.0,0.20000000298023224,-0.11999999731779099,0.0,0.09999999403953552,0.11999999731779099,0.0,0.09999999403953552,0.11999999731779099,0.0,0.02698805183172226,0.11999999731779099,0.0,0.20000000298023224,0.11999999731779099,0.0,0.09999999403953552,0.0,0.0,0.375,0.0,0.0,0.550000011920929,-0.20000003278255463,-1.862645149230957e-09,0.48000001907348633,-0.3400000333786011,7.450577932388569e-10,0.48000001907348633,-0.3400000333786011,7.450577932388569e-10,0.48000001907348633,-0.46000003814697266,7.450580152834618e-10,0.48000001907348633,0.20000000298023224,3.725290298461914e-09,0.48000001907348633,0.3400000035762787,2.6822091214739885e-09,0.48000001907348633,0.3400000035762787,2.6822091214739885e-09,0.48000001907348633,0.46000000834465027,2.6822091214739885e-09,0.48000001907348633
56,-0.11999999731779099,0.0,0.09999999403953552,-0.11999999731779099,0.0,0.02698805183172226,-0.11999999731779099,0.0,0.20000000298023224,-0.11999999731779099,0.0,0.09999999403953552,0.11999999731779099,0.0,0.09999999403953552,0.11999999731779099,0.0,0.02698805183172226,0.11999999731779099,0.0,0.20000000298023224,0.11999999731779099,0.0,0.09999999403953552,0.0,0.0,0.375,0.0,0.0,0.550000011920929,-0.20000003278255463,-1.862645149230957e-09,0.48000001907348633,-0.3400000333786011,7.450577932388569e-10,0.48000001907348633,-0.3400000333786011,7.450577932388569e-10,0.48000001907348633,-0.46000003814697266,7.450580152834618e-10,0.48000001907348633,0.20000000298023224,3.725290298461914e-09,0.48000001907348633,0.3400000035762787,2.6822091214739885e-09,0.48000001907348633,0.3400000035762787,2.6822091214739885e-09,0.48000001907348633,0.46000000834465027,2.6822091214739885e-09,0.48000001907348633
57,-0.11999999731779099,0.0,0.09999999403953552,-0.11999999731779099,0.0,0.02698805183172226,-0.11999999731779099,0.0,0.20000000298023224,-0.11999999731779099,0.0,0.09999999403953552,0.11999999731779099,0.0,0.09999999403953552,0.11999999731779099,0.0,0.02698805183172226,0.11999999731779099,0.0,0.20000000298023224,0.11999999731779099,0.0,0.09999999403953552,0.0,0.0,0.375,0.0,0.0,0.550000011920929,-0.20000003278255463,-1.862645149230957e-09,0.48000001907348633,-0.3400000333786011,7.450577932388569e-10,0.48000001907348633,-0.3400000333786011,7.450577932388569e-10,0.48000001907348633,-0.46000003814697266,7.450580152834618e-10,0.48000001907348633,0.20000000298023224,3.725290298461914e-09,0.48000001907348633,0.3400000035762787,2.6822091214739885e-09,0.48000001907348633,0.3400000035762787,2.6822091214739885e-09,0.48000001907348633,0.46000000834465027,2.6822091214739885e-09,0.48000001907348633
58,-0.11999999731779099,0.0,0.09999999403953552,-0.11999999731779099,0.0,0.02698805183172226,-0.11999999731779099,0.0,0.20000000298023224,-0.11999999731779099,0.0,0.09999999403953552,0.11999999731779099,0.0,0.09999999403953552,0.11999999731779099,0.0,0.02698805183172226,0.11999999731779099,0.0,0.20000000298023224,0.11999999731779099,0.0,0.09999999403953552,0.0,0.0,0.375,0.0,0.0,0.550000011920929,-0.20000003278255463,-1.862645149230957e-09,0.48000001907348633,-0.3400000333786011,7.450577932388569e-10,0.48000001907348633,-0.3400000333786011,7.450577932388569e-10,0.48000001907348633,-0.46000003814697266,7.450580152834618e-10,0.48000001907348633,0.20000000298023224,3.725290298461914e-09,0.48000001907348633,0.3400000035762787,2.6822091214739885e-09,0.48000001907348633,0.3400000035762787,2.6822091214739885e-09,0.48000001907348633,0.46000000834465027,2.6822091214739885e-09,0.48000001907348633
59,-0.11999999731779099,0.0,0.09999999403953552,-0.11999999731779099,0.0,0.02698805183172226,-0.11999999731779099,0.0,0.20000000298023224,-0.11999999731779099,0.0,0.09999999403953552,0.11999999731779099,0.0,0.09999999403953552,0.11999999731779099,0.0,0.02698805183172226,0.11999999731779099,0.0,0.20000000298023224,0.11999999731779099,0.0,0.09999999403953552,0.0,0.0,0.375,0.0,0.0,0.550000011920929,-0.20000003278255463,-1.862645149230957e-09,0.48000001907348633,-0.3400000333786011,7.450577932388569e-10,0.48000001907348633,-0.3400000333786011,7.450577932388569e-10,0.48000001907348633,-0.46000003814697266,7.450580152834618e-10,0.48000001907348633,0.20000000298023224,3.725290298461914e-09,0.48000001907348633,0.3400000035762787,2.6822091214739885e-09,0.48000001907348633,0.3400000035762787,2.6822091214739885e-09,0.48000001907348633,0.46000000834465027,2.6822091214739885e-09,0.48000001907348633
60,-0.11999999731779099,0.0,0.09999999403953552,-0.11999999731779099,0.0,0.02698805183172226,-0.11999999731779099,0.0,0.20000000298023224,-0.11999999731779099,0.0,0.09999999403953552,0.11999999731779099,0.0,0.09999999403953552,0.11999999731779099,0.0,0.02698805183172226,0.11999999731779099,0.0,0.20000000298023224,0.11999999731779099,0.0,0.09999999403953552,0.0,0.0,0.375,0.0,0.0,0.550000011920929,-0.20000003278255463,-1.862645149230957e-09,0.48000001907348633,-0.3400000333786011,7.450577932388569e-10,0.48000001907348633,-0.3400000333786011,7.450577932388569e-10,0.48000001907348633,-0.46000003814697266,7.450580152834618e-10,0.48000001907348633,0.20000000298023224,3.725290298461914e-09,0.48000001907348633,0.3400000035762787,2.6822091214739885e-09,0.48000001907348633,0.3400000035762787,2.6822091214739885e-09,0.48000001907348633,0.46000000834465027,2.6822091214739885e-09,0.48000001907348633
61,-0.11999999731779099,0.0,0.09999999403953552,-0.11999999731779099,0.0,0.02698805183172226,-0.11999999731779099,0.0,0.20000000298023224,-0.11999999731779099,0.0,0.09999999403953552,0.11999999731779099,0.0,0.09999999403953552,0.11999999731779099,0.0,0.02698805183172226,0.11999999731779099,0.0,0.20000000298023224,0.11999999731779099,0.0,0.09999999403953552,0.0,0.0,0.375,0.0,0.0,0.550000011920929,-0.20000003278255463,-1.862645149230957e-09,0.48000001907348633,-0.3400000333786011,7.450577932388569e-10,0.48000001907348633,-0.3400000333786011,7.450577932388569e-10,0.48000001907348633,-0.46000003814697266,7.450580152834618e-10,0.48000001907348633,0.20000000298023224,3.725290298461914e-09,0.48000001907348633,0.3400000035762787,2.6822091214739885e-09,0.48000001907348633,0.3400000035762787,2.6822091214739885e-09,0.48000001907348633,0.46000000834465027,2.6822091214739885e-09,0.48000001907348633
62,-0.11999999731779099,0.0,0.09999999403953552,-0.11999999731779099,0.0,0.02698805183172226,-0.11999999731779099,0.0,0.20000000298023224,-0.11999999731779099,0.0,0.09999999403953552,0.11999999731779099,0.0,0.09999999403953552,0.11999999731779099,0.0,0.02698805183172226,0.11999999731779099,0.0,0.20000000298023224,0.11999999731779099,0.0,0.09999999403953552,0.0,0.0,0.375,0.0,0.0,0.550000011920929,-0.20000003278255463,-1.862645149230957e-09,0.48000001907348633,-0.3400000333786011,7.450577932388569e-10,0.48000001907348633,-0.3400000333786011,7.450577932388569e-10,0.48000001907348633,-0.46000003814697266,7.450580152834618e-10,0.48000001907348633,0.20000000298023224,3.725290298461914e-09,0.48000001907348633,0.3400000035762787,2.6822091214739885e-09,0.48000001907348633,0.3400000035762787,2.6822091214739885e-09,0.48000001907348633,0.46000000834465027,2.6822091214739885e-09,0.48000001907348633
63,-0.11999999731779099,0.0,0.09999999403953552,-0.11999999731779099,0.0,0.02698805183172226,-0.11999999731779099,0.0,0.20000000298023224,-0.11999999731779099,0.0,0.09999999403953552,0.11999999731779099,0.0,0.09999999403953552,0.11999999731779099,0.0,0.02698805183172226,0.11999999731779099,0.0,0.20000000298023224,0.11999999731779099,0.0,0.09999999403953552,0.0,0.0,0.375,0.0,0.0,0.550000011920929,-0.20000003278255463,-1.862645149230957e-09,0.48000001907348633,-0.3400000333786011,7.450577932388569e-10,0.48000001907348633,-0.3400000333786011,7.450577932388569e-10,0.48000001907348633,-0.46000003814697266,7.450580152834618e-10,0.48000001907348633,0.20000000298023224,3.725290298461914e-09,0.48000001907348633,0.3400000035762787,2.6822091214739885e-09,0.48000001907348633,0.3400000035762787,2.6822091214739885e-09,0.48000001907348633,0.46000000834465027,2.6822091214739885e-09,0.48000001907348633
64,-0.11999999731779099,0.0,0.09999999403953552,-0.11999999731779099,0.0,0.02698805183172226,-0.11999999731779099,0.0,0.20000000298023224,-0.11999999731779099,0.0,0.09999999403953552,0.11999999731779099,0.0,0.09999999403953552,0.11999999731779099,0.0,0.02698805183172226,0.11999999731779099,0.0,0.20000000298023224,0.11999999731779099,0.0,0.09999999403953552,0.0,0.0,0.375,0.0,0.0,0.550000011920929,-0.20000003278255463,-1.862645149230957e-09,0.48000001907348633,-0.3400000333786011,7.450577932388569e-10,0.48000001907348633,-0.3400000333786011,7.450577932388569e-10,0.48000001907348633,-0.46000003814697266,7.450580152834618e-10,0.48000001907348633,0.20000000298023224,3.725290298461914e-09,0.48000001907348633,0.3400000035762787,2.6822091214739885e-09,0.48000001907348633,0.3400000035762787,2.6822091214739885e-09,0.48000001907348633,0.46000000834465027,2.6822091214739885e-09,0.48000001907348633
65,-0.11999999731779099,0.0,0.09999999403953552,-0.11999999731779099,0.0,0.02698805183172226,-0.11999999731779099,0.0,0.20000000298023224,-0.11999999731779099,0.0,0.09999999403953552,0.11999999731779099,0.0,0.09999999403953552,0.11999999731779099,0.0,0.02698805183172226,0.11999999731779099,0.0,0.20000000298023224,0.11999999731779099,0.0,0.09999999403953552,0.0,0.0,0.375,0.0,0.0,0.550000011920929,-0.20000003278255463,-1.862645149230957e-09,0.48000001907348633,-0.3400000333786011,7.450577932388569e-10,0.48000001907348633,-0.3400000333786011,7.450577932388569e-10,0.48000001907348633,-0.46000003814697266,7.450580152834618e-10,0.48000001907348633,0.20000000298023224,3.725290298461914e-09,0.48000001907348633,0.3400000035762787,2.6822091214739885e-09,0.48000001907348633,0.3400000035762787,2.6822091214739885e-09,0.48000001907348633,0.46000000834465027,2.6822091214739885e-09,0.48000001907348633
66,-0.11999999731779099,0.0,0.09999999403953552,-0.11999999731779099,0.0,0.02698805183172226,-0.11999999731779099,0.0,0.20000000298023224,-0.11999999731779099,0.0,0.09999999403953552,0.11999999731779099,0.0,0.09999999403953552,0.11999999731779099,0.0,0.02698805183172226,0.11999999731779099,0.0,0.20000000298023224,0.11999999731779099,0.0,0.09999999403953552,0.0,0.0,0.375,0.0,0.0,0.550000011920929,-0.20000003278255463,-1.862645149230957e-09,0.48000001907348633,-0.3400000333786011,7.450577932388569e-10,0.48000001907348633,-0.3400000333786011,7.450577932388569e-10,0.48000001907348633,-0.46000003814697266,7.450580152834618e-10,0.48000001907348633,0.20000000298023224,3.725290298461914e-09,0.48000001907348633,0.3400000035762787,2.6822091214739885e-09,0.48000001907348633,0.3400000035762787,2.6822091214739885e-09,0.48000001907348633,0.46000000834465027,2.6822091214739885e-09,0.48000001907348633
67,-0.11999999731779099,0.0,0.09999999403953552,-0.11999999731779099,0.0,0.02698805183172226,-0.11999999731779099,0.0,0.20000000298023224,-0.11999999731779099,0.0,0.09999999403953552,0.11999999731779099,0.0,0.09999999403953552,0.11999999731779099,0.0,0.02698805183172226,0.11999999731779099,0.0,0.20000000298023224,0.11999999731779099,0.0,0.09999999403953552,0.0,0.0,0.375,0.0,0.0,0.550000011920929,-0.20000003278255463,-1.862645149230957e-09,0.48000001907348633,-0.3400000333786011,7.450577932388569e-10,0.48000001907348633,-0.3400000333786011,7.450577932388569e-10,0.48000001907348633,-0.46000003814697266,7.450580152834618e-10,0.48000001907348633,0.20000000298023224,3.725290298461914e-09,0.48000001907348633,0.3400000035762787,2.6822091214739885e-09,0.48000001907348633,0.3400000035762787,2.6822091214739885e-09,0.48000001907348633,0.46000000834465027,2.6822091214739885e-09,0.48000001907348633
68,-0.11999999731779099,0.0,0.09999999403953552,-0.11999999731779099,0.0,0.02698805183172226,-0.11999999731779099,0.0,0.20000000298023224,-0.11999999731779099,0.0,0.09999999403953552,0.11999999731779099,0.0,0.09999999403953552,0.11999999731779099,0.0,0.02698805183172226,0.11999999731779099,0.0,0.20000000298023224,0.11999999731779099,0.0,0.09999999403953552,0.0,0.0,0.375,0.0,0.0,0.550000011920929,-0.20000003278255463,-1.862645149230957e-09,0.48000001907348633,-0.3400000333786011,7.450577932388569e-10,0.48000001907348633,-0.3400000333786011,7.450577932388569e-10,0.48000001907348633,-0.46000003814697266,7.450580152834618e-10,0.48000001907348633,0.20000000298023224,3.725290298461914e-09,0.48000001907348633,0.3400000035762787,2.6822091214739885e-09,0.48000001907348633,0.3400000035762787,2.6822091214739885e-09,0.48000001907348633,0.46000000834465027,2.6822091214739885e-09,0.48000001907348633
69,-0.11999999731779099,0.0,0.09999999403953552,-0.11999999731779099,0.0,0.02698805183172226,-0.11999999731779099,0.0,0.20000000298023224,-0.11999999731779099,0.0,0.09999999403953552,0.11999999731779099,0.0,0.09999999403953552,0.11999999731779099,0.0,0.02698805183172226,0.11999999731779099,0.0,0.20000000298023224,0.11999999731779099,0.0,0.09999999403953552,0.0,0.0,0.375,0.0,0.0,0.550000011920929,-0.20000003278255463,-1.862645149230957e-09,0.48000001907348633,-0.3400000333786011,7.450577932388569e-10,0.48000001907348633,-0.3400000333786011,7.450577932388569e-10,0.48000001907348633,-0.46000003814697266,7.450580152834618e-10,0.48000001907348633,0.20000000298023224,3.725290298461914e-09,0.48000001907348633,0.3400000035762787,2.6822091214739885e-09,0.48000001907348633,0.3400000035762787,2.6822091214739885e-09,0.48000001907348633,0.46000000834465027,2.6822091214739885e-09,0.48000001907348633
70,-0.11999999731779099,0.0,0.09999999403953552,-0.11999999731779099,0.0,0.02698805183172226,-0.11999999731779099,0.0,0.20000000298023224,-0.11999999731779099,0.0,0.09999999403953552,0.11999999731779099,0.0,0.09999999403953552,0.11999999731779099,0.0,0.02698805183172226,0.11999999731779099,0.0,0.20000000298023224,0.11999999731779099,0.0,0.09999999403953552,0.0,0.0,0.375,0.0,0.0,0.550000011920929,-0.20000003278255463,-1.862645149230957e-09,0.48000001907348633,-0.3400000333786011,7.450577932388569e-10,0.48000001907348633,-0.3400000333786011,7.450577932388569e-10,0.48000001907348633,-0.46000003814697266,7.450580152834618e-10,0.48000001907348633,0.20000000298023224,3.725290298461914e-09,0.48000001907348633,0.3400000035762787,2.6822091214739885e-09,0.48000001907348633,0.3400000035762787,2.6822091214739885e-09,0.48000001907348633,0.46000000834465027,2.6822091214739885e-09,0.48000001907348633
71,-0.11999999731779099,0.0,0.09999999403953552,-0.11999999731779099,0.0,0.02698805183172226,-0.11999999731779099,0.0,0.20000000298023224,-0.11999999731779099,0.0,0.09999999403953552,0.11999999731779099,0.0,0.09999999403953552,0.11999999731779099,0.0,0.02698805183172226,0.11999999731779099,0.0,0.20000000298023224,0.11999999731779099,0.0,0.09999999403953552,0.0,0.0,0.375,0.0,0.0,0.550000011920929,-0.20000003278255463,-1.862645149230957e-09,0.48000001907348633,-0.3400000333786011,7.450577932388569e-10,0.48000001907348633,-0.3400000333786011,7.450577932388569e-10,0.48000001907348633,-0.46000003814697266,7.450580152834618e-10,0.48000001907348633,0.20000000298023224,3.725290298461914e-09,0.48000001907348633,0.3400000035762787,2.6822091214739885e-09,0.48000001907348633,0.3400000035762787,2.6822091214739885e-09,0.48000001907348633,0.46000000834465027,2.6822091214739885e-09,0.48000001907348633
72,-0.11999999731779099,0.0,0.09999999403953552,-0.11999999731779099,0.0,0.02698805183172226,-0.11999999731779099,0.0,0.20000000298023224,-0.11999999731779099,0.0,0.09999999403953552,0.11999999731779099,0.0,0.09999999403953552,0.11999999731779099,0.0,0.02698805183172226,0.11999999731779099,0.0,0.20000000298023224,0.11999999731779099,0.0,0.09999999403953552,0.0,0.0,0.375,0.0,0.0,0.550000011920929,-0.20000003278255463,-1.862645149230957e-09,0.48000001907348633,-0.3400000333786011,7.450577932388569e-10,0.48000001907348633,-0.3400000333786011,7.450577932388569e-10,0.48000001907348633,-0.46000003814697266,7.450580152834618e-10,0.48000001907348633,0.20000000298023224,3.725290298461914e-09,0.48000001907348633,0.3400000035762787,2.6822091214739885e-09,0.48000001907348633,0.3400000035762787,2.6822091214739885e-09,0.48000001907348633,0.46000000834465027,2.6822091214739885e-09,0.48000001907348633
73,-0.11999999731779099,0.0,0.09999999403953552,-0.11999999731779099,0.0,0.02698805183172226,-0.11999999731779099,0.0,0.20000000298023224,-0.11999999731779099,0.0,0.09999999403953552,0.11999999731779099,0.0,0.09999999403953552,0.11999999731779099,0.0,0.02698805183172226,0.11999999731779099,0.0,0.20000000298023224,0.11999999731779099,0.0,0.09999999403953552,0.0,0.0,0.375,0.0,0.0,0.550000011920929,-0.20000003278255463,-1.862645149230957e-09,0.48000001907348633,-0.3400000333786011,7.450577932388569e-10,0.48000001907348633,-0.3400000333786011,7.450577932388569e-10,0.48000001907348633,-0.46000003814697266,7.450580152834618e-10,0.48000001907348633,0.20000000298023224,3.725290298461914e-09,0.48000001907348633,0.3400000035762787,2.6822091214739885e-09,0.48000001907348633,0.3400000035762787,2.6822091214739885e-09,0.48000001907348633,0.46000000834465027,2.6822091214739885e-09,0.48000001907348633
74,-0.11999999731779099,0.0,0.09999999403953552,-0.11999999731779099,0.0,0.02698805183172226,-0.11999999731779099,0.0,0.20000000298023224,-0.11999999731779099,0.0,0.09999999403953552,0.11999999731779099,0.0,0.09999999403953552,0.11999999731779099,0.0,0.02698805183172226,0.11999999731779099,0.0,0.20000000298023224,0.11999999731779099,0.0,0.09999999403953552,0.0,0.0,0.375,0.0,0.0,0.550000011920929,-0.20000003278255463,-1.862645149230957e-09,0.48000001907348633,-0.3400000333786011,7.450577932388569e-10,0.48000001907348633,-0.3400000333786011,7.450577932388569e-10,0.48000001907348633,-0.46000003814697266,7.450580152834618e-10,0.48000001907348633,0.20000000298023224,3.725290298461914e-09,0.48000001907348633,0.3400000035762787,2.6822091214739885e-09,0.48000001907348633,0.3400000035762787,2.6822091214739885e-09,0.48000001907348633,0.46000000834465027,2.6822091214739885e-09,0.48000001907348633
75,-0.11999999731779099,0.0,0.09999999403953552,-0.11999999731779099,0.0,0.02698805183172226,-0.11999999731779099,0.0,0.20000000298023224,-0.11999999731779099,0.0,0.09999999403953552,0.11999999731779099,0.0,0.09999999403953552,0.11999999731779099,0.0,0.02698805183172226,0.11999999731779099,0.0,0.20000000298023224,0.11999999731779099,0.0,0.09999999403953552,0.0,0.0,0.375,0.0,0.0,0.550000011920929,-0.20000003278255463,-1.862645149230957e-09,0.48000001907348633,-0.3400000333786011,7.450577932388569e-10,0.48000001907348633,-0.3400000333786011,7.450577932388569e-10,0.48000001907348633,-0.46000003814697266,7.450580152834618e-10,0.48000001907348633,0.20000000298023224,3.725290298461914e-09,0.48000001907348633,0.3400000035762787,2.6822091214739885e-09,0.48000001907348633,0.3400000035762787,2.6822091214739885e-09,0.48000001907348633,0.46000000834465027,2.6822091214739885e-09,0.48000001907348633
76,-0.11999999731779099,0.0,0.09999999403953552,-0.11999999731779099,0.0,0.02698805183172226,-0.11999999731779099,0.0,0.20000000298023224,-0.11999999731779099,0.0,0.09999999403953552,0.11999999731779099,0.0,0.09999999403953552,0.11999999731779099,0.0,0.02698805183172226,0.11999999731779099,0.0,0.20000000298023224,0.11999999731779099,0.0,0.09999999403953552,0.0,0.0,0.375,0.0,0.0,0.550000011920929,-0.20000003278255463,-1.862645149230957e-09,0.48000001907348633,-0.3400000333786011,7.450577932388569e-10,0.48000001907348633,-0.3400000333786011,7.450577932388569e-10,0.48000001907348633,-0.46000003814697266,7.450580152834618e-10,0.48000001907348633,0.20000000298023224,3.725290298461914e-09,0.48000001907348633,0.3400000035762787,2.6822091214739885e-09,0.48000001907348633,0.3400000035762787,2.6822091214739885e-09,0.48000001907348633,0.46000000834465027,2.6822091214739885e-09,0.48000001907348633
77,-0.11999999731779099,0.0,0.09999999403953552,-0.11999999731779099,0.0,0.02698805183172226,-0.11999999731779099,0.0,0.20000000298023224,-0.11999999731779099,0.0,0.09999999403953552,0.11999999731779099,0.0,0.09999999403953552,0.11999999731779099,0.0,0.02698805183172226,0.11999999731779099,0.0,0.20000000298023224,0.11999999731779099,0.0,0.09999999403953552,0.0,0.0,0.375,0.0,0.0,0.550000011920929,-0.20000003278255463,-1.862645149230957e-09,0.48000001907348633,-0.3400000333786011,7.450577932388569e-10,0.48000001907348633,-0.3400000333786011,7.450577932388569e-10,0.48000001907348633,-0.46000003814697266,7.450580152834618e-10,0.48000001907348633,0.20000000298023224,3.725290298461914e-09,0.48000001907348633,0.3400000035762787,2.6822091214739885e-09,0.48000001907348633,0.3400000035762787,2.6822091214739885e-09,0.48000001907348633,0.46000000834465027,2.6822091214739885e-09,0.48000001907348633
78,-0.11999999731779099,0.0,0.09999999403953552,-0.11999999731779099,0.0,0.02698805183172226,-0.11999999731779099,0.0,0.20000000298023224,-0.11999999731779099,0.0,0.09999999403953552,0.11999999731779099,0.0,0.09999999403953552,0.11999999731779099,0.0,0.02698805183172226,0.11999999731779099,0.0,0.20000000298023224,0.11999999731779099,0.0,0.09999999403953552,0.0,0.0,0.375,0.0,0.0,0.550000011920929,-0.20000003278255463,-1.862645149230957e-09,0.48000001907348633,-0.3400000333786011,7.450577932388569e-10,0.48000001907348633,-0.3400000333786011,7.450577932388569e-10,0.48000001907348633,-0.46000003814697266,7.450580152834618e-10,0.48000001907348633,0.20000000298023224,3.725290298461914e-09,0.48000001907348633,0.3400000035762787,2.6822091214739885e-09,0.48000001907348633,0.3400000035762787,2.6822091214739885e-09,0.48000001907348633,0.46000000834465027,2.6822091214739885e-09,0.48000001907348633
79,-0.11999999731779099,0.0,0.09999999403953552,-0.11999999731779099,0.0,0.02698805183172226,-0.11999999731779099,0.0,0.20000000298023224,-0.11999999731779099,0.0,0.09999999403953552,0.11999999731779099,0.0,0.09999999403953552,0.11999999731779099,0.0,0.02698805183172226,0.11999999731779099,0.0,0.20000000298023224,0.11999999731779099,0.0,0.09999999403953552,0.0,0.0,0.375,0.0,0.0,0.550000011920929,-0.20000003278255463,-1.862645149230957e-09,0.48000001907348633,-0.3400000333786011,7.450577932388569e-10,0.48000001907348633,-0.3400000333786011,7.450577932388569e-10,0.48000001907348633,-0.46000003814697266,7.450580152834618e-10,0.48000001907348633,0.20000000298023224,3.725290298461914e-09,0.48000001907348633,0.3400000035762787,2.6822091214739885e-09,0.48000001907348633,0.3400000035762787,2.6822091214739885e-09,0.48000001907348633,0.46000000834465027,2.6822091214739885e-09,0.48000001907348633
80,-0.11999999731779099,0.0,0.09999999403953552,-0.11999999731779099,0.0,0.02698805183172226,-0.11999999731779099,0.0,0.20000000298023224,-0.11999999731779099,0.0,0.09999999403953552,0.11999999731779099,0.0,0.09999999403953552,0.11999999731779099,0.0,0.02698805183172226,0.11999999731779099,0.0,0.20000000298023224,0.11999999731779099,0.0,0.09999999403953552,0.0,0.0,0.375,0.0,0.0,0.550000011920929,-0.20000003278255463,-1.862645149230957e-09,0.48000001907348633,-0.3400000333786011,7.450577932388569e-10,0.48000001907348633,-0.3400000333786011,7.450577932388569e-10,0.48000001907348633,-0.46000003814697266,7.450580152834618e-10,0.48000001907348633,0.20000000298023224,3.725290298461914e-09,0.48000001907348633,0.3400000035762787,2.6822091214739885e-09,0.48000001907348633,0.3400000035762787,2.6822091214739885e-09,0.48000001907348633,0.46000000834465027,2.6822091214739885e-09,0.48000001907348633
81,-0.11999999731779099,0.0,0.09999999403953552,-0.11999999731779099,0.0,0.02698805183172226,-0.11999999731779099,0.0,0.20000000298023224,-0.11999999731779099,0.0,0.09999999403953552,0.11999999731779099,0.0,0.09999999403953552,0.11999999731779099,0.0,0.02698805183172226,0.11999999731779099,0.0,0.20000000298023224,0.11999999731779099,0.0,0.09999999403953552,0.0,0.0,0.375,0.0,0.0,0.550000011920929,-0.20000003278255463,-1.862645149230957e-09,0.48000001907348633,-0.3400000333786011,7.450577932388569e-10,0.48000001907348633,-0.3400000333786011,7.450577932388569e-10,0.48000001907348633,-0.46000003814697266,7.450580152834618e-10,0.48000001907348633,0.20000000298023224,3.725290298461914e-09,0.48000001907348633,0.3400000035762787,2.6822091214739885e-09,0.48000001907348633,0.3400000035762787,2.6822091214739885e-09,0.48000001907348633,0.46000000834465027,2.6822091214739885e-09,0.48000001907348633
82,-0.11999999731779099,0.0,0.09999999403953552,-0.11999999731779099,0.0,0.02698805183172226,-0.11999999731779099,0.0,0.20000000298023224,-0.11999999731779099,0.0,0.09999999403953552,0.11999999731779099,0.0,0.09999999403953552,0.11999999731779099,0.0,0.02698805183172226,0.11999999731779099,0.0,0.20000000298023224,0.11999999731779099,0.0,0.09999999403953552,0.0,0.0,0.375,0.0,0.0,0.550000011920929,-0.20000003278255463,-1.862645149230957e-09,0.48000001907348633,-0.3400000333786011,7.450577932388569e-10,0.48000001907348633,-0.3400000333786011,7.450577932388569e-10,0.48000001907348633,-0.46000003814697266,7.450580152834618e-10,0.48000001907348633,0.20000000298023224,3.725290298461914e-09,0.48000001907348633,0.3400000035762787,2.6822091214739885e-09,0.48000001907348633,0.3400000035762787,2.6822091214739885e-09,0.48000001907348633,0.46000000834465027,2.6822091214739885e-09,0.48000001907348633
83,-0.11999999731779099,0.0,0.09999999403953552,-0.11999999731779099,0.0,0.02698805183172226,-0.11999999731779099,0.0,0.20000000298023224,-0.11999999731779099,0.0,0.09999999403953552,0.11999999731779099,0.0,0.09999999403953552,0.11999999731779099,0.0,0.02698805183172226,0.11999999731779099,0.0,0.20000000298023224,0.11999999731779099,0.0,0.09999999403953552,0.0,0.0,0.375,0.0,0.0,0.550000011920929,-0.20000003278255463,-1.862645149230957e-09,0.48000001907348633,-0.3400000333786011,7.450577932388569e-10,0.48000001907348633,-0.3400000333786011,7.450577932388569e-10,0.48000001907348633,-0.46000003814697266,7.450580152834618e-10,0.48000001907348633,0.20000000298023224,3.725290298461914e-09,0.48000001907348633,0.3400000035762787,2.6822091214739885e-09,0.48000001907348633,0.3400000035762787,2.6822091214739885e-09,0.48000001907348633,0.46000000834465027,2.6822091214739885e-09,0.48000001907348633
84,-0.11999999731779099,0.0,0.09999999403953552,-0.11999999731779099,0.0,0.02698805183172226,-0.11999999731779099,0.0,0.20000000298023224,-0.11999999731779099,0.0,0.09999999403953552,0.11999999731779099,0.0,0.09999999403953552,0.11999999731779099,0.0,0.02698805183172226,0.11999999731779099,0.0,0.20000000298023224,0.11999999731779099,0.0,0.09999999403953552,0.0,0.0,0.375,0.0,0.0,0.550000011920929,-0.20000003278255463,-1.862645149230957e-09,0.48000001907348633,-0.3400000333786011,7.450577932388569e-10,0.48000001907348633,-0.3400000333786011,7.450577932388569e-10,0.48000001907348633,-0.46000003814697266,7.450580152834618e-10,0.48000001907348633,0.20000000298023224,3.725290298461914e-09,0.48000001907348633,0.3400000035762787,2.6822091214739885e-09,0.48000001907348633,0.3400000035762787,2.6822091214739885e-09,0.48000001907348633,0.46000000834465027,2.6822091214739885e-09,0.48000001907348633
85,-0.11999999731779099,0.0,0.09999999403953552,-0.11999999731779099,0.0,0.02698805183172226,-0.11999999731779099,0.0,0.20000000298023224,-0.11999999731779099,0.0,0.09999999403953552,0.11999999731779099,0.0,0.09999999403953552,0.11999999731779099,0.0,0.02698805183172226,0.11999999731779099,0.0,0.20000000298023224,0.11999999731779099,0.0,0.09999999403953552,0.0,0.0,0.375,0.0,0.0,0.550000011920929,-0.20000003278255463,-1.862645149230957e-09,0.48000001907348633,-0.3400000333786011,7.450577932388569e-10,0.48000001907348633,-0.3400000333786011,7.450577932388569e-10,0.48000001907348633,-0.46000003814697266,7.450580152834618e-10,0.48000001907348633,0.20000000298023224,3.725290298461914e-09,0.48000001907348633,0.3400000035762787,2.6822091214739885e-09,0.48000001907348633,0.3400000035762787,2.6822091214739885e-09,0.48000001907348633,0.46000000834465027,2.6822091214739885e-09,0.48000001907348633
86,-0.11999999731779099,0.0,0.09999999403953552,-0.11999999731779099,0.0,0.02698805183172226,-0.11999999731779099,0.0,0.20000000298023224,-0.11999999731779099,0.0,0.09999999403953552,0.11999999731779099,0.0,0.09999999403953552,0.11999999731779099,0.0,0.02698805183172226,0.11999999731779099,0.0,0.20000000298023224,0.11999999731779099,0.0,0.09999999403953552,0.0,0.0,0.375,0.0,0.0,0.550000011920929,-0.20000003278255463,-1.862645149230957e-09,0.48000001907348633,-0.3400000333786011,7.450577932388569e-10,0.48000001907348633,-0.3400000333786011,7.450577932388569e-10,0.48000001907348633,-0.46000003814697266,7.450580152834618e-10,0.48000001907348633,0.20000000298023224,3.725290298461914e-09,0.48000001907348633,0.3400000035762787,2.6822091214739885e-09,0.48000001907348633,0.3400000035762787,2.6822091214739885e-09,0.48000001907348633,0.46000000834465027,2.6822091214739885e-09,0.48000001907348633
87,-0.11999999731779099,0.0,0.09999999403953552,-0.11999999731779099,0.0,0.02698805183172226,-0.11999999731779099,0.0,0.20000000298023224,-0.11999999731779099,0.0,0.09999999403953552,0.11999999731779099,0.0,0.09999999403953552,0.11999999731779099,0.0,0.02698805183172226,0.11999999731779099,0.0,0.20000000298023224,0.11999999731779099,0.0,0.09999999403953552,0.0,0.0,0.375,0.0,0.0,0.550000011920929,-0.20000003278255463,-1.862645149230957e-09,0.48000001907348633,-0.3400000333786011,7.450577932388569e-10,0.48000001907348633,-0.3400000333786011,7.450577932388569e-10,0.48000001907348633,-0.46000003814697266,7.450580152834618e-10,0.48000001907348633,0.20000000298023224,3.725290298461914e-09,0.48000001907348633,0.3400000035762787,2.6822091214739885e-09,0.48000001907348633,0.3400000035762787,2.6822091214739885e-09,0.48000001907348633,0.46000000834465027,2.6822091214739885e-09,0.48000001907348633
88,-0.11999999731779099,0.0,0.09999999403953552,-0.11999999731779099,0.0,0.02698805183172226,-0.11999999731779099,0.0,0.20000000298023224,-0.11999999731779099,0.0,0.09999999403953552,0.11999999731779099,0.0,0.09999999403953552,0.11999999731779099,0.0,0.02698805183172226,0.11999999731779099,0.0,0.20000000298023224,0.11999999731779099,0.0,0.09999999403953552,0.0,0.0,0.375,0.0,0.0,0.550000011920929,-0.20000003278255463,-1.862645149230957e-09,0.48000001907348633,-0.3400000333786011,7.450577932388569e-10,0.48000001907348633,-0.3400000333786011,7.450577932388569e-10,0.48000001907348633,-0.46000003814697266,7.450580152834618e-10,0.48000001907348633,0.20000000298023224,3.725290298461914e-09,0.48000001907348633,0.3400000035762787,2.6822091214739885e-09,0.48000001907348633,0.3400000035762787,2.6822091214739885e-09,0.48000001907348633,0.46000000834465027,2.6822091214739885e-09,0.48000001907348633
89,-0.11999999731779099,0.0,0.09999999403953552,-0.11999999731779099,0.0,0.02698805183172226,-0.11999999731779099,0.0,0.20000000298023224,-0.11999999731779099,0.0,0.09999999403953552,0.11999999731779099,0.0,0.09999999403953552,0.11999999731779099,0.0,0.02698805183172226,0.11999999731779099,0.0,0.20000000298023224,0.11999999731779099,0.0,0.09999999403953552,0.0,0.0,0.375,0.0,0.0,0.550000011920929,-0.20000003278255463,-1.862645149230957e-09,0.48000001907348633,-0.3400000333786011,7.450577932388569e-10,0.48000001907348633,-0.3400000333786011,7.450577932388569e-10,0.48000001907348633,-0.46000003814697266,7.450580152834618e-10,0.48000001907348633,0.20000000298023224,3.725290298461914e-09,0.48000001907348633,0.3400000035762787,2.6822091214739885e-09,0.48000001907348633,0.3400000035762787,2.6822091214739885e-09,0.48000001907348633,0.46000000834465027,2.6822091214739885e-09,0.48000001907348633
90,-0.11999999731779099,0.0,0.09999999403953552,-0.11999999731779099,0.0,0.02698805183172226,-0.11999999731779099,0.0,0.20000000298023224,-0.11999999731779099,0.0,0.09999999403953552,0.11999999731779099,0.0,0.09999999403953552,0.11999999731779099,0.0,0.02698805183172226,0.11999999731779099,0.0,0.20000000298023224,0.11999999731779099,0.0,0.09999999403953552,0.0,0.0,0.375,0.0,0.0,0.550000011920929,-0.20000003278255463,-1.862645149230957e-09,0.48000001907348633,-0.3400000333786011,7.450577932388569e-10,0.48000001907348633,-0.3400000333786011,7.450577932388569e-10,0.48000001907348633,-0.46000003814697266,7.450580152834618e-10,0.48000001907348633,0.20000000298023224,3.725290298461914e-09,0.48000001907348633,0.3400000035762787,2.6822091214739885e-09,0.48000001907348633,0.3400000035762787,2.6822091214739885e-09,0.48000001907348633,0.46000000834465027,2.6822091214739885e-09,0.48000001907348633
91,-0.11999999731779099,0.0,0.09999999403953552,-0.11999999731779099,0.0,0.02698805183172226,-0.11999999731779099,0.0,0.20000000298023224,-0.11999999731779099,0.0,0.09999999403953552,0.11999999731779099,0.0,0.09999999403953552,0.11999999731779099,0.0,0.02698805183172226,0.11999999731779099,0.0,0.20000000298023224,0.11999999731779099,0.0,0.09999999403953552,0.0,0.0,0.375,0.0,0.0,0.550000011920929,-0.20000003278255463,-1.862645149230957e-09,0.48000001907348633,-0.3400000333786011,7.450577932388569e-10,0.48000001907348633,-0.3400000333786011,7.450577932388569e-10,0.48000001907348633,-0.46000003814697266,7.450580152834618e-10,0.48000001907348633,0.20000000298023224,3.725290298461914e-09,0.48000001907348633,0.3400000035762787,2.6822091214739885e-09,0.48000001907348633,0.3400000035762787,2.6822091214739885e-09,0.48000001907348633,0.46000000834465027,2.6822091214739885e-09,0.48000001907348633
92,-0.11999999731779099,0.0,0.09999999403953552,-0.11999999731779099,0.0,0.02698805183172226,-0.11999999731779099,0.0,0.20000000298023224,-0.11999999731779099,0.0,0.09999999403953552,0.11999999731779099,0.0,0.09999999403953552,0.11999999731779099,0.0,0.02698805183172226,0.11999999731779099,0.0,0.20000000298023224,0.11999999731779099,0.0,0.09999999403953552,0.0,0.0,0.375,0.0,0.0,0.550000011920929,-0.20000003278255463,-1.862645149230957e-09,0.48000001907348633,-0.3400000333786011,7.450577932388569e-10,0.48000001907348633,-0.3400000333786011,7.450577932388569e-10,0.48000001907348633,-0.46000003814697266,7.450580152834618e-10,0.48000001907348633,0.20000000298023224,3.725290298461914e-09,0.48000001907348633,0.3400000035762787,2.6822091214739885e-09,0.48000001907348633,0.3400000035762787,2.6822091214739885e-09,0.48000001907348633,0.46000000834465027,2.6822091214739885e-09,0.48000001907348633
93,-0.11999999731779099,0.0,0.09999999403953552,-0.11999999731779099,0.0,0.02698805183172226,-0.11999999731779099,0.0,0.20000000298023224,-0.11999999731779099,0.0,0.09999999403953552,0.11999999731779099,0.0,0.09999999403953552,0.11999999731779099,0.0,0.02698805183172226,0.11999999731779099,0.0,0.20000000298023224,0.11999999731779099,0.0,0.09999999403953552,0.0,0.0,0.375,0.0,0.0,0.550000011920929,-0.20000003278255463,-1.862645149230957e-09,0.48000001907348633,-0.3400000333786011,7.450577932388569e-10,0.48000001907348633,-0.3400000333786011,7.450577932388569e-10,0.48000001907348633,-0.46000003814697266,7.450580152834618e-10,0.48000001907348633,0.20000000298023224,3.725290298461914e-09,0.48000001907348633,0.3400000035762787,2.6822091214739885e-09,0.48000001907348633,0.3400000035762787,2.6822091214739885e-09,0.48000001907348633,0.46000000834465027,2.6822091214739885e-09,0.48000001907348633
94,-0.11999999731779099,0.0,0.09999999403953552,-0.11999999731779099,0.0,0.02698805183172226,-0.11999999731779099,0.0,0.20000000298023224,-0.11999999731779099,0.0,0.09999999403953552,0.11999999731779099,0.0,0.09999999403953552,0.11999999731779099,0.0,0.02698805183172226,0.11999999731779099,0.0,0.20000000298023224,0.11999999731779099,0.0,0.09999999403953552,0.0,0.0,0.375,0.0,0.0,0.550000011920929,-0.20000003278255463,-1.862645149230957e-09,0.48000001907348633,-0.3400000333786011,7.450577932388569e-10,0.48000001907348633,-0.3400000333786011,7.450577932388569e-10,0.48000001907348633,-0.46000003814697266,7.450580152834618e-10,0.48000001907348633,0.20000000298023224,3.725290298461914e-09,0.48000001907348633,0.3400000035762787,2.6822091214739885e-09,0.48000001907348633,0.3400000035762787,2.6822091214739885e-09,0.48000001907348633,0.46000000834465027,2.6822091214739885e-09,0.48000001907348633
95,-0.11999999731779099,0.0,0.09999999403953552,-0.11999999731779099,0.0,0.02698805183172226,-0.11999999731779099,0.0,0.20000000298023224,-0.11999999731779099,0.0,0.09999999403953552,0.11999999731779099,0.0,0.09999999403953552,0.11999999731779099,0.0,0.02698805183172226,0.11999999731779099,0.0,0.20000000298023224,0.11999999731779099,0.0,0.09999999403953552,0.0,0.0,0.375,0.0,0.0,0.550000011920929,-0.20000003278255463,-1.862645149230957e-09,0.48000001907348633,-0.3400000333786011,7.450577932388569e-10,0.48000001907348633,-0.3400000333786011,7.450577932388569e-10,0.48000001907348633,-0.46000003814697266,7.450580152834618e-10,0.48000001907348633,0.20000000298023224,3.725290298461914e-09,0.48000001907348633,0.3400000035762787,2.6822091214739885e-09,0.48000001907348633,0.3400000035762787,2.6822091214739885e-09,0.48000001907348633,0.46000000834465027,2.6822091214739885e-09,0.48000001907348633
96,-0.11999999731779099,0.0,0.09999999403953552,-0.11999999731779099,0.0,0.02698805183172226,-0.11999999731779099,0.0,0.20000000298023224,-0.11999999731779099,0.0,0.09999999403953552,0.11999999731779099,0.0,0.09999999403953552,0.11999999731779099,0.0,0.02698805183172226,0.11999999731779099,0.0,0.20000000298023224,0.11999999731779099,0.0,0.09999999403953552,0.0,0.0,0.375,0.0,0.0,0.550000011920929,-0.20000003278255463,-1.862645149230957e-09,0.48000001907348633,-0.3400000333786011,7.450577932388569e-10,0.48000001907348633,-0.3400000333786011,7.450577932388569e-10,0.48000001907348633,-0.46000003814697266,7.450580152834618e-10,0.48000001907348633,0.20000000298023224,3.725290298461914e-09,0.48000001907348633,0.3400000035762787,2.6822091214739885e-09,0.48000001907348633,0.3400000035762787,2.6822091214739885e-09,0.48000001907348633,0.46000000834465027,2.6822091214739885e-09,0.48000001907348633
97,-0.11999999731779099,0.0,0.09999999403953552,-0.11999999731779099,0.0,0.02698805183172226,-0.11999999731779099,0.0,0.20000000298023224,-0.11999999731779099,0.0,0.09999999403953552,0.11999999731779099,0.0,0.09999999403953552,0.11999999731779099,0.0,0.02698805183172226,0.11999999731779099,0.0,0.20000000298023224,0.11999999731779099,0.0,0.09999999403953552,0.0,0.0,0.375,0.0,0.0,0.550000011920929,-0.20000003278255463,-1.862645149230957e-09,0.48000001907348633,-0.3400000333786011,7.450577932388569e-10,0.48000001907348633,-0.3400000333786011,7.450577932388569e-10,0.48000001907348633,-0.46000003814697266,7.450580152834618e-10,0.48000001907348633,0.20000000298023224,3.725290298461914e-09,0.48000001907348633,0.3400000035762787,2.6822091214739885e-09,0.48000001907348633,0.3400000035762787,2.6822091214739885e-09,0.48000001907348633,0.46000000834465027,2.6822091214739885e-09,0.48000001907348633
98,-0.11999999731779099,0.0,0.09999999403953552,-0.11999999731779099,0.0,0.02698805183172226,-0.11999999731779099,0.0,0.20000000298023224,-0.11999999731779099,0.0,0.09999999403953552,0.11999999731779099,0.0,0.09999999403953552,0.11999999731779099,0.0,0.02698805183172226,0.11999999731779099,0.0,0.20000000298023224,0.11999999731779099,0.0,0.09999999403953552,0.0,0.0,0.375,0.0,0.0,0.550000011920929,-0.20000003278255463,-1.862645149230957e-09,0.48000001907348633,-0.3400000333786011,7.450577932388569e-10,0.48000001907348633,-0.3400000333786011,7.450577932388569e-10,0.48000001907348633,-0.46000003814697266,7.450580152834618e-10,0.48000001907348633,0.20000000298023224,3.725290298461914e-09,0.48000001907348633,0.3400000035762787,2.6822091214739885e-09,0.48000001907348633,0.3400000035762787,2.6822091214739885e-09,0.48000001907348633,0.46000000834465027,2.6822091214739885e-09,0.48000001907348633
99,-0.11999999731779099,0.0,0.09999999403953552,-0.11999999731779099,0.0,0.02698805183172226,-0.11999999731779099,0.0,0.20000000298023224,-0.11999999731779099,0.0,0.09999999403953552,0.11999999731779099,0.0,0.09999999403953552,0.11999999731779099,0.0,0.02698805183172226,0.11999999731779099,0.0,0.20000000298023224,0.11999999731779099,0.0,0.09999999403953552,0.0,0.0,0.375,0.0,0.0,0.550000011920929,-0.20000003278255463,-1.862645149230957e-09,0.48000001907348633,-0.3400000333786011,7.450577932388569e-10,0.48000001907348633,-0.3400000333786011,7.450577932388569e-10,0.48000001907348633,-0.46000003814697266,7.450580152834618e-10,0.48000001907348633,0.20000000298023224,3.725290298461914e-09,0.48000001907348633,0.3400000035762787,2.6822091214739885e-09,0.48000001907348633,0.3400000035762787,2.6822091214739885e-09,0.48000001907348633,0.46000000834465027,2.6822091214739885e-09,0.48000001907348633
100,-0.11999999731779099,0.0,0.09999999403953552,-0.11999999731779099,0.0,0.02698805183172226,-0.11999999731779099,0.0,0.20000000298023224,-0.11999999731779099,0.0,0.09999999403953552,0.11999999731779099,0.0,0.09999999403953552,0.11999999731779099,0.0,0.02698805183172226,0.11999999731779099,0.0,0.20000000298023224,0.11999999731779099,0.0,0.09999999403953552,0.0,0.0,0.375,0.0,0.0,0.550000011920929,-0.20000003278255463,-1.862645149230957e-09,0.48000001907348633,-0.3400000333786011,7.450577932388569e-10,0.48000001907348633,-0.3400000333786011,7.450577932388569e-10,0.48000001907348633,-0.46000003814697266,7.450580152834618e-10,0.48000001907348633,0.20000000298023224,3.725290298461914e-09,0.48000001907348633,0.3400000035762787,2.6822091214739885e-09,0.48000001907348633,0.3400000035762787,2.6822091214739885e-09,0.48000001907348633,0.46000000834465027,2.6822091214739885e-09,0.48000001907348633
101,-0.11999999731779099,0.0,0.09999999403953552,-0.11999999731779099,0.0,0.02698805183172226,-0.11999999731779099,0.0,0.20000000298023224,-0.11999999731779099,0.0,0.09999999403953552,0.11999999731779099,0.0,0.09999999403953552,0.11999999731779099,0.0,0.02698805183172226,0.11999999731779099,0.0,0.20000000298023224,0.11999999731779099,0.0,0.09999999403953552,0.0,0.0,0.375,0.0,0.0,0.550000011920929,-0.20000003278255463,-1.862645149230957e-09,0.48000001907348633,-0.3400000333786011,7.450577932388569e-10,0.48000001907348633,-0.3400000333786011,7.450577932388569e-10,0.48000001907348633,-0.46000003814697266,7.450580152834618e-10,0.48000001907348633,0.20000000298023224,3.725290298461914e-09,0.48000001907348633,0.3400000035762787,2.6822091214739885e-09,0.48000001907348633,0.3400000035762787,2.6822091214739885e-09,0.48000001907348633,0.46000000834465027,2.6822091214739885e-09,0.48000001907348633
102,-0.11999999731779099,0.0,0.09999999403953552,-0.11999999731779099,0.0,0.02698805183172226,-0.11999999731779099,0.0,0.20000000298023224,-0.11999999731779099,0.0,0.09999999403953552,0.11999999731779099,0.0,0.09999999403953552,0.11999999731779099,0.0,0.02698805183172226,0.11999999731779099,0.0,0.20000000298023224,0.11999999731779099,0.0,0.09999999403953552,0.0,0.0,0.375,0.0,0.0,0.550000011920929,-0.20000003278255463,-1.862645149230957e-09,0.48000001907348633,-0.3400000333786011,7.450577932388569e-10,0.48000001907348633,-0.3400000333786011,7.450577932388569e-10,0.48000001907348633,-0.46000003814697266,7.450580152834618e-10,0.48000001907348633,0.20000000298023224,3.725290298461914e-09,0.48000001907348633,0.3400000035762787,2.6822091214739885e-09,0.48000001907348633,0.3400000035762787,2.6822091214739885e-09,0.48000001907348633,0.46000000834465027,2.6822091214739885e-09,0.48000001907348633
103,-0.11999999731779099,0.0,0.09999999403953552,-0.11999999731779099,0.0,0.02698805183172226,-0.11999999731779099,0.0,0.20000000298023224,-0.11999999731779099,0.0,0.09999999403953552,0.11999999731779099,0.0,0.09999999403953552,0.11999999731779099,0.0,0.02698805183172226,0.11999999731779099,0.0,0.20000000298023224,0.11999999731779099,0.0,0.09999999403953552,0.0,0.0,0.375,0.0,0.0,0.550000011920929,-0.20000003278255463,-1.862645149230957e-09,0.48000001907348633,-0.3400000333786011,7.450577932388569e-10,0.48000001907348633,-0.3400000333786011,7.450577932388569e-10,0.48000001907348633,-0.46000003814697266,7.450580152834618e-10,0.48000001907348633,0.20000000298023224,3.725290298461914e-09,0.48000001907348633,0.3400000035762787,2.6822091214739885e-09,0.48000001907348633,0.3400000035762787,2.6822091214739885e-09,0.48000001907348633,0.46000000834465027,2.6822091214739885e-09,0.48000001907348633
104,-0.11999999731779099,0.0,0.09999999403953552,-0.11999999731779099,0.0,0.02698805183172226,-0.11999999731779099,0.0,0.20000000298023224,-0.11999999731779099,0.0,0.09999999403953552,0.11999999731779099,0.0,0.09999999403953552,0.11999999731779099,0.0,0.02698805183172226,0.11999999731779099,0.0,0.20000000298023224,0.11999999731779099,0.0,0.09999999403953552,0.0,0.0,0.375,0.0,0.0,0.550000011920929,-0.20000003278255463,-1.862645149230957e-09,0.48000001907348633,-0.3400000333786011,7.450577932388569e-10,0.48000001907348633,-0.3400000333786011,7.450577932388569e-10,0.48000001907348633,-0.46000003814697266,7.450580152834618e-10,0.48000001907348633,0.20000000298023224,3.725290298461914e-09,0.48000001907348633,0.3400000035762787,2.6822091214739885e-09,0.48000001907348633,0.3400000035762787,2.6822091214739885e-09,0.48000001907348633,0.46000000834465027,2.6822091214739885e-09,0.48000001907348633
105,-0.11999999731779099,0.0,0.09999999403953552,-0.11999999731779099,0.0,0.02698805183172226,-0.11999999731779099,0.0,0.20000000298023224,-0.11999999731779099,0.0,0.09999999403953552,0.11999999731779099,0.0,0.09999999403953552,0.11999999731779099,0.0,0.02698805183172226,0.11999999731779099,0.0,0.20000000298023224,0.11999999731779099,0.0,0.09999999403953552,0.0,0.0,0.375,0.0,0.0,0.550000011920929,-0.20000003278255463,-1.862645149230957e-09,0.48000001907348633,-0.3400000333786011,7.450577932388569e-10,0.48000001907348633,-0.3400000333786011,7.450577932388569e-10,0.48000001907348633,-0.46000003814697266,7.450580152834618e-10,0.48000001907348633,0.20000000298023224,3.725290298461914e-09,0.48000001907348633,0.3400000035762787,2.6822091214739885e-09,0.48000001907348633,0.3400000035762787,2.6822091214739885e-09,0.48000001907348633,0.46000000834465027,2.6822091214739885e-09,0.48000001907348633
106,-0.11999999731779099,0.0,0.09999999403953552,-0.11999999731779099,0.0,0.02698805183172226,-0.11999999731779099,0.0,0.20000000298023224,-0.11999999731779099,0.0,0.09999999403953552,0.11999999731779099,0.0,0.09999999403953552,0.11999999731779099,0.0,0.02698805183172226,0.11999999731779099,0.0,0.20000000298023224,0.11999999731779099,0.0,0.09999999403953552,0.0,0.0,0.375,0.0,0.0,0.550000011920929,-0.20000003278255463,-1.862645149230957e-09,0.48000001907348633,-0.3400000333786011,7.450577932388569e-10,0.48000001907348633,-0.3400000333786011,7.450577932388569e-10,0.48000001907348633,-0.46000003814697266,7.450580152834618e-10,0.48000001907348633,0.20000000298023224,3.725290298461914e-09,0.48000001907348633,0.3400000035762787,2.6822091214739885e-09,0.48000001907348633,0.3400000035762787,2.6822091214739885e-09,0.48000001907348633,0.46000000834465027,2.6822091214739885e-09,0.48000001907348633
107,-0.11999999731779099,0.0,0.09999999403953552,-0.11999999731779099,0.0,0.02698805183172226,-0.11999999731779099,0.0,0.20000000298023224,-0.11999999731779099,0.0,0.09999999403953552,0.11999999731779099,0.0,0.09999999403953552,0.11999999731779099,0.0,0.02698805183172226,0.11999999731779099,0.0,0.20000000298023224,0.11999999731779099,0.0,0.09999999403953552,0.0,0.0,0.375,0.0,0.0,0.550000011920929,-0.20000003278255463,-1.862645149230957e-09,0.48000001907348633,-0.3400000333786011,7.450577932388569e-10,0.48000001907348633,-0.3400000333786011,7.450577932388569e-10,0.48000001907348633,-0.46000003814697266,7.450580152834618e-10,0.48000001907348633,0.20000000298023224,3.725290298461914e-09,0.48000001907348633,0.3400000035762787,2.6822091214739885e-09,0.48000001907348633,0.3400000035762787,2.6822091214739885e-09,0.48000001907348633,0.46000000834465027,2.6822091214739885e-09,0.48000001907348633
108,-0.11999999731779099,0.0,0.09999999403953552,-0.11999999731779099,0.0,0.02698805183172226,-0.11999999731779099,0.0,0.20000000298023224,-0.11999999731779099,0.0,0.09999999403953552,0.11999999731779099,0.0,0.09999999403953552,0.11999999731779099,0.0,0.02698805183172226,0.11999999731779099,0.0,0.20000000298023224,0.11999999731779099,0.0,0.09999999403953552,0.0,0.0,0.375,0.0,0.0,0.550000011920929,-0.20000003278255463,-1.862645149230957e-09,0.48000001907348633,-0.3400000333786011,7.450577932388569e-10,0.48000001907348633,-0.3400000333786011,7.450577932388569e-10,0.48000001907348633,-0.46000003814697266,7.450580152834618e-10,0.48000001907348633,0.20000000298023224,3.725290298461914e-09,0.48000001907348633,0.3400000035762787,2.6822091214739885e-09,0.48000001907348633,0.3400000035762787,2.6822091214739885e-09,0.48000001907348633,0.46000000834465027,2.6822091214739885e-09,0.48000001907348633
109,-0.11999999731779099,0.0,0.09999999403953552,-0.11999999731779099,0.0,0.02698805183172226,-0.11999999731779099,0.0,0.20000000298023224,-0.11999999731779099,0.0,0.09999999403953552,0.11999999731779099,0.0,0.09999999403953552,0.11999999731779099,0.0,0.02698805183172226,0.11999999731779099,0.0,0.20000000298023224,0.11999999731779099,0.0,0.09999999403953552,0.0,0.0,0.375,0.0,0.0,0.550000011920929,-0.20000003278255463,-1.862645149230957e-09,0.48000001907348633,-0.3400000333786011,7.450577932388569e-10,0.48000001907348633,-0.3400000333786011,7.450577932388569e-10,0.48000001907348633,-0.46000003814697266,7.450580152834618e-10,0.48000001907348633,0.20000000298023224,3.725290298461914e-09,0.48000001907348633,0.3400000035762787,2.6822091214739885e-09,0.48000001907348633,0.3400000035762787,2.6822091214739885e-09,0.48000001907348633,0.46000000834465027,2.6822091214739885e-09,0.48000001907348633
110,-0.11999999731779099,0.0,0.09999999403953552,-0.11999999731779099,0.0,0.02698805183172226,-0.11999999731779099,0.0,0.20000000298023224,-0.11999999731779099,0.0,0.09999999403953552,0.11999999731779099,0.0,0.09999999403953552,0.11999999731779099,0.0,0.02698805183172226,0.11999999731779099,0.0,0.20000000298023224,0.11999999731779099,0.0,0.09999999403953552,0.0,0.0,0.375,0.0,0.0,0.550000011920929,-0.20000003278255463,-1.862645149230957e-09,0.48000001907348633,-0.3400000333786011,7.450577932388569e-10,0.48000001907348633,-0.3400000333786011,7.450577932388569e-10,0.48000001907348633,-0.46000003814697266,7.450580152834618e-10,0.48000001907348633,0.20000000298023224,3.725290298461914e-09,0.48000001907348633,0.3400000035762787,2.6822091214739885e-09,0.48000001907348633,0.3400000035762787,2.6822091214739885e-09,0.48000001907348633,0.46000000834465027,2.6822091214739885e-09,0.48000001907348633
111,-0.11999999731779099,0.0,0.09999999403953552,-0.11999999731779099,0.0,0.02698805183172226,-0.11999999731779099,0.0,0.20000000298023224,-0.11999999731779099,0.0,0.09999999403953552,0.11999999731779099,0.0,0.09999999403953552,0.11999999731779099,0.0,0.02698805183172226,0.11999999731779099,0.0,0.20000000298023224,0.11999999731779099,0.0,0.09999999403953552,0.0,0.0,0.375,0.0,0.0,0.550000011920929,-0.20000003278255463,-1.862645149230957e-09,0.48000001907348633,-0.3400000333786011,7.450577932388569e-10,0.48000001907348633,-0.3400000333786011,7.450577932388569e-10,0.48000001907348633,-0.46000003814697266,7.450580152834618e-10,0.48000001907348633,0.20000000298023224,3.725290298461914e-09,0.48000001907348633,0.3400000035762787,2.6822091214739885e-09,0.48000001907348633,0.3400000035762787,2.6822091214739885e-09,0.48000001907348633,0.46000000834465027,2.6822091214739885e-09,0.48000001907348633
112,-0.11999999731779099,0.0,0.09999999403953552,-0.11999999731779099,0.0,0.02698805183172226,-0.11999999731779099,0.0,0.20000000298023224,-0.11999999731779099,0.0,0.09999999403953552,0.11999999731779099,0.0,0.09999999403953552,0.11999999731779099,0.0,0.02698805183172226,0.11999999731779099,0.0,0.20000000298023224,0.11999999731779099,0.0,0.09999999403953552,0.0,0.0,0.375,0.0,0.0,0.550000011920929,-0.20000003278255463,-1.862645149230957e-09,0.48000001907348633,-0.3400000333786011,7.450577932388569e-10,0.48000001907348633,-0.3400000333786011,7.450577932388569e-10,0.48000001907348633,-0.46000003814697266,7.450580152834618e-10,0.48000001907348633,0.20000000298023224,3.725290298461914e-09,0.48000001907348633,0.3400000035762787,2.6822091214739885e-09,0.48000001907348633,0.3400000035762787,2.6822091214739885e-09,0.48000001907348633,0.46000000834465027,2.6822091214739885e-09,0.48000001907348633
113,-0.11999999731779099,0.0,0.09999999403953552,-0.11999999731779099,0.0,0.02698805183172226,-0.11999999731779099,0.0,0.20000000298023224,-0.11999999731779099,0.0,0.09999999403953552,0.11999999731779099,0.0,0.09999999403953552,0.11999999731779099,0.0,0.02698805183172226,0.11999999731779099,0.0,0.20000000298023224,0.11999999731779099,0.0,0.09999999403953552,0.0,0.0,0.375,0.0,0.0,0.550000011920929,-0.20000003278255463,-1.862645149230957e-09,0.48000001907348633,-0.3400000333786011,7.450577932388569e-10,0.48000001907348633,-0.3400000333786011,7.450577932388569e-10,0.48000001907348633,-0.46000003814697266,7.450580152834618e-10,0.48000001907348633,0.20000000298023224,3.725290298461914e-09,0.48000001907348633,0.3400000035762787,2.6822091214739885e-09,0.48000001907348633,0.3400000035762787,2.6822091214739885e-09,0.48000001907348633,0.46000000834465027,2.6822091214739885e-09,0.48000001907348633
114,-0.11999999731779099,0.0,0.09999999403953552,-0.11999999731779099,0.0,0.02698805183172226,-0.11999999731779099,0.0,0.20000000298023224,-0.11999999731779099,0.0,0.09999999403953552,0.11999999731779099,0.0,0.09999999403953552,0.11999999731779099,0.0,0.02698805183172226,0.11999999731779099,0.0,0.20000000298023224,0.11999999731779099,0.0,0.09999999403953552,0.0,0.0,0.375,0.0,0.0,0.550000011920929,-0.20000003278255463,-1.862645149230957e-09,0.48000001907348633,-0.3400000333786011,7.450577932388569e-10,0.48000001907348633,-0.3400000333786011,7.450577932388569e-10,0.48000001907348633,-0.46000003814697266,7.450580152834618e-10,0.48000001907348633,0.20000000298023224,3.725290298461914e-09,0.48000001907348633,0.3400000035762787,2.6822091214739885e-09,0.48000001907348633,0.3400000035762787,2.6822091214739885e-09,0.48000001907348633,0.46000000834465027,2.6822091214739885e-09,0.48000001907348633
115,-0.11999999731779099,0.0,0.09999999403953552,-0.11999999731779099,0.0,0.02698805183172226,-0.11999999731779099,0.0,0.20000000298023224,-0.11999999731779099,0.0,0.09999999403953552,0.11999999731779099,0.0,0.09999999403953552,0.11999999731779099,0.0,0.02698805183172226,0.11999999731779099,0.0,0.20000000298023224,0.11999999731779099,0.0,0.09999999403953552,0.0,0.0,0.375,0.0,0.0,0.550000011920929,-0.20000003278255463,-1.862645149230957e-09,0.48000001907348633,-0.3400000333786011,7.450577932388569e-10,0.48000001907348633,-0.3400000333786011,7.450577932388569e-10,0.48000001907348633,-0.46000003814697266,7.450580152834618e-10,0.48000001907348633,0.20000000298023224,3.725290298461914e-09,0.48000001907348633,0.3400000035762787,2.6822091214739885e-09,0.48000001907348633,0.3400000035762787,2.6822091214739885e-09,0.48000001907348633,0.46000000834465027,2.6822091214739885e-09,0.48000001907348633
116,-0.11999999731779099,0.0,0.09999999403953552,-0.11999999731779099,0.0,0.02698805183172226,-0.11999999731779099,0.0,0.20000000298023224,-0.11999999731779099,0.0,0.09999999403953552,0.11999999731779099,0.0,0.09999999403953552,0.11999999731779099,0.0,0.02698805183172226,0.11999999731779099,0.0,0.20000000298023224,0.11999999731779099,0.0,0.09999999403953552,0.0,0.0,0.375,0.0,0.0,0.550000011920929,-0.20000003278255463,-1.862645149230957e-09,0.48000001907348633,-0.3400000333786011,7.450577932388569e-10,0.48000001907348633,-0.3400000333786011,7.450577932388569e-10,0.48000001907348633,-0.46000003814697266,7.450580152834618e-10,0.48000001907348633,0.20000000298023224,3.725290298461914e-09,0.48000001907348633,0.3400000035762787,2.6822091214739885e-09,0.48000001907348633,0.3400000035762787,2.6822091214739885e-09,0.48000001907348633,0.46000000834465027,2.6822091214739885e-09,0.48000001907348633
117,-0.11999999731779099,0.0,0.09999999403953552,-0.11999999731779099,0.0,0.02698805183172226,-0.11999999731779099,0.0,0.20000000298023224,-0.11999999731779099,0.0,0.09999999403953552,0.11999999731779099,0.0,0.09999999403953552,0.11999999731779099,0.0,0.02698805183172226,0.11999999731779099,0.0,0.20000000298023224,0.11999999731779099,0.0,0.09999999403953552,0.0,0.0,0.375,0.0,0.0,0.550000011920929,-0.20000003278255463,-1.862645149230957e-09,0.48000001907348633,-0.3400000333786011,7.450577932388569e-10,0.48000001907348633,-0.3400000333786011,7.450577932388569e-10,0.48000001907348633,-0.46000003814697266,7.450580152834618e-10,0.48000001907348633,0.20000000298023224,3.725290298461914e-09,0.48000001907348633,0.3400000035762787,2.6822091214739885e-09,0.48000001907348633,0.3400000035762787,2.6822091214739885e-09,0.48000001907348633,0.46000000834465027,2.6822091214739885e-09,0.48000001907348633
118,-0.11999999731779099,0.0,0.09999999403953552,-0.11999999731779099,0.0,0.02698805183172226,-0.11999999731779099,0.0,0.20000000298023224,-0.11999999731779099,0.0,0.09999999403953552,0.11999999731779099,0.0,0.09999999403953552,0.11999999731779099,0.0,0.02698805183172226,0.11999999731779099,0.0,0.20000000298023224,0.11999999731779099,0.0,0.09999999403953552,0.0,0.0,0.375,0.0,0.0,0.550000011920929,-0.20000003278255463,-1.862645149230957e-09,0.48000001907348633,-0.3400000333786011,7.450577932388569e-10,0.48000001907348633,-0.3400000333786011,7.450577932388569e-10,0.48000001907348633,-0.46000003814697266,7.450580152834618e-10,0.48000001907348633,0.20000000298023224,3.725290298461914e-09,0.48000001907348633,0.3400000035762787,2.6822091214739885e-09,0.48000001907348633,0.3400000035762787,2.6822091214739885e-09,0.48000001907348633,0.46000000834465027,2.6822091214739885e-09,0.48000001907348633
119,-0.11999999731779099,0.0,0.09999999403953552,-0.11999999731779099,0.0,0.02698805183172226,-0.11999999731779099,0.0,0.20000000298023224,-0.11999999731779099,0.0,0.09999999403953552,0.11999999731779099,0.0,0.09999999403953552,0.11999999731779099,0.0,0.02698805183172226,0.11999999731779099,0.0,0.20000000298023224,0.11999999731779099,0.0,0.09999999403953552,0.0,0.0,0.375,0.0,0.0,0.550000011920929,-0.20000003278255463,-1.862645149230957e-09,0.48000001907348633,-0.3400000333786011,7.450577932388569e-10,0.48000001907348633,-0.3400000333786011,7.450577932388569e-10,0.48000001907348633,-0.46000003814697266,7.450580152834618e-10,0.48000001907348633,0.20000000298023224,3.725290298461914e-09,0.48000001907348633,0.3400000035762787,2.6822091214739885e-09,0.48000001907348633,0.3400000035762787,2.6822091214739885e-09,0.48000001907348633,0.46000000834465027,2.6822091214739885e-09,0.48000001907348633
120,-0.11999999731779099,0.0,0.09999999403953552,-0.11999999731779099,0.0,0.02698805183172226,-0.11999999731779099,0.0,0.20000000298023224,-0.11999999731779099,0.0,0.09999999403953552,0.11999999731779099,0.0,0.09999999403953552,0.11999999731779099,0.0,0.02698805183172226,0.11999999731779099,0.0,0.20000000298023224,0.11999999731779099,0.0,0.09999999403953552,0.0,0.0,0.375,0.0,0.0,0.550000011920929,-0.20000003278255463,-1.862645149230957e-09,0.48000001907348633,-0.3400000333786011,7.450577932388569e-10,0.48000001907348633,-0.3400000333786011,7.450577932388569e-10,0.48000001907348633,-0.46000003814697266,7.450580152834618e-10,0.48000001907348633,0.20000000298023224,3.725290298461914e-09,0.48000001907348633,0.3400000035762787,2.6822091214739885e-09,0.48000001907348633,0.3400000035762787,2.6822091214739885e-09,0.48000001907348633,0.46000000834465027,2.6822091214739885e-09,0.48000001907348633
121,-0.11999999731779099,0.0,0.09999999403953552,-0.11999999731779099,0.0,0.02698805183172226,-0.11999999731779099,0.0,0.20000000298023224,-0.11999999731779099,0.0,0.09999999403953552,0.11999999731779099,0.0,0.09999999403953552,0.11999999731779099,0.0,0.02698805183172226,0.11999999731779099,0.0,0.20000000298023224,0.11999999731779099,0.0,0.09999999403953552,0.0,0.0,0.375,0.0,0.0,0.550000011920929,-0.20000003278255463,-1.862645149230957e-09,0.48000001907348633,-0.3400000333786011,7.450577932388569e-10,0.48000001907348633,-0.3400000333786011,7.450577932388569e-10,0.48000001907348633,-0.46000003814697266,7.450580152834618e-10,0.48000001907348633,0.20000000298023224,3.725290298461914e-09,0.48000001907348633,0.3400000035762787,2.6822091214739885e-09,0.48000001907348633,0.3400000035762787,2.6822091214739885e-09,0.48000001907348633,0.46000000834465027,2.6822091214739885e-09,0.48000001907348633
122,-0.11999999731779099,0.0,0.09999999403953552,-0.11999999731779099,0.0,0.02698805183172226,-0.11999999731779099,0.0,0.20000000298023224,-0.11999999731779099,0.0,0.09999999403953552,0.11999999731779099,0.0,0.09999999403953552,0.11999999731779099,0.0,0.02698805183172226,0.11999999731779099,0.0,0.20000000298023224,0.11999999731779099,0.0,0.09999999403953552,0.0,0.0,0.375,0.0,0.0,0.550000011920929,-0.20000003278255463,-1.862645149230957e-09,0.48000001907348633,-0.3400000333786011,7.450577932388569e-10,0.48000001907348633,-0.3400000333786011,7.450577932388569e-10,0.48000001907348633,-0.46000003814697266,7.450580152834618e-10,0.48000001907348633,0.20000000298023224,3.725290298461914e-09,0.48000001907348633,0.3400000035762787,2.6822091214739885e-09,0.48000001907348633,0.3400000035762787,2.6822091214739885e-09,0.48000001907348633,0.46000000834465027,2.6822091214739885e-09,0.48000001907348633
123,-0.11999999731779099,0.0,0.09999999403953552,-0.11999999731779099,0.0,0.02698805183172226,-0.11999999731779099,0.0,0.20000000298023224,-0.11999999731779099,0.0,0.09999999403953552,0.11999999731779099,0.0,0.09999999403953552,0.11999999731779099,0.0,0.02698805183172226,0.11999999731779099,0.0,0.20000000298023224,0.11999999731779099,0.0,0.09999999403953552,0.0,0.0,0.375,0.0,0.0,0.550000011920929,-0.20000003278255463,-1.862645149230957e-09,0.48000001907348633,-0.3400000333786011,7.450577932388569e-10,0.48000001907348633,-0.3400000333786011,7.450577932388569e-10,0.48000001907348633,-0.46000003814697266,7.450580152834618e-10,0.48000001907348633,0.20000000298023224,3.725290298461914e-09,0.48000001907348633,0.3400000035762787,2.6822091214739885e-09,0.48000001907348633,0.3400000035762787,2.6822091214739885e-09,0.48000001907348633,0.46000000834465027,2.6822091214739885e-09,0.48000001907348633
124,-0.11999999731779099,0.0,0.09999999403953552,-0.11999999731779099,0.0,0.02698805183172226,-0.11999999731779099,0.0,0.20000000298023224,-0.11999999731779099,0.0,0.09999999403953552,0.11999999731779099,0.0,0.09999999403953552,0.11999999731779099,0.0,0.02698805183172226,0.11999999731779099,0.0,0.20000000298023224,0.11999999731779099,0.0,0.09999999403953552,0.0,0.0,0.375,0.0,0.0,0.550000011920929,-0.20000003278255463,-1.862645149230957e-09,0.48000001907348633,-0.3400000333786011,7.450577932388569e-10,0.48000001907348633,-0.3400000333786011,7.450577932388569e-10,0.48000001907348633,-0.46000003814697266,7.450580152834618e-10,0.48000001907348633,0.20000000298023224,3.725290298461914e-09,0.48000001907348633,0.3400000035762787,2.6822091214739885e-09,0.48000001907348633,0.3400000035762787,2.6822091214739885e-09,0.48000001907348633,0.46000000834465027,2.6822091214739885e-09,0.48000001907348633
125,-0.11999999731779099,0.0,0.09999999403953552,-0.11999999731779099,0.0,0.02698805183172226,-0.11999999731779099,0.0,0.20000000298023224,-0.11999999731779099,0.0,0.09999999403953552,0.11999999731779099,0.0,0.09999999403953552,0.11999999731779099,0.0,0.02698805183172226,0.11999999731779099,0.0,0.20000000298023224,0.11999999731779099,0.0,0.09999999403953552,0.0,0.0,0.375,0.0,0.0,0.550000011920929,-0.20000003278255463,-1.862645149230957e-09,0.48000001907348633,-0.3400000333786011,7.450577932388569e-10,0.48000001907348633,-0.3400000333786011,7.450577932388569e-10,0.48000001907348633,-0.46000003814697266,7.450580152834618e-10,0.48000001907348633,0.20000000298023224,3.725290298461914e-09,0.48000001907348633,0.3400000035762787,2.6822091214739885e-09,0.48000001907348633,0.3400000035762787,2.6822091214739885e-09,0.48000001907348633,0.46000000834465027,2.6822091214739885e-09,0.48000001907348633
126,-0.11999999731779099,0.0,0.09999999403953552,-0.11999999731779099,0.0,0.02698805183172226,-0.11999999731779099,0.0,0.20000000298023224,-0.11999999731779099,0.0,0.09999999403953552,0.11999999731779099,0.0,0.09999999403953552,0.11999999731779099,0.0,0.02698805183172226,0.11999999731779099,0.0,0.20000000298023224,0.11999999731779099,0.0,0.09999999403953552,0.0,0.0,0.375,0.0,0.0,0.550000011920929,-0.20000003278255463,-1.862645149230957e-09,0.48000001907348633,-0.3400000333786011,7.450577932388569e-10,0.48000001907348633,-0.3400000333786011,7.450577932388569e-10,0.48000001907348633,-0.46000003814697266,7.450580152834618e-10,0.48000001907348633,0.20000000298023224,3.725290298461914e-09,0.48000001907348633,0.3400000035762787,2.6822091214739885e-09,0.48000001907348633,0.3400000035762787,2.6822091214739885e-09,0.48000001907348633,0.46000000834465027,2.6822091214739885e-09,0.48000001907348633
127,-0.11999999731779099,0.0,0.09999999403953552,-0.11999999731779099,0.0,0.02698805183172226,-0.11999999731779099,0.0,0.20000000298023224,-0.11999999731779099,0.0,0.09999999403953552,0.11999999731779099,0.0,0.09999999403953552,0.11999999731779099,0.0,0.02698805183172226,0.11999999731779099,0.0,0.20000000298023224,0.11999999731779099,0.0,0.09999999403953552,0.0,0.0,0.375,0.0,0.0,0.550000011920929,-0.20000003278255463,-1.862645149230957e-09,0.48000001907348633,-0.3400000333786011,7.450577932388569e-10,0.48000001907348633,-0.3400000333786011,7.450577932388569e-10,0.48000001907348633,-0.46000003814697266,7.450580152834618e-10,0.48000001907348633,0.20000000298023224,3.725290298461914e-09,0.48000001907348633,0.3400000035762787,2.6822091214739885e-09,0.48000001907348633,0.3400000035762787,2.6822091214739885e-09,0.48000001907348633,0.46000000834465027,2.6822091214739885e-09,0.48000001907348633
128,-0.11999999731779099,0.0,0.09999999403953552,-0.11999999731779099,0.0,0.02698805183172226,-0.11999999731779099,0.0,0.20000000298023224,-0.11999999731779099,0.0,0.09999999403953552,0.11999999731779099,0.0,0.09999999403953552,0.11999999731779099,0.0,0.02698805183172226,0.11999999731779099,0.0,0.20000000298023224,0.11999999731779099,0.0,0.09999999403953552,0.0,0.0,0.375,0.0,0.0,0.550000011920929,-0.20000003278255463,-1.862645149230957e-09,0.48000001907348633,-0.3400000333786011,7.450577932388569e-10,0.48000001907348633,-0.3400000333786011,7.450577932388569e-10,0.48000001907348633,-0.46000003814697266,7.450580152834618e-10,0.48000001907348633,0.20000000298023224,3.725290298461914e-09,0.48000001907348633,0.3400000035762787,2.6822091214739885e-09,0.48000001907348633,0.3400000035762787,2.6822091214739885e-09,0.48000001907348633,0.46000000834465027,2.6822091214739885e-09,0.48000001907348633
129,-0.11999999731779099,0.0,0.09999999403953552,-0.11999999731779099,0.0,0.02698805183172226,-0.11999999731779099,0.0,0.20000000298023224,-0.11999999731779099,0.0,0.09999999403953552,0.11999999731779099,0.0,0.09999999403953552,0.11999999731779099,0.0,0.02698805183172226,0.11999999731779099,0.0,0.20000000298023224,0.11999999731779099,0.0,0.09999999403953552,0.0,0.0,0.375,0.0,0.0,0.550000011920929,-0.20000003278255463,-1.862645149230957e-09,0.48000001907348633,-0.3400000333786011,7.450577932388569e-10,0.48000001907348633,-0.3400000333786011,7.450577932388569e-10,0.48000001907348633,-0.46000003814697266,7.450580152834618e-10,0.48000001907348633,0.20000000298023224,3.725290298461914e-09,0.48000001907348633,0.3400000035762787,2.6822091214739885e-09,0.48000001907348633,0.3400000035762787,2.6822091214739885e-09,0.48000001907348633,0.46000000834465027,2.6822091214739885e-09,0.48000001907348633
130,-0.11999999731779099,0.0,0.09999999403953552,-0.11999999731779099,0.0,0.02698805183172226,-0.11999999731779099,0.0,0.20000000298023224,-0.11999999731779099,0.0,0.09999999403953552,0.11999999731779099,0.0,0.09999999403953552,0.11999999731779099,0.0,0.02698805183172226,0.11999999731779099,0.0,0.20000000298023224,0.11999999731779099,0.0,0.09999999403953552,0.0,0.0,0.375,0.0,0.0,0.550000011920929,-0.20000003278255463,-1.862645149230957e-09,0.48000001907348633,-0.3400000333786011,7.450577932388569e-10,0.48000001907348633,-0.3400000333786011,7.450577932388569e-10,0.48000001907348633,-0.46000003814697266,7.450580152834618e-10,0.48000001907348633,0.20000000298023224,3.725290298461914e-09,0.48000001907348633,0.3400000035762787,2.6822091214739885e-09,0.48000001907348633,0.3400000035762787,2.6822091214739885e-09,0.48000001907348633,0.46000000834465027,2.6822091214739885e-09,0.48000001907348633
131,-0.11999999731779099,0.0,0.09999999403953552,-0.11999999731779099,0.0,0.02698805183172226,-0.11999999731779099,0.0,0.20000000298023224,-0.11999999731779099,0.0,0.09999999403953552,0.11999999731779099,0.0,0.09999999403953552,0.11999999731779099,0.0,0.02698805183172226,0.11999999731779099,0.0,0.20000000298023224,0.11999999731779099,0.0,0.09999999403953552,0.0,0.0,0.375,0.0,0.0,0.550000011920929,-0.20000003278255463,-1.862645149230957e-09,0.48000001907348633,-0.3400000333786011,7.450577932388569e-10,0.48000001907348633,-0.3400000333786011,7.450577932388569e-10,0.48000001907348633,-0.46000003814697266,7.450580152834618e-10,0.48000001907348633,0.20000000298023224,3.725290298461914e-09,0.48000001907348633,0.3400000035762787,2.6822091214739885e-09,0.48000001907348633,0.3400000035762787,2.6822091214739885e-09,0.48000001907348633,0.46000000834465027,2.6822091214739885e-09,0.48000001907348633
132,-0.11999999731779099,0.0,0.09999999403953552,-0.11999999731779099,0.0,0.02698805183172226,-0.11999999731779099,0.0,0.20000000298023224,-0.11999999731779099,0.0,0.09999999403953552,0.11999999731779099,0.0,0.09999999403953552,0.11999999731779099,0.0,0.02698805183172226,0.11999999731779099,0.0,0.20000000298023224,0.11999999731779099,0.0,0.09999999403953552,0.0,0.0,0.375,0.0,0.0,0.550000011920929,-0.20000003278255463,-1.862645149230957e-09,0.48000001907348633,-0.3400000333786011,7.450577932388569e-10,0.48000001907348633,-0.3400000333786011,7.450577932388569e-10,0.48000001907348633,-0.46000003814697266,7.450580152834618e-10,0.48000001907348633,0.20000000298023224,3.725290298461914e-09,0.48000001907348633,0.3400000035762787,2.6822091214739885e-09,0.48000001907348633,0.3400000035762787,2.6822091214739885e-09,0.48000001907348633,0.46000000834465027,2.6822091214739885e-09,0.48000001907348633
133,-0.11999999731779099,0.0,0.09999999403953552,-0.11999999731779099,0.0,0.02698805183172226,-0.11999999731779099,0.0,0.20000000298023224,-0.11999999731779099,0.0,0.09999999403953552,0.11999999731779099,0.0,0.09999999403953552,0.11999999731779099,0.0,0.02698805183172226,0.11999999731779099,0.0,0.20000000298023224,0.11999999731779099,0.0,0.09999999403953552,0.0,0.0,0.375,0.0,0.0,0.550000011920929,-0.20000003278255463,-1.862645149230957e-09,0.48000001907348633,-0.3400000333786011,7.450577932388569e-10,0.48000001907348633,-0.3400000333786011,7.450577932388569e-10,0.48000001907348633,-0.46000003814697266,7.450580152834618e-10,0.48000001907348633,0.20000000298023224,3.725290298461914e-09,0.48000001907348633,0.3400000035762787,2.6822091214739885e-09,0.48000001907348633,0.3400000035762787,2.6822091214739885e-09,0.48000001907348633,0.46000000834465027,2.6822091214739885e-09,0.48000001907348633
134,-0.11999999731779099,0.0,0.09999999403953552,-0.11999999731779099,0.0,0.02698805183172226,-0.11999999731779099,0.0,0.20000000298023224,-0.11999999731779099,0.0,0.09999999403953552,0.11999999731779099,0.0,0.09999999403953552,0.11999999731779099,0.0,0.02698805183172226,0.11999999731779099,0.0,0.20000000298023224,0.11999999731779099,0.0,0.09999999403953552,0.0,0.0,0.375,0.0,0.0,0.550000011920929,-0.20000003278255463,-1.862645149230957e-09,0.48000001907348633,-0.3400000333786011,7.450577932388569e-10,0.48000001907348633,-0.3400000333786011,7.450577932388569e-10,0.48000001907348633,-0.46000003814697266,7.450580152834618e-10,0.48000001907348633,0.20000000298023224,3.725290298461914e-09,0.48000001907348633,0.3400000035762787,2.6822091214739885e-09,0.48000001907348633,0.3400000035762787,2.6822091214739885e-09,0.48000001907348633,0.46000000834465027,2.6822091214739885e-09,0.48000001907348633
135,-0.11999999731779099,0.0,0.09999999403953552,-0.11999999731779099,0.0,0.02698805183172226,-0.11999999731779099,0.0,0.20000000298023224,-0.11999999731779099,0.0,0.09999999403953552,0.11999999731779099,0.0,0.09999999403953552,0.11999999731779099,0.0,0.02698805183172226,0.11999999731779099,0.0,0.20000000298023224,0.11999999731779099,0.0,0.09999999403953552,0.0,0.0,0.375,0.0,0.0,0.550000011920929,-0.20000003278255463,-1.862645149230957e-09,0.48000001907348633,-0.3400000333786011,7.450577932388569e-10,0.48000001907348633,-0.3400000333786011,7.450577932388569e-10,0.48000001907348633,-0.46000003814697266,7.450580152834618e-10,0.48000001907348633,0.20000000298023224,3.725290298461914e-09,0.48000001907348633,0.3400000035762787,2.6822091214739885e-09,0.48000001907348633,0.3400000035762787,2.6822091214739885e-09,0.48000001907348633,0.46000000834465027,2.6822091214739885e-09,0.48000001907348633
136,-0.11999999731779099,0.0,0.09999999403953552,-0.11999999731779099,0.0,0.02698805183172226,-0.11999999731779099,0.0,0.20000000298023224,-0.11999999731779099,0.0,0.09999999403953552,0.11999999731779099,0.0,0.09999999403953552,0.11999999731779099,0.0,0.02698805183172226,0.11999999731779099,0.0,0.20000000298023224,0.11999999731779099,0.0,0.09999999403953552,0.0,0.0,0.375,0.0,0.0,0.550000011920929,-0.20000003278255463,-1.862645149230957e-09,0.48000001907348633,-0.3400000333786011,7.450577932388569e-10,0.48000001907348633,-0.3400000333786011,7.450577932388569e-10,0.48000001907348633,-0.46000003814697266,7.450580152834618e-10,0.48000001907348633,0.20000000298023224,3.725290298461914e-09,0.48000001907348633,0.3400000035762787,2.6822091214739885e-09,0.48000001907348633,0.3400000035762787,2.6822091214739885e-09,0.48000001907348633,0.46000000834465027,2.6822091214739885e-09,0.48000001907348633
137,-0.11999999731779099,0.0,0.09999999403953552,-0.11999999731779099,0.0,0.02698805183172226,-0.11999999731779099,0.0,0.20000000298023224,-0.11999999731779099,0.0,0.09999999403953552,0.11999999731779099,0.0,0.09999999403953552,0.11999999731779099,0.0,0.02698805183172226,0.11999999731779099,0.0,0.20000000298023224,0.11999999731779099,0.0,0.09999999403953552,0.0,0.0,0.375,0.0,0.0,0.550000011920929,-0.20000003278255463,-1.862645149230957e-09,0.48000001907348633,-0.3400000333786011,7.450577932388569e-10,0.48000001907348633,-0.3400000333786011,7.450577932388569e-10,0.48000001907348633,-0.46000003814697266,7.450580152834618e-10,0.48000001907348633,0.20000000298023224,3.725290298461914e-09,0.48000001907348633,0.3400000035762787,2.6822091214739885e-09,0.48000001907348633,0.3400000035762787,2.6822091214739885e-09,0.48000001907348633,0.46000000834465027,2.6822091214739885e-09,0.48000001907348633
138,-0.11999999731779099,0.0,0.09999999403953552,-0.11999999731779099,0.0,0.02698805183172226,-0.11999999731779099,0.0,0.20000000298023224,-0.11999999731779099,0.0,0.09999999403953552,0.11999999731779099,0.0,0.09999999403953552,0.11999999731779099,0.0,0.02698805183172226,0.11999999731779099,0.0,0.20000000298023224,0.11999999731779099,0.0,0.09999999403953552,0.0,0.0,0.375,0.0,0.0,0.550000011920929,-0.20000003278255463,-1.862645149230957e-09,0.48000001907348633,-0.3400000333786011,7.450577932388569e-10,0.48000001907348633,-0.3400000333786011,7.450577932388569e-10,0.48000001907348633,-0.46000003814697266,7.450580152834618e-10,0.48000001907348633,0.20000000298023224,3.725290298461914e-09,0.48000001907348633,0.3400000035762787,2.6822091214739885e-09,0.48000001907348633,0.3400000035762787,2.6822091214739885e-09,0.48000001907348633,0.46000000834465027,2.6822091214739885e-09,0.48000001907348633
139,-0.11999999731779099,0.0,0.09999999403953552,-0.11999999731779099,0.0,0.02698805183172226,-0.11999999731779099,0.0,0.20000000298023224,-0.11999999731779099,0.0,0.09999999403953552,0.11999999731779099,0.0,0.09999999403953552,0.11999999731779099,0.0,0.02698805183172226,0.11999999731779099,0.0,0.20000000298023224,0.11999999731779099,0.0,0.09999999403953552,0.0,0.0,0.375,0.0,0.0,0.550000011920929,-0.20000003278255463,-1.862645149230957e-09,0.48000001907348633,-0.3400000333786011,7.450577932388569e-10,0.48000001907348633,-0.3400000333786011,7.450577932388569e-10,0.48000001907348633,-0.46000003814697266,7.450580152834618e-10,0.48000001907348633,0.20000000298023224,3.725290298461914e-09,0.48000001907348633,0.3400000035762787,2.6822091214739885e-09,0.48000001907348633,0.3400000035762787,2.6822091214739885e-09,0.48000001907348633,0.46000000834465027,2.6822091214739885e-09,0.48000001907348633
140,-0.11999999731779099,0.0,0.09999999403953552,-0.11999999731779099,0.0,0.02698805183172226,-0.11999999731779099,0.0,0.20000000298023224,-0.11999999731779099,0.0,0.09999999403953552,0.11999999731779099,0.0,0.09999999403953552,0.11999999731779099,0.0,0.02698805183172226,0.11999999731779099,0.0,0.20000000298023224,0.11999999731779099,0.0,0.09999999403953552,0.0,0.0,0.375,0.0,0.0,0.550000011920929,-0.20000003278255463,-1.862645149230957e-09,0.48000001907348633,-0.3400000333786011,7.450577932388569e-10,0.48000001907348633,-0.3400000333786011,7.450577932388569e-10,0.48000001907348633,-0.46000003814697266,7.450580152834618e-10,0.48000001907348633,0.20000000298023224,3.725290298461914e-09,0.48000001907348633,0.3400000035762787,2.6822091214739885e-09,0.48000001907348633,0.3400000035762787,2.6822091214739885e-09,0.48000001907348633,0.46000000834465027,2.6822091214739885e-09,0.48000001907348633
141,-0.11999999731779099,0.0,0.09999999403953552,-0.11999999731779099,0.0,0.02698805183172226,-0.11999999731779099,0.0,0.20000000298023224,-0.11999999731779099,0.0,0.09999999403953552,0.11999999731779099,0.0,0.09999999403953552,0.11999999731779099,0.0,0.02698805183172226,0.11999999731779099,0.0,0.20000000298023224,0.11999999731779099,0.0,0.09999999403953552,0.0,0.0,0.375,0.0,0.0,0.550000011920929,-0.20000003278255463,-1.862645149230957e-09,0.48000001907348633,-0.3400000333786011,7.450577932388569e-10,0.48000001907348633,-0.3400000333786011,7.450577932388569e-10,0.48000001907348633,-0.46000003814697266,7.450580152834618e-10,0.48000001907348633,0.20000000298023224,3.725290298461914e-09,0.48000001907348633,0.3400000035762787,2.6822091214739885e-09,0.48000001907348633,0.3400000035762787,2.6822091214739885e-09,0.48000001907348633,0.46000000834465027,2.6822091214739885e-09,0.48000001907348633
142,-0.11999999731779099,0.0,0.09999999403953552,-0.11999999731779099,0.0,0.02698805183172226,-0.11999999731779099,0.0,0.20000000298023224,-0.11999999731779099,0.0,0.09999999403953552,0.11999999731779099,0.0,0.09999999403953552,0.11999999731779099,0.0,0.02698805183172226,0.11999999731779099,0.0,0.20000000298023224,0.11999999731779099,0.0,0.09999999403953552,0.0,0.0,0.375,0.0,0.0,0.550000011920929,-0.20000003278255463,-1.862645149230957e-09,0.48000001907348633,-0.3400000333786011,7.450577932388569e-10,0.48000001907348633,-0.3400000333786011,7.450577932388569e-10,0.48000001907348633,-0.46000003814697266,7.450580152834618e-10,0.48000001907348633,0.20000000298023224,3.725290298461914e-09,0.48000001907348633,0.3400000035762787,2.6822091214739885e-09,0.48000001907348633,0.3400000035762787,2.6822091214739885e-09,0.48000001907348633,0.46000000834465027,2.6822091214739885e-09,0.48000001907348633
143,-0.11999999731779099,0.0,0.09999999403953552,-0.11999999731779099,0.0,0.02698805183172226,-0.11999999731779099,0.0,0.20000000298023224,-0.11999999731779099,0.0,0.09999999403953552,0.11999999731779099,0.0,0.09999999403953552,0.11999999731779099,0.0,0.02698805183172226,0.11999999731779099,0.0,0.20000000298023224,0.11999999731779099,0.0,0.09999999403953552,0.0,0.0,0.375,0.0,0.0,0.550000011920929,-0.20000003278255463,-1.862645149230957e-09,0.48000001907348633,-0.3400000333786011,7.450577932388569e-10,0.48000001907348633,-0.3400000333786011,7.450577932388569e-10,0.48000001907348633,-0.46000003814697266,7.450580152834618e-10,0.48000001907348633,0.20000000298023224,3.725290298461914e-09,0.48000001907348633,0.3400000035762787,2.6822091214739885e-09,0.48000001907348633,0.3400000035762787,2.6822091214739885e-09,0.48000001907348633,0.46000000834465027,2.6822091214739885e-09,0.48000001907348633
144,-0.11999999731779099,0.0,0.09999999403953552,-0.11999999731779099,0.0,0.02698805183172226,-0.11999999731779099,0.0,0.20000000298023224,-0.11999999731779099,0.0,0.09999999403953552,0.11999999731779099,0.0,0.09999999403953552,0.11999999731779099,0.0,0.02698805183172226,0.11999999731779099,0.0,0.20000000298023224,0.11999999731779099,0.0,0.09999999403953552,0.0,0.0,0.375,0.0,0.0,0.550000011920929,-0.20000003278255463,-1.862645149230957e-09,0.48000001907348633,-0.3400000333786011,7.450577932388569e-10,0.48000001907348633,-0.3400000333786011,7.450577932388569e-10,0.48000001907348633,-0.46000003814697266,7.450580152834618e-10,0.48000001907348633,0.20000000298023224,3.725290298461914e-09,0.48000001907348633,0.3400000035762787,2.6822091214739885e-09,0.48000001907348633,0.3400000035762787,2.6822091214739885e-09,0.48000001907348633,0.46000000834465027,2.6822091214739885e-09,0.48000001907348633
145,-0.11999999731779099,0.0,0.09999999403953552,-0.11999999731779099,0.0,0.02698805183172226,-0.11999999731779099,0.0,0.20000000298023224,-0.11999999731779099,0.0,0.09999999403953552,0.11999999731779099,0.0,0.09999999403953552,0.11999999731779099,0.0,0.02698805183172226,0.11999999731779099,0.0,0.20000000298023224,0.11999999731779099,0.0,0.09999999403953552,0.0,0.0,0.375,0.0,0.0,0.550000011920929,-0.20000003278255463,-1.862645149230957e-09,0.48000001907348633,-0.3400000333786011,7.450577932388569e-10,0.48000001907348633,-0.3400000333786011,7.450577932388569e-10,0.48000001907348633,-0.46000003814697266,7.450580152834618e-10,0.48000001907348633,0.20000000298023224,3.725290298461914e-09,0.48000001907348633,0.3400000035762787,2.6822091214739885e-09,0.48000001907348633,0.3400000035762787,2.6822091214739885e-09,0.48000001907348633,0.46000000834465027,2.6822091214739885e-09,0.48000001907348633
146,-0.11999999731779099,0.0,0.09999999403953552,-0.11999999731779099,0.0,0.02698805183172226,-0.11999999731779099,0.0,0.20000000298023224,-0.11999999731779099,0.0,0.09999999403953552,0.11999999731779099,0.0,0.09999999403953552,0.11999999731779099,0.0,0.02698805183172226,0.11999999731779099,0.0,0.20000000298023224,0.11999999731779099,0.0,0.09999999403953552,0.0,0.0,0.375,0.0,0.0,0.550000011920929,-0.20000003278255463,-1.862645149230957e-09,0.48000001907348633,-0.3400000333786011,7.450577932388569e-10,0.48000001907348633,-0.3400000333786011,7.450577932388569e-10,0.48000001907348633,-0.46000003814697266,7.450580152834618e-10,0.48000001907348633,0.20000000298023224,3.725290298461914e-09,0.48000001907348633,0.3400000035762787,2.6822091214739885e-09,0.48000001907348633,0.3400000035762787,2.6822091214739885e-09,0.48000001907348633,0.46000000834465027,2.6822091214739885e-09,0.48000001907348633
147,-0.11999999731779099,0.0,0.09999999403953552,-0.11999999731779099,0.0,0.02698805183172226,-0.11999999731779099,0.0,0.20000000298023224,-0.11999999731779099,0.0,0.09999999403953552,0.11999999731779099,0.0,0.09999999403953552,0.11999999731779099,0.0,0.02698805183172226,0.11999999731779099,0.0,0.20000000298023224,0.11999999731779099,0.0,0.09999999403953552,0.0,0.0,0.375,0.0,0.0,0.550000011920929,-0.20000003278255463,-1.862645149230957e-09,0.48000001907348633,-0.3400000333786011,7.450577932388569e-10,0.48000001907348633,-0.3400000333786011,7.450577932388569e-10,0.48000001907348633,-0.46000003814697266,7.450580152834618e-10,0.48000001907348633,0.20000000298023224,3.725290298461914e-09,0.48000001907348633,0.3400000035762787,2.6822091214739885e-09,0.48000001907348633,0.3400000035762787,2.6822091214739885e-09,0.48000001907348633,0.46000000834465027,2.6822091214739885e-09,0.48000001907348633
148,-0.11999999731779099,0.0,0.09999999403953552,-0.11999999731779099,0.0,0.02698805183172226,-0.11999999731779099,0.0,0.20000000298023224,-0.11999999731779099,0.0,0.09999999403953552,0.11999999731779099,0.0,0.09999999403953552,0.11999999731779099,0.0,0.02698805183172226,0.11999999731779099,0.0,0.20000000298023224,0.11999999731779099,0.0,0.09999999403953552,0.0,0.0,0.375,0.0,0.0,0.550000011920929,-0.20000003278255463,-1.862645149230957e-09,0.48000001907348633,-0.3400000333786011,7.450577932388569e-10,0.48000001907348633,-0.3400000333786011,7.450577932388569e-10,0.48000001907348633,-0.46000003814697266,7.450580152834618e-10,0.48000001907348633,0.20000000298023224,3.725290298461914e-09,0.48000001907348633,0.3400000035762787,2.6822091214739885e-09,0.48000001907348633,0.3400000035762787,2.6822091214739885e-09,0.48000001907348633,0.46000000834465027,2.6822091214739885e-09,0.48000001907348633
149,-0.11999999731779099,0.0,0.09999999403953552,-0.11999999731779099,0.0,0.02698805183172226,-0.11999999731779099,0.0,0.20000000298023224,-0.11999999731779099,0.0,0.09999999403953552,0.11999999731779099,0.0,0.09999999403953552,0.11999999731779099,0.0,0.02698805183172226,0.11999999731779099,0.0,0.20000000298023224,0.11999999731779099,0.0,0.09999999403953552,0.0,0.0,0.375,0.0,0.0,0.550000011920929,-0.20000003278255463,-1.862645149230957e-09,0.48000001907348633,-0.3400000333786011,7.450577932388569e-10,0.48000001907348633,-0.3400000333786011,7.450577932388569e-10,0.48000001907348633,-0.46000003814697266,7.450580152834618e-10,0.48000001907348633,0.20000000298023224,3.725290298461914e-09,0.48000001907348633,0.3400000035762787,2.6822091214739885e-09,0.48000001907348633,0.3400000035762787,2.6822091214739885e-09,0.48000001907348633,0.46000000834465027,2.6822091214739885e-09,0.48000001907348633
150,-0.11999999731779099,0.0,0.09999999403953552,-0.11999999731779099,0.0,0.02698805183172226,-0.11999999731779099,0.0,0.20000000298023224,-0.11999999731779099,0.0,0.09999999403953552,0.11999999731779099,0.0,0.09999999403953552,0.11999999731779099,0.0,0.02698805183172226,0.11999999731779099,0.0,0.20000000298023224,0.11999999731779099,0.0,0.09999999403953552,0.0,0.0,0.375,0.0,0.0,0.550000011920929,-0.20000003278255463,-1.862645149230957e-09,0.48000001907348633,-0.3400000333786011,7.450577932388569e-10,0.48000001907348633,-0.3400000333786011,7.450577932388569e-10,0.48000001907348633,-0.46000003814697266,7.450580152834618e-10,0.48000001907348633,0.20000000298023224,3.725290298461914e-09,0.48000001907348633,0.3400000035762787,2.6822091214739885e-09,0.48000001907348633,0.3400000035762787,2.6822091214739885e-09,0.48000001907348633,0.46000000834465027,2.6822091214739885e-09,0.48000001907348633
151,-0.11999999731779099,0.0,0.09999999403953552,-0.11999999731779099,0.0,0.02698805183172226,-0.11999999731779099,0.0,0.20000000298023224,-0.11999999731779099,0.0,0.09999999403953552,0.11999999731779099,0.0,0.09999999403953552,0.11999999731779099,0.0,0.02698805183172226,0.11999999731779099,0.0,0.20000000298023224,0.11999999731779099,0.0,0.09999999403953552,0.0,0.0,0.375,0.0,0.0,0.550000011920929,-0.20000003278255463,-1.862645149230957e-09,0.48000001907348633,-0.3400000333786011,7.450577932388569e-10,0.48000001907348633,-0.3400000333786011,7.450577932388569e-10,0.48000001907348633,-0.46000003814697266,7.450580152834618e-10,0.48000001907348633,0.20000000298023224,3.725290298461914e-09,0.48000001907348633,0.3400000035762787,2.6822091214739885e-09,0.48000001907348633,0.3400000035762787,2.6822091214739885e-09,0.48000001907348633,0.46000000834465027,2.6822091214739885e-09,0.48000001907348633
152,-0.11999999731779099,0.0,0.09999999403953552,-0.11999999731779099,0.0,0.02698805183172226,-0.11999999731779099,0.0,0.20000000298023224,-0.11999999731779099,0.0,0.09999999403953552,0.11999999731779099,0.0,0.09999999403953552,0.11999999731779099,0.0,0.02698805183172226,0.11999999731779099,0.0,0.20000000298023224,0.11999999731779099,0.0,0.09999999403953552,0.0,0.0,0.375,0.0,0.0,0.550000011920929,-0.20000003278255463,-1.862645149230957e-09,0.48000001907348633,-0.3400000333786011,7.450577932388569e-10,0.48000001907348633,-0.3400000333786011,7.450577932388569e-10,0.48000001907348633,-0.46000003814697266,7.450580152834618e-10,0.48000001907348633,0.20000000298023224,3.725290298461914e-09,0.48000001907348633,0.3400000035762787,2.6822091214739885e-09,0.48000001907348633,0.3400000035762787,2.6822091214739885e-09,0.48000001907348633,0.46000000834465027,2.6822091214739885e-09,0.48000001907348633
153,-0.11999999731779099,0.0,0.09999999403953552,-0.11999999731779099,0.0,0.02698805183172226,-0.11999999731779099,0.0,0.20000000298023224,-0.11999999731779099,0.0,0.09999999403953552,0.11999999731779099,0.0,0.09999999403953552,0.11999999731779099,0.0,0.02698805183172226,0.11999999731779099,0.0,0.20000000298023224,0.11999999731779099,0.0,0.09999999403953552,0.0,0.0,0.375,0.0,0.0,0.550000011920929,-0.20000003278255463,-1.862645149230957e-09,0.48000001907348633,-0.3400000333786011,7.450577932388569e-10,0.48000001907348633,-0.3400000333786011,7.450577932388569e-10,0.48000001907348633,-0.46000003814697266,7.450580152834618e-10,0.48000001907348633,0.20000000298023224,3.725290298461914e-09,0.48000001907348633,0.3400000035762787,2.6822091214739885e-09,0.48000001907348633,0.3400000035762787,2.6822091214739885e-09,0.48000001907348633,0.46000000834465027,2.6822091214739885e-09,0.48000001907348633
154,-0.11999999731779099,0.0,0.09999999403953552,-0.11999999731779099,0.0,0.02698805183172226,-0.11999999731779099,0.0,0.20000000298023224,-0.11999999731779099,0.0,0.09999999403953552,0.11999999731779099,0.0,0.09999999403953552,0.11999999731779099,0.0,0.02698805183172226,0.11999999731779099,0.0,0.20000000298023224,0.11999999731779099,0.0,0.09999999403953552,0.0,0.0,0.375,0.0,0.0,0.550000011920929,-0.20000003278255463,-1.862645149230957e-09,0.48000001907348633,-0.3400000333786011,7.450577932388569e-10,0.48000001907348633,-0.3400000333786011,7.450577932388569e-10,0.48000001907348633,-0.46000003814697266,7.450580152834618e-10,0.48000001907348633,0.20000000298023224,3.725290298461914e-09,0.48000001907348633,0.3400000035762787,2.6822091214739885e-09,0.48000001907348633,0.3400000035762787,2.6822091214739885e-09,0.48000001907348633,0.46000000834465027,2.6822091214739885e-09,0.48000001907348633
155,-0.11999999731779099,0.0,0.09999999403953552,-0.11999999731779099,0.0,0.02698805183172226,-0.11999999731779099,0.0,0.20000000298023224,-0.11999999731779099,0.0,0.09999999403953552,0.11999999731779099,0.0,0.09999999403953552,0.11999999731779099,0.0,0.02698805183172226,0.11999999731779099,0.0,0.20000000298023224,0.11999999731779099,0.0,0.09999999403953552,0.0,0.0,0.375,0.0,0.0,0.550000011920929,-0.20000003278255463,-1.862645149230957e-09,0.48000001907348633,-0.3400000333786011,7.450577932388569e-10,0.48000001907348633,-0.3400000333786011,7.450577932388569e-10,0.48000001907348633,-0.46000003814697266,7.450580152834618e-10,0.48000001907348633,0.20000000298023224,3.725290298461914e-09,0.48000001907348633,0.3400000035762787,2.6822091214739885e-09,0.48000001907348633,0.3400000035762787,2.6822091214739885e-09,0.48000001907348633,0.46000000834465027,2.6822091214739885e-09,0.48000001907348633
156,-0.11999999731779099,0.0,0.09999999403953552,-0.11999999731779099,0.0,0.02698805183172226,-0.11999999731779099,0.0,0.20000000298023224,-0.11999999731779099,0.0,0.09999999403953552,0.11999999731779099,0.0,0.09999999403953552,0.11999999731779099,0.0,0.02698805183172226,0.11999999731779099,0.0,0.20000000298023224,0.11999999731779099,0.0,0.09999999403953552,0.0,0.0,0.375,0.0,0.0,0.550000011920929,-0.20000003278255463,-1.862645149230957e-09,0.48000001907348633,-0.3400000333786011,7.450577932388569e-10,0.48000001907348633,-0.3400000333786011,7.450577932388569e-10,0.48000001907348633,-0.46000003814697266,7.450580152834618e-10,0.48000001907348633,0.20000000298023224,3.725290298461914e-09,0.48000001907348633,0.3400000035762787,2.6822091214739885e-09,0.48000001907348633,0.3400000035762787,2.6822091214739885e-09,0.48000001907348633,0.46000000834465027,2.6822091214739885e-09,0.48000001907348633
157,-0.11999999731779099,0.0,0.09999999403953552,-0.11999999731779099,0.0,0.02698805183172226,-0.11999999731779099,0.0,0.20000000298023224,-0.11999999731779099,0.0,0.09999999403953552,0.11999999731779099,0.0,0.09999999403953552,0.11999999731779099,0.0,0.02698805183172226,0.11999999731779099,0.0,0.20000000298023224,0.11999999731779099,0.0,0.09999999403953552,0.0,0.0,0.375,0.0,0.0,0.550000011920929,-0.20000003278255463,-1.862645149230957e-09,0.48000001907348633,-0.3400000333786011,7.450577932388569e-10,0.48000001907348633,-0.3400000333786011,7.450577932388569e-10,0.48000001907348633,-0.46000003814697266,7.450580152834618e-10,0.48000001907348633,0.20000000298023224,3.725290298461914e-09,0.48000001907348633,0.3400000035762787,2.6822091214739885e-09,0.48000001907348633,0.3400000035762787,2.6822091214739885e-09,0.48000001907348633,0.46000000834465027,2.6822091214739885e-09,0.48000001907348633
158,-0.11999999731779099,0.0,0.09999999403953552,-0.11999999731779099,0.0,0.02698805183172226,-0.11999999731779099,0.0,0.20000000298023224,-0.11999999731779099,0.0,0.09999999403953552,0.11999999731779099,0.0,0.09999999403953552,0.11999999731779099,0.0,0.02698805183172226,0.11999999731779099,0.0,0.20000000298023224,0.11999999731779099,0.0,0.09999999403953552,0.0,0.0,0.375,0.0,0.0,0.550000011920929,-0.20000003278255463,-1.862645149230957e-09,0.48000001907348633,-0.3400000333786011,7.450577932388569e-10,0.48000001907348633,-0.3400000333786011,7.450577932388569e-10,0.48000001907348633,-0.46000003814697266,7.450580152834618e-10,0.48000001907348633,0.20000000298023224,3.725290298461914e-09,0.48000001907348633,0.3400000035762787,2.6822091214739885e-09,0.48000001907348633,0.3400000035762787,2.6822091214739885e-09,0.48000001907348633,0.46000000834465027,2.6822091214739885e-09,0.48000001907348633
159,-0.11999999731779099,0.0,0.09999999403953552,-0.11999999731779099,0.0,0.02698805183172226,-0.11999999731779099,0.0,0.20000000298023224,-0.11999999731779099,0.0,0.09999999403953552,0.11999999731779099,0.0,0.09999999403953552,0.11999999731779099,0.0,0.02698805183172226,0.11999999731779099,0.0,0.20000000298023224,0.11999999731779099,0.0,0.09999999403953552,0.0,0.0,0.375,0.0,0.0,0.550000011920929,-0.20000003278255463,-1.862645149230957e-09,0.48000001907348633,-0.3400000333786011,7.450577932388569e-10,0.48000001907348633,-0.3400000333786011,7.450577932388569e-10,0.48000001907348633,-0.46000003814697266,7.450580152834618e-10,0.48000001907348633,0.20000000298023224,3.725290298461914e-09,0.48000001907348633,0.3400000035762787,2.6822091214739885e-09,0.48000001907348633,0.3400000035762787,2.6822091214739885e-09,0.48000001907348633,0.46000000834465027,2.6822091214739885e-09,0.48000001907348633
160,-0.11999999731779099,0.0,0.09999999403953552,-0.11999999731779099,0.0,0.02698805183172226,-0.11999999731779099,0.0,0.20000000298023224,-0.11999999731779099,0.0,0.09999999403953552,0.11999999731779099,0.0,0.09999999403953552,0.11999999731779099,0.0,0.02698805183172226,0.11999999731779099,0.0,0.20000000298023224,0.11999999731779099,0.0,0.09999999403953552,0.0,0.0,0.375,0.0,0.0,0.550000011920929,-0.20000003278255463,-1.862645149230957e-09,0.48000001907348633,-0.3400000333786011,7.450577932388569e-10,0.48000001907348633,-0.3400000333786011,7.450577932388569e-10,0.48000001907348633,-0.46000003814697266,7.450580152834618e-10,0.48000001907348633,0.20000000298023224,3.725290298461914e-09,0.48000001907348633,0.3400000035762787,2.6822091214739885e-09,0.48000001907348633,0.3400000035762787,2.6822091214739885e-09,0.48000001907348633,0.46000000834465027,2.6822091214739885e-09,0.48000001907348633
161,-0.11999999731779099,0.0,0.09999999403953552,-0.11999999731779099,0.0,0.02698805183172226,-0.11999999731779099,0.0,0.20000000298023224,-0.11999999731779099,0.0,0.09999999403953552,0.11999999731779099,0.0,0.09999999403953552,0.11999999731779099,0.0,0.02698805183172226,0.11999999731779099,0.0,0.20000000298023224,0.11999999731779099,0.0,0.09999999403953552,0.0,0.0,0.375,0.0,0.0,0.550000011920929,-0.20000003278255463,-1.862645149230957e-09,0.48000001907348633,-0.3400000333786011,7.450577932388569e-10,0.48000001907348633,-0.3400000333786011,7.450577932388569e-10,0.48000001907348633,-0.46000003814697266,7.450580152834618e-10,0.48000001907348633,0.20000000298023224,3.725290298461914e-09,0.48000001907348633,0.3400000035762787,2.6822091214739885e-09,0.48000001907348633,0.3400000035762787,2.6822091214739885e-09,0.48000001907348633,0.46000000834465027,2.6822091214739885e-09,0.48000001907348633
162,-0.11999999731779099,0.0,0.09999999403953552,-0.11999999731779099,0.0,0.02698805183172226,-0.11999999731779099,0.0,0.20000000298023224,-0.11999999731779099,0.0,0.09999999403953552,0.11999999731779099,0.0,0.09999999403953552,0.11999999731779099,0.0,0.02698805183172226,0.11999999731779099,0.0,0.20000000298023224,0.11999999731779099,0.0,0.09999999403953552,0.0,0.0,0.375,0.0,0.0,0.550000011920929,-0.20000003278255463,-1.862645149230957e-09,0.48000001907348633,-0.3400000333786011,7.450577932388569e-10,0.48000001907348633,-0.3400000333786011,7.450577932388569e-10,0.48000001907348633,-0.46000003814697266,7.450580152834618e-10,0.48000001907348633,0.20000000298023224,3.725290298461914e-09,0.48000001907348633,0.3400000035762787,2.6822091214739885e-09,0.48000001907348633,0.3400000035762787,2.6822091214739885e-09,0.48000001907348633,0.46000000834465027,2.6822091214739885e-09,0.48000001907348633
163,-0.11999999731779099,0.0,0.09999999403953552,-0.11999999731779099,0.0,0.02698805183172226,-0.11999999731779099,0.0,0.20000000298023224,-0.11999999731779099,0.0,0.09999999403953552,0.11999999731779099,0.0,0.09999999403953552,0.11999999731779099,0.0,0.02698805183172226,0.11999999731779099,0.0,0.20000000298023224,0.11999999731779099,0.0,0.09999999403953552,0.0,0.0,0.375,0.0,0.0,0.550000011920929,-0.20000003278255463,-1.862645149230957e-09,0.48000001907348633,-0.3400000333786011,7.450577932388569e-10,0.48000001907348633,-0.3400000333786011,7.450577932388569e-10,0.48000001907348633,-0.46000003814697266,7.450580152834618e-10,0.48000001907348633,0.20000000298023224,3.725290298461914e-09,0.48000001907348633,0.3400000035762787,2.6822091214739885e-09,0.48000001907348633,0.3400000035762787,2.6822091214739885e-09,0.48000001907348633,0.46000000834465027,2.6822091214739885e-09,0.48000001907348633
164,-0.11999999731779099,0.0,0.09999999403953552,-0.11999999731779099,0.0,0.02698805183172226,-0.11999999731779099,0.0,0.20000000298023224,-0.11999999731779099,0.0,0.09999999403953552,0.11999999731779099,0.0,0.09999999403953552,0.11999999731779099,0.0,0.02698805183172226,0.11999999731779099,0.0,0.20000000298023224,0.11999999731779099,0.0,0.09999999403953552,0.0,0.0,0.375,0.0,0.0,0.550000011920929,-0.20000003278255463,-1.862645149230957e-09,0.48000001907348633,-0.3400000333786011,7.450577932388569e-10,0.48000001907348633,-0.3400000333786011,7.450577932388569e-10,0.48000001907348633,-0.46000003814697266,7.450580152834618e-10,0.48000001907348633,0.20000000298023224,3.725290298461914e-09,0.48000001907348633,0.3400000035762787,2.6822091214739885e-09,0.48000001907348633,0.3400000035762787,2.6822091214739885e-09,0.48000001907348633,0.46000000834465027,2.6822091214739885e-09,0.48000001907348633
165,-0.11999999731779099,0.0,0.09999999403953552,-0.11999999731779099,0.0,0.02698805183172226,-0.11999999731779099,0.0,0.20000000298023224,-0.11999999731779099,0.0,0.09999999403953552,0.11999999731779099,0.0,0.09999999403953552,0.11999999731779099,0.0,0.02698805183172226,0.11999999731779099,0.0,0.20000000298023224,0.11999999731779099,0.0,0.09999999403953552,0.0,0.0,0.375,0.0,0.0,0.550000011920929,-0.20000003278255463,-1.862645149230957e-09,0.48000001907348633,-0.3400000333786011,7.450577932388569e-10,0.48000001907348633,-0.3400000333786011,7.450577932388569e-10,0.48000001907348633,-0.46000003814697266,7.450580152834618e-10,0.48000001907348633,0.20000000298023224,3.725290298461914e-09,0.48000001907348633,0.3400000035762787,2.6822091214739885e-09,0.48000001907348633,0.3400000035762787,2.6822091214739885e-09,0.48000001907348633,0.46000000834465027,2.6822091214739885e-09,0.48000001907348633
166,-0.11999999731779099,0.0,0.09999999403953552,-0.11999999731779099,0.0,0.02698805183172226,-0.11999999731779099,0.0,0.20000000298023224,-0.11999999731779099,0.0,0.09999999403953552,0.11999999731779099,0.0,0.09999999403953552,0.11999999731779099,0.0,0.02698805183172226,0.11999999731779099,0.0,0.20000000298023224,0.11999999731779099,0.0,0.09999999403953552,0.0,0.0,0.375,0.0,0.0,0.550000011920929,-0.20000003278255463,-1.862645149230957e-09,0.48000001907348633,-0.3400000333786011,7.450577932388569e-10,0.48000001907348633,-0.3400000333786011,7.450577932388569e-10,0.48000001907348633,-0.46000003814697266,7.450580152834618e-10,0.48000001907348633,0.20000000298023224,3.725290298461914e-09,0.48000001907348633,0.3400000035762787,2.6822091214739885e-09,0.48000001907348633,0.3400000035762787,2.6822091214739885e-09,0.48000001907348633,0.46000000834465027,2.6822091214739885e-09,0.48000001907348633
167,-0.11999999731779099,0.0,0.09999999403953552,-0.11999999731779099,0.0,0.02698805183172226,-0.11999999731779099,0.0,0.20000000298023224,-0.11999999731779099,0.0,0.09999999403953552,0.11999999731779099,0.0,0.09999999403953552,0.11999999731779099,0.0,0.02698805183172226,0.11999999731779099,0.0,0.20000000298023224,0.11999999731779099,0.0,0.09999999403953552,0.0,0.0,0.375,0.0,0.0,0.550000011920929,-0.20000003278255463,-1.862645149230957e-09,0.48000001907348633,-0.3400000333786011,7.450577932388569e-10,0.48000001907348633,-0.3400000333786011,7.450577932388569e-10,0.48000001907348633,-0.46000003814697266,7.450580152834618e-10,0.48000001907348633,0.20000000298023224,3.725290298461914e-09,0.48000001907348633,0.3400000035762787,2.6822091214739885e-09,0.48000001907348633,0.3400000035762787,2.6822091214739885e-09,0.48000001907348633,0.46000000834465027,2.6822091214739885e-09,0.48000001907348633
168,-0.11999999731779099,0.0,0.09999999403953552,-0.11999999731779099,0.0,0.02698805183172226,-0.11999999731779099,0.0,0.20000000298023224,-0.11999999731779099,0.0,0.09999999403953552,0.11999999731779099,0.0,0.09999999403953552,0.11999999731779099,0.0,0.02698805183172226,0.11999999731779099,0.0,0.20000000298023224,0.11999999731779099,0.0,0.09999999403953552,0.0,0.0,0.375,0.0,0.0,0.550000011920929,-0.20000003278255463,-1.862645149230957e-09,0.48000001907348633,-0.3400000333786011,7.450577932388569e-10,0.48000001907348633,-0.3400000333786011,7.450577932388569e-10,0.48000001907348633,-0.46000003814697266,7.450580152834618e-10,0.48000001907348633,0.20000000298023224,3.725290298461914e-09,0.48000001907348633,0.3400000035762787,2.6822091214739885e-09,0.48000001907348633,0.3400000035762787,2.6822091214739885e-09,0.48000001907348633,0.46000000834465027,2.6822091214739885e-09,0.48000001907348633
169,-0.11999999731779099,0.0,0.09999999403953552,-0.11999999731779099,0.0,0.02698805183172226,-0.11999999731779099,0.0,0.20000000298023224,-0.11999999731779099,0.0,0.09999999403953552,0.11999999731779099,0.0,0.09999999403953552,0.11999999731779099,0.0,0.02698805183172226,0.11999999731779099,0.0,0.20000000298023224,0.11999999731779099,0.0,0.09999999403953552,0.0,0.0,0.375,0.0,0.0,0.550000011920929,-0.20000003278255463,-1.862645149230957e-09,0.48000001907348633,-0.3400000333786011,7.450577932388569e-10,0.48000001907348633,-0.3400000333786011,7.450577932388569e-10,0.48000001907348633,-0.46000003814697266,7.450580152834618e-10,0.48000001907348633,0.20000000298023224,3.725290298461914e-09,0.48000001907348633,0.3400000035762787,2.6822091214739885e-09,0.48000001907348633,0.3400000035762787,2.6822091214739885e-09,0.48000001907348633,0.46000000834465027,2.6822091214739885e-09,0.48000001907348633
170,-0.11999999731779099,0.0,0.09999999403953552,-0.11999999731779099,0.0,0.02698805183172226,-0.11999999731779099,0.0,0.20000000298023224,-0.11999999731779099,0.0,0.09999999403953552,0.11999999731779099,0.0,0.09999999403953552,0.11999999731779099,0.0,0.02698805183172226,0.11999999731779099,0.0,0.20000000298023224,0.11999999731779099,0.0,0.09999999403953552,0.0,0.0,0.375,0.0,0.0,0.550000011920929,-0.20000003278255463,-1.862645149230957e-09,0.48000001907348633,-0.3400000333786011,7.450577932388569e-10,0.48000001907348633,-0.3400000333786011,7.450577932388569e-10,0.48000001907348633,-0.46000003814697266,7.450580152834618e-10,0.48000001907348633,0.20000000298023224,3.725290298461914e-09,0.48000001907348633,0.3400000035762787,2.6822091214739885e-09,0.48000001907348633,0.3400000035762787,2.6822091214739885e-09,0.48000001907348633,0.46000000834465027,2.6822091214739885e-09,0.48000001907348633
171,-0.11999999731779099,0.0,0.09999999403953552,-0.11999999731779099,0.0,0.02698805183172226,-0.11999999731779099,0.0,0.20000000298023224,-0.11999999731779099,0.0,0.09999999403953552,0.11999999731779099,0.0,0.09999999403953552,0.11999999731779099,0.0,0.02698805183172226,0.11999999731779099,0.0,0.20000000298023224,0.11999999731779099,0.0,0.09999999403953552,0.0,0.0,0.375,0.0,0.0,0.550000011920929,-0.20000003278255463,-1.862645149230957e-09,0.48000001907348633,-0.3400000333786011,7.450577932388569e-10,0.48000001907348633,-0.3400000333786011,7.450577932388569e-10,0.48000001907348633,-0.46000003814697266,7.450580152834618e-10,0.48000001907348633,0.20000000298023224,3.725290298461914e-09,0.48000001907348633,0.3400000035762787,2.6822091214739885e-09,0.48000001907348633,0.3400000035762787,2.6822091214739885e-09,0.48000001907348633,0.46000000834465027,2.6822091214739885e-09,0.48000001907348633
172,-0.11999999731779099,0.0,0.09999999403953552,-0.11999999731779099,0.0,0.02698805183172226,-0.11999999731779099,0.0,0.20000000298023224,-0.11999999731779099,0.0,0.09999999403953552,0.11999999731779099,0.0,0.09999999403953552,0.11999999731779099,0.0,0.02698805183172226,0.11999999731779099,0.0,0.20000000298023224,0.11999999731779099,0.0,0.09999999403953552,0.0,0.0,0.375,0.0,0.0,0.550000011920929,-0.20000003278255463,-1.862645149230957e-09,0.48000001907348633,-0.3400000333786011,7.450577932388569e-10,0.48000001907348633,-0.3400000333786011,7.450577932388569e-10,0.48000001907348633,-0.46000003814697266,7.450580152834618e-10,0.48000001907348633,0.20000000298023224,3.725290298461914e-09,0.48000001907348633,0.3400000035762787,2.6822091214739885e-09,0.48000001907348633,0.3400000035762787,2.6822091214739885e-09,0.48000001907348633,0.46000000834465027,2.6822091214739885e-09,0.48000001907348633
173,-0.11999999731779099,0.0,0.09999999403953552,-0.11999999731779099,0.0,0.02698805183172226,-0.11999999731779099,0.0,0.20000000298023224,-0.11999999731779099,0.0,0.09999999403953552,0.11999999731779099,0.0,0.09999999403953552,0.11999999731779099,0.0,0.02698805183172226,0.11999999731779099,0.0,0.20000000298023224,0.11999999731779099,0.0,0.09999999403953552,0.0,0.0,0.375,0.0,0.0,0.550000011920929,-0.20000003278255463,-1.862645149230957e-09,0.48000001907348633,-0.3400000333786011,7.450577932388569e-10,0.48000001907348633,-0.3400000333786011,7.450577932388569e-10,0.48000001907348633,-0.46000003814697266,7.450580152834618e-10,0.48000001907348633,0.20000000298023224,3.725290298461914e-09,0.48000001907348633,0.3400000035762787,2.6822091214739885e-09,0.48000001907348633,0.3400000035762787,2.6822091214739885e-09,0.48000001907348633,0.46000000834465027,2.6822091214739885e-09,0.48000001907348633
174,-0.11999999731779099,0.0,0.09999999403953552,-0.11999999731779099,0.0,0.02698805183172226,-0.11999999731779099,0.0,0.20000000298023224,-0.11999999731779099,0.0,0.09999999403953552,0.11999999731779099,0.0,0.09999999403953552,0.11999999731779099,0.0,0.02698805183172226,0.11999999731779099,0.0,0.20000000298023224,0.11999999731779099,0.0,0.09999999403953552,0.0,0.0,0.375,0.0,0.0,0.550000011920929,-0.20000003278255463,-1.862645149230957e-09,0.48000001907348633,-0.3400000333786011,7.450577932388569e-10,0.48000001907348633,-0.3400000333786011,7.450577932388569e-10,0.48000001907348633,-0.46000003814697266,7.450580152834618e-10,0.48000001907348633,0.20000000298023224,3.725290298461914e-09,0.48000001907348633,0.3400000035762787,2.6822091214739885e-09,0.48000001907348633,0.3400000035762787,2.6822091214739885e-09,0.48000001907348633,0.46000000834465027,2.6822091214739885e-09,0.48000001907348633
175,-0.11999999731779099,0.0,0.09999999403953552,-0.11999999731779099,0.0,0.02698805183172226,-0.11999999731779099,0.0,0.20000000298023224,-0.11999999731779099,0.0,0.09999999403953552,0.11999999731779099,0.0,0.09999999403953552,0.11999999731779099,0.0,0.02698805183172226,0.11999999731779099,0.0,0.20000000298023224,0.11999999731779099,0.0,0.09999999403953552,0.0,0.0,0.375,0.0,0.0,0.550000011920929,-0.20000003278255463,-1.862645149230957e-09,0.48000001907348633,-0.3400000333786011,7.450577932388569e-10,0.48000001907348633,-0.3400000333786011,7.450577932388569e-10,0.48000001907348633,-0.46000003814697266,7.450580152834618e-10,0.48000001907348633,0.20000000298023224,3.725290298461914e-09,0.48000001907348633,0.3400000035762787,2.6822091214739885e-09,0.48000001907348633,0.3400000035762787,2.6822091214739885e-09,0.48000001907348633,0.46000000834465027,2.6822091214739885e-09,0.48000001907348633
176,-0.11999999731779099,0.0,0.09999999403953552,-0.11999999731779099,0.0,0.02698805183172226,-0.11999999731779099,0.0,0.20000000298023224,-0.11999999731779099,0.0,0.09999999403953552,0.11999999731779099,0.0,0.09999999403953552,0.11999999731779099,0.0,0.02698805183172226,0.11999999731779099,0.0,0.20000000298023224,0.11999999731779099,0.0,0.09999999403953552,0.0,0.0,0.375,0.0,0.0,0.550000011920929,-0.20000003278255463,-1.862645149230957e-09,0.48000001907348633,-0.3400000333786011,7.450577932388569e-10,0.48000001907348633,-0.3400000333786011,7.450577932388569e-10,0.48000001907348633,-0.46000003814697266,7.450580152834618e-10,0.48000001907348633,0.20000000298023224,3.725290298461914e-09,0.48000001907348633,0.3400000035762787,2.6822091214739885e-09,0.48000001907348633,0.3400000035762787,2.6822091214739885e-09,0.48000001907348633,0.46000000834465027,2.6822091214739885e-09,0.48000001907348633
177,-0.11999999731779099,0.0,0.09999999403953552,-0.11999999731779099,0.0,0.02698805183172226,-0.11999999731779099,0.0,0.20000000298023224,-0.11999999731779099,0.0,0.09999999403953552,0.11999999731779099,0.0,0.09999999403953552,0.11999999731779099,0.0,0.02698805183172226,0.11999999731779099,0.0,0.20000000298023224,0.11999999731779099,0.0,0.09999999403953552,0.0,0.0,0.375,0.0,0.0,0.550000011920929,-0.20000003278255463,-1.862645149230957e-09,0.48000001907348633,-0.3400000333786011,7.450577932388569e-10,0.48000001907348633,-0.3400000333786011,7.450577932388569e-10,0.48000001907348633,-0.46000003814697266,7.450580152834618e-10,0.48000001907348633,0.20000000298023224,3.725290298461914e-09,0.48000001907348633,0.3400000035762787,2.6822091214739885e-09,0.48000001907348633,0.3400000035762787,2.6822091214739885e-09,0.48000001907348633,0.46000000834465027,2.6822091214739885e-09,0.48000001907348633
178,-0.11999999731779099,0.0,0.09999999403953552,-0.11999999731779099,0.0,0.02698805183172226,-0.11999999731779099,0.0,0.20000000298023224,-0.11999999731779099,0.0,0.09999999403953552,0.11999999731779099,0.0,0.09999999403953552,0.11999999731779099,0.0,0.02698805183172226,0.11999999731779099,0.0,0.20000000298023224,0.11999999731779099,0.0,0.09999999403953552,0.0,0.0,0.375,0.0,0.0,0.550000011920929,-0.20000003278255463,-1.862645149230957e-09,0.48000001907348633,-0.3400000333786011,7.450577932388569e-10,0.48000001907348633,-0.3400000333786011,7.450577932388569e-10,0.48000001907348633,-0.46000003814697266,7.450580152834618e-10,0.48000001907348633,0.20000000298023224,3.725290298461914e-09,0.48000001907348633,0.3400000035762787,2.6822091214739885e-09,0.48000001907348633,0.3400000035762787,2.6822091214739885e-09,0.48000001907348633,0.46000000834465027,2.6822091214739885e-09,0.48000001907348633
179,-0.11999999731779099,0.0,0.09999999403953552,-0.11999999731779099,0.0,0.02698805183172226,-0.11999999731779099,0.0,0.20000000298023224,-0.11999999731779099,0.0,0.09999999403953552,0.11999999731779099,0.0,0.09999999403953552,0.11999999731779099,0.0,0.02698805183172226,0.11999999731779099,0.0,0.20000000298023224,0.11999999731779099,0.0,0.09999999403953552,0.0,0.0,0.375,0.0,0.0,0.550000011920929,-0.20000003278255463,-1.862645149230957e-09,0.48000001907348633,-0.3400000333786011,7.450577932388569e-10,0.48000001907348633,-0.3400000333786011,7.450577932388569e-10,0.48000001907348633,-0.46000003814697266,7.450580152834618e-10,0.48000001907348633,0.20000000298023224,3.725290298461914e-09,0.48000001907348633,0.3400000035762787,2.6822091214739885e-09,0.48000001907348633,0.3400000035762787,2.6822091214739885e-09,0.48000001907348633,0.46000000834465027,2.6822091214739885e-09,0.48000001907348633
180,-0.11999999731779099,0.0,0.09999999403953552,-0.11999999731779099,0.0,0.02698805183172226,-0.11999999731779099,0.0,0.20000000298023224,-0.11999999731779099,0.0,0.09999999403953552,0.11999999731779099,0.0,0.09999999403953552,0.11999999731779099,0.0,0.02698805183172226,0.11999999731779099,0.0,0.20000000298023224,0.11999999731779099,0.0,0.09999999403953552,0.0,0.0,0.375,0.0,0.0,0.550000011920929,-0.20000003278255463,-1.862645149230957e-09,0.48000001907348633,-0.3400000333786011,7.450577932388569e-10,0.48000001907348633,-0.3400000333786011,7.450577932388569e-10,0.48000001907348633,-0.46000003814697266,7.450580152834618e-10,0.48000001907348633,0.20000000298023224,3.725290298461914e-09,0.48000001907348633,0.3400000035762787,2.6822091214739885e-09,0.48000001907348633,0.3400000035762787,2.6822091214739885e-09,0.48000001907348633,0.46000000834465027,2.6822091214739885e-09,0.48000001907348633
181,-0.11999999731779099,0.0,0.09999999403953552,-0.11999999731779099,0.0,0.02698805183172226,-0.11999999731779099,0.0,0.20000000298023224,-0.11999999731779099,0.0,0.09999999403953552,0.11999999731779099,0.0,0.09999999403953552,0.11999999731779099,0.0,0.02698805183172226,0.11999999731779099,0.0,0.20000000298023224,0.11999999731779099,0.0,0.09999999403953552,0.0,0.0,0.375,0.0,0.0,0.550000011920929,-0.20000003278255463,-1.862645149230957e-09,0.48000001907348633,-0.3400000333786011,7.450577932388569e-10,0.48000001907348633,-0.3400000333786011,7.450577932388569e-10,0.48000001907348633,-0.46000003814697266,7.450580152834618e-10,0.48000001907348633,0.20000000298023224,3.725290298461914e-09,0.48000001907348633,0.3400000035762787,2.6822091214739885e-09,0.48000001907348633,0.3400000035762787,2.6822091214739885e-09,0.48000001907348633,0.46000000834465027,2.6822091214739885e-09,0.48000001907348633
182,-0.11999999731779099,0.0,0.09999999403953552,-0.11999999731779099,0.0,0.02698805183172226,-0.11999999731779099,0.0,0.20000000298023224,-0.11999999731779099,0.0,0.09999999403953552,0.11999999731779099,0.0,0.09999999403953552,0.11999999731779099,0.0,0.02698805183172226,0.11999999731779099,0.0,0.20000000298023224,0.11999999731779099,0.0,0.09999999403953552,0.0,0.0,0.375,0.0,0.0,0.550000011920929,-0.20000003278255463,-1.862645149230957e-09,0.48000001907348633,-0.3400000333786011,7.450577932388569e-10,0.48000001907348633,-0.3400000333786011,7.450577932388569e-10,0.48000001907348633,-0.46000003814697266,7.450580152834618e-10,0.48000001907348633,0.20000000298023224,3.725290298461914e-09,0.48000001907348633,0.3400000035762787,2.6822091214739885e-09,0.48000001907348633,0.3400000035762787,2.6822091214739885e-09,0.48000001907348633,0.46000000834465027,2.6822091214739885e-09,0.48000001907348633
183,-0.11999999731779099,0.0,0.09999999403953552,-0.11999999731779099,0.0,0.02698805183172226,-0.11999999731779099,0.0,0.20000000298023224,-0.11999999731779099,0.0,0.09999999403953552,0.11999999731779099,0.0,0.09999999403953552,0.11999999731779099,0.0,0.02698805183172226,0.11999999731779099,0.0,0.20000000298023224,0.11999999731779099,0.0,0.09999999403953552,0.0,0.0,0.375,0.0,0.0,0.550000011920929,-0.20000003278255463,-1.862645149230957e-09,0.48000001907348633,-0.3400000333786011,7.450577932388569e-10,0.48000001907348633,-0.3400000333786011,7.450577932388569e-10,0.48000001907348633,-0.46000003814697266,7.450580152834618e-10,0.48000001907348633,0.20000000298023224,3.725290298461914e-09,0.48000001907348633,0.3400000035762787,2.6822091214739885e-09,0.48000001907348633,0.3400000035762787,2.6822091214739885e-09,0.48000001907348633,0.46000000834465027,2.6822091214739885e-09,0.48000001907348633
184,-0.11999999731779099,0.0,0.09999999403953552,-0.11999999731779099,0.0,0.02698805183172226,-0.11999999731779099,0.0,0.20000000298023224,-0.11999999731779099,0.0,0.09999999403953552,0.11999999731779099,0.0,0.09999999403953552,0.11999999731779099,0.0,0.02698805183172226,0.11999999731779099,0.0,0.20000000298023224,0.11999999731779099,0.0,0.09999999403953552,0.0,0.0,0.375,0.0,0.0,0.550000011920929,-0.20000003278255463,-1.862645149230957e-09,0.48000001907348633,-0.3400000333786011,7.450577932388569e-10,0.48000001907348633,-0.3400000333786011,7.450577932388569e-10,0.48000001907348633,-0.46000003814697266,7.450580152834618e-10,0.48000001907348633,0.20000000298023224,3.725290298461914e-09,0.48000001907348633,0.3400000035762787,2.6822091214739885e-09,0.48000001907348633,0.3400000035762787,2.6822091214739885e-09,0.48000001907348633,0.46000000834465027,2.6822091214739885e-09,0.48000001907348633
185,-0.11999999731779099,0.0,0.09999999403953552,-0.11999999731779099,0.0,0.02698805183172226,-0.11999999731779099,0.0,0.20000000298023224,-0.11999999731779099,0.0,0.09999999403953552,0.11999999731779099,0.0,0.09999999403953552,0.11999999731779099,0.0,0.02698805183172226,0.11999999731779099,0.0,0.20000000298023224,0.11999999731779099,0.0,0.09999999403953552,0.0,0.0,0.375,0.0,0.0,0.550000011920929,-0.20000003278255463,-1.862645149230957e-09,0.48000001907348633,-0.3400000333786011,7.450577932388569e-10,0.48000001907348633,-0.3400000333786011,7.450577932388569e-10,0.48000001907348633,-0.46000003814697266,7.450580152834618e-10,0.48000001907348633,0.20000000298023224,3.725290298461914e-09,0.48000001907348633,0.3400000035762787,2.6822091214739885e-09,0.48000001907348633,0.3400000035762787,2.6822091214739885e-09,0.48000001907348633,0.46000000834465027,2.6822091214739885e-09,0.48000001907348633
186,-0.11999999731779099,0.0,0.09999999403953552,-0.11999999731779099,0.0,0.02698805183172226,-0.11999999731779099,0.0,0.20000000298023224,-0.11999999731779099,0.0,0.09999999403953552,0.11999999731779099,0.0,0.09999999403953552,0.11999999731779099,0.0,0.02698805183172226,0.11999999731779099,0.0,0.20000000298023224,0.11999999731779099,0.0,0.09999999403953552,0.0,0.0,0.375,0.0,0.0,0.550000011920929,-0.20000003278255463,-1.862645149230957e-09,0.48000001907348633,-0.3400000333786011,7.450577932388569e-10,0.48000001907348633,-0.3400000333786011,7.450577932388569e-10,0.48000001907348633,-0.46000003814697266,7.450580152834618e-10,0.48000001907348633,0.20000000298023224,3.725290298461914e-09,0.48000001907348633,0.3400000035762787,2.6822091214739885e-09,0.48000001907348633,0.3400000035762787,2.6822091214739885e-09,0.48000001907348633,0.46000000834465027,2.6822091214739885e-09,0.48000001907348633
187,-0.11999999731779099,0.0,0.09999999403953552,-0.11999999731779099,0.0,0.02698805183172226,-0.11999999731779099,0.0,0.20000000298023224,-0.11999999731779099,0.0,0.09999999403953552,0.11999999731779099,0.0,0.09999999403953552,0.11999999731779099,0.0,0.02698805183172226,0.11999999731779099,0.0,0.20000000298023224,0.11999999731779099,0.0,0.09999999403953552,0.0,0.0,0.375,0.0,0.0,0.550000011920929,-0.20000003278255463,-1.862645149230957e-09,0.48000001907348633,-0.3400000333786011,7.450577932388569e-10,0.48000001907348633,-0.3400000333786011,7.450577932388569e-10,0.48000001907348633,-0.46000003814697266,7.450580152834618e-10,0.48000001907348633,0.20000000298023224,3.725290298461914e-09,0.48000001907348633,0.3400000035762787,2.6822091214739885e-09,0.48000001907348633,0.3400000035762787,2.6822091214739885e-09,0.48000001907348633,0.46000000834465027,2.6822091214739885e-09,0.48000001907348633
188,-0.11999999731779099,0.0,0.09999999403953552,-0.11999999731779099,0.0,0.02698805183172226,-0.11999999731779099,0.0,0.20000000298023224,-0.11999999731779099,0.0,0.09999999403953552,0.11999999731779099,0.0,0.09999999403953552,0.11999999731779099,0.0,0.02698805183172226,0.11999999731779099,0.0,0.20000000298023224,0.11999999731779099,0.0,0.09999999403953552,0.0,0.0,0.375,0.0,0.0,0.550000011920929,-0.20000003278255463,-1.862645149230957e-09,0.48000001907348633,-0.3400000333786011,7.450577932388569e-10,0.48000001907348633,-0.3400000333786011,7.450577932388569e-10,0.48000001907348633,-0.46000003814697266,7.450580152834618e-10,0.48000001907348633,0.20000000298023224,3.725290298461914e-09,0.48000001907348633,0.3400000035762787,2.6822091214739885e-09,0.48000001907348633,0.3400000035762787,2.6822091214739885e-09,0.48000001907348633,0.46000000834465027,2.6822091214739885e-09,0.48000001907348633
189,-0.11999999731779099,0.0,0.09999999403953552,-0.11999999731779099,0.0,0.02698805183172226,-0.11999999731779099,0.0,0.20000000298023224,-0.11999999731779099,0.0,0.09999999403953552,0.11999999731779099,0.0,0.09999999403953552,0.11999999731779099,0.0,0.02698805183172226,0.11999999731779099,0.0,0.20000000298023224,0.11999999731779099,0.0,0.09999999403953552,0.0,0.0,0.375,0.0,0.0,0.550000011920929,-0.20000003278255463,-1.862645149230957e-09,0.48000001907348633,-0.3400000333786011,7.450577932388569e-10,0.48000001907348633,-0.3400000333786011,7.450577932388569e-10,0.48000001907348633,-0.46000003814697266,7.450580152834618e-10,0.48000001907348633,0.20000000298023224,3.725290298461914e-09,0.48000001907348633,0.3400000035762787,2.6822091214739885e-09,0.48000001907348633,0.3400000035762787,2.6822091214739885e-09,0.48000001907348633,0.46000000834465027,2.6822091214739885e-09,0.48000001907348633
190,-0.11999999731779099,0.0,0.09999999403953552,-0.11999999731779099,0.0,0.02698805183172226,-0.11999999731779099,0.0,0.20000000298023224,-0.11999999731779099,0.0,0.09999999403953552,0.11999999731779099,0.0,0.09999999403953552,0.11999999731779099,0.0,0.02698805183172226,0.11999999731779099,0.0,0.20000000298023224,0.11999999731779099,0.0,0.09999999403953552,0.0,0.0,0.375,0.0,0.0,0.550000011920929,-0.20000003278255463,-1.862645149230957e-09,0.48000001907348633,-0.3400000333786011,7.450577932388569e-10,0.48000001907348633,-0.3400000333786011,7.450577932388569e-10,0.48000001907348633,-0.46000003814697266,7.450580152834618e-10,0.48000001907348633,0.20000000298023224,3.725290298461914e-09,0.48000001907348633,0.3400000035762787,2.6822091214739885e-09,0.48000001907348633,0.3400000035762787,2.6822091214739885e-09,0.48000001907348633,0.46000000834465027,2.6822091214739885e-09,0.48000001907348633
191,-0.11999999731779099,0.0,0.09999999403953552,-0.11999999731779099,0.0,0.02698805183172226,-0.11999999731779099,0.0,0.20000000298023224,-0.11999999731779099,0.0,0.09999999403953552,0.11999999731779099,0.0,0.09999999403953552,0.11999999731779099,0.0,0.02698805183172226,0.11999999731779099,0.0,0.20000000298023224,0.11999999731779099,0.0,0.09999999403953552,0.0,0.0,0.375,0.0,0.0,0.550000011920929,-0.20000003278255463,-1.862645149230957e-09,0.48000001907348633,-0.3400000333786011,7.450577932388569e-10,0.48000001907348633,-0.3400000333786011,7.450577932388569e-10,0.48000001907348633,-0.46000003814697266,7.450580152834618e-10,0.48000001907348633,0.20000000298023224,3.725290298461914e-09,0.48000001907348633,0.3400000035762787,2.6822091214739885e-09,0.48000001907348633,0.3400000035762787,2.6822091214739885e-09,0.48000001907348633,0.46000000834465027,2.6822091214739885e-09,0.48000001907348633
192,-0.11999999731779099,0.0,0.09999999403953552,-0.11999999731779099,0.0,0.02698805183172226,-0.11999999731779099,0.0,0.20000000298023224,-0.11999999731779099,0.0,0.09999999403953552,0.11999999731779099,0.0,0.09999999403953552,0.11999999731779099,0.0,0.02698805183172226,0.11999999731779099,0.0,0.20000000298023224,0.11999999731779099,0.0,0.09999999403953552,0.0,0.0,0.375,0.0,0.0,0.550000011920929,-0.20000003278255463,-1.862645149230957e-09,0.48000001907348633,-0.3400000333786011,7.450577932388569e-10,0.48000001907348633,-0.3400000333786011,7.450577932388569e-10,0.48000001907348633,-0.46000003814697266,7.450580152834618e-10,0.48000001907348633,0.20000000298023224,3.725290298461914e-09,0.48000001907348633,0.3400000035762787,2.6822091214739885e-09,0.48000001907348633,0.3400000035762787,2.6822091214739885e-09,0.48000001907348633,0.46000000834465027,2.6822091214739885e-09,0.48000001907348633
193,-0.11999999731779099,0.0,0.09999999403953552,-0.11999999731779099,0.0,0.02698805183172226,-0.11999999731779099,0.0,0.20000000298023224,-0.11999999731779099,0.0,0.09999999403953552,0.11999999731779099,0.0,0.09999999403953552,0.11999999731779099,0.0,0.02698805183172226,0.11999999731779099,0.0,0.20000000298023224,0.11999999731779099,0.0,0.09999999403953552,0.0,0.0,0.375,0.0,0.0,0.550000011920929,-0.20000003278255463,-1.862645149230957e-09,0.48000001907348633,-0.3400000333786011,7.450577932388569e-10,0.48000001907348633,-0.3400000333786011,7.450577932388569e-10,0.48000001907348633,-0.46000003814697266,7.450580152834618e-10,0.48000001907348633,0.20000000298023224,3.725290298461914e-09,0.48000001907348633,0.3400000035762787,2.6822091214739885e-09,0.48000001907348633,0.3400000035762787,2.6822091214739885e-09,0.48000001907348633,0.46000000834465027,2.6822091214739885e-09,0.48000001907348633
194,-0.11999999731779099,0.0,0.09999999403953552,-0.11999999731779099,0.0,0.02698805183172226,-0.11999999731779099,0.0,0.20000000298023224,-0.11999999731779099,0.0,0.09999999403953552,0.11999999731779099,0.0,0.09999999403953552,0.11999999731779099,0.0,0.02698805183172226,0.11999999731779099,0.0,0.20000000298023224,0.11999999731779099,0.0,0.09999999403953552,0.0,0.0,0.375,0.0,0.0,0.550000011920929,-0.20000003278255463,-1.862645149230957e-09,0.48000001907348633,-0.3400000333786011,7.450577932388569e-10,0.48000001907348633,-0.3400000333786011,7.450577932388569e-10,0.48000001907348633,-0.46000003814697266,7.450580152834618e-10,0.48000001907348633,0.20000000298023224,3.725290298461914e-09,0.48000001907348633,0.3400000035762787,2.6822091214739885e-09,0.48000001907348633,0.3400000035762787,2.6822091214739885e-09,0.48000001907348633,0.46000000834465027,2.6822091214739885e-09,0.48000001907348633
195,-0.11999999731779099,0.0,0.09999999403953552,-0.11999999731779099,0.0,0.02698805183172226,-0.11999999731779099,0.0,0.20000000298023224,-0.11999999731779099,0.0,0.09999999403953552,0.11999999731779099,0.0,0.09999999403953552,0.11999999731779099,0.0,0.02698805183172226,0.11999999731779099,0.0,0.20000000298023224,0.11999999731779099,0.0,0.09999999403953552,0.0,0.0,0.375,0.0,0.0,0.550000011920929,-0.20000003278255463,-1.862645149230957e-09,0.48000001907348633,-0.3400000333786011,7.450577932388569e-10,0.48000001907348633,-0.3400000333786011,7.450577932388569e-10,0.48000001907348633,-0.46000003814697266,7.450580152834618e-10,0.48000001907348633,0.20000000298023224,3.725290298461914e-09,0.48000001907348633,0.3400000035762787,2.6822091214739885e-09,0.48000001907348633,0.3400000035762787,2.6822091214739885e-09,0.48000001907348633,0.46000000834465027,2.6822091214739885e-09,0.48000001907348633
196,-0.11999999731779099,0.0,0.09999999403953552,-0.11999999731779099,0.0,0.02698805183172226,-0.11999999731779099,0.0,0.20000000298023224,-0.11999999731779099,0.0,0.09999999403953552,0.11999999731779099,0.0,0.09999999403953552,0.11999999731779099,0.0,0.02698805183172226,0.11999999731779099,0.0,0.20000000298023224,0.11999999731779099,0.0,0.09999999403953552,0.0,0.0,0.375,0.0,0.0,0.550000011920929,-0.20000003278255463,-1.862645149230957e-09,0.48000001907348633,-0.3400000333786011,7.450577932388569e-10,0.48000001907348633,-0.3400000333786011,7.450577932388569e-10,0.48000001907348633,-0.46000003814697266,7.450580152834618e-10,0.48000001907348633,0.20000000298023224,3.725290298461914e-09,0.48000001907348633,0.3400000035762787,2.6822091214739885e-09,0.48000001907348633,0.3400000035762787,2.6822091214739885e-09,0.48000001907348633,0.46000000834465027,2.6822091214739885e-09,0.48000001907348633
197,-0.11999999731779099,0.0,0.09999999403953552,-0.11999999731779099,0.0,0.02698805183172226,-0.11999999731779099,0.0,0.20000000298023224,-0.11999999731779099,0.0,0.09999999403953552,0.11999999731779099,0.0,0.09999999403953552,0.11999999731779099,0.0,0.02698805183172226,0.11999999731779099,0.0,0.20000000298023224,0.11999999731779099,0.0,0.09999999403953552,0.0,0.0,0.375,0.0,0.0,0.550000011920929,-0.20000003278255463,-1.862645149230957e-09,0.48000001907348633,-0.3400000333786011,7.450577932388569e-10,0.48000001907348633,-0.3400000333786011,7.450577932388569e-10,0.48000001907348633,-0.46000003814697266,7.450580152834618e-10,0.48000001907348633,0.20000000298023224,3.725290298461914e-09,0.48000001907348633,0.3400000035762787,2.6822091214739885e-09,0.48000001907348633,0.3400000035762787,2.6822091214739885e-09,0.48000001907348633,0.46000000834465027,2.6822091214739885e-09,0.48000001907348633
198,-0.11999999731779099,0.0,0.09999999403953552,-0.11999999731779099,0.0,0.02698805183172226,-0.11999999731779099,0.0,0.20000000298023224,-0.11999999731779099,0.0,0.09999999403953552,0.11999999731779099,0.0,0.09999999403953552,0.11999999731779099,0.0,0.02698805183172226,0.11999999731779099,0.0,0.20000000298023224,0.11999999731779099,0.0,0.09999999403953552,0.0,0.0,0.375,0.0,0.0,0.550000011920929,-0.20000003278255463,-1.862645149230957e-09,0.48000001907348633,-0.3400000333786011,7.450577932388569e-10,0.48000001907348633,-0.3400000333786011,7.450577932388569e-10,0.48000001907348633,-0.46000003814697266,7.450580152834618e-10,0.48000001907348633,0.20000000298023224,3.725290298461914e-09,0.48000001907348633,0.3400000035762787,2.6822091214739885e-09,0.48000001907348633,0.3400000035762787,2.6822091214739885e-09,0.48000001907348633,0.46000000834465027,2.6822091214739885e-09,0.48000001907348633
199,-0.11999999731779099,0.0,0.09999999403953552,-0.11999999731779099,0.0,0.02698805183172226,-0.11999999731779099,0.0,0.20000000298023224,-0.11999999731779099,0.0,0.09999999403953552,0.11999999731779099,0.0,0.09999999403953552,0.11999999731779099,0.0,0.02698805183172226,0.11999999731779099,0.0,0.20000000298023224,0.11999999731779099,0.0,0.09999999403953552,0.0,0.0,0.375,0.0,0.0,0.550000011920929,-0.20000003278255463,-1.862645149230957e-09,0.48000001907348633,-0.3400000333786011,7.450577932388569e-10,0.48000001907348633,-0.3400000333786011,7.450577932388569e-10,0.48000001907348633,-0.46000003814697266,7.450580152834618e-10,0.48000001907348633,0.20000000298023224,3.725290298461914e-09,0.48000001907348633,0.3400000035762787,2.6822091214739885e-09,0.48000001907348633,0.3400000035762787,2.6822091214739885e-09,0.48000001907348633,0.46000000834465027,2.6822091214739885e-09,0.48000001907348633
200,-0.11999999731779099,0.0,0.09999999403953552,-0.11999999731779099,0.0,0.02698805183172226,-0.11999999731779099,0.0,0.20000000298023224,-0.11999999731779099,0.0,0.09999999403953552,0.11999999731779099,0.0,0.09999999403953552,0.11999999731779099,0.0,0.02698805183172226,0.11999999731779099,0.0,0.20000000298023224,0.11999999731779099,0.0,0.09999999403953552,0.0,0.0,0.375,0.0,0.0,0.550000011920929,-0.20000003278255463,-1.862645149230957e-09,0.48000001907348633,-0.3400000333786011,7.450577932388569e-10,0.48000001907348633,-0.3400000333786011,7.450577932388569e-10,0.48000001907348633,-0.46000003814697266,7.450580152834618e-10,0.48000001907348633,0.20000000298023224,3.725290298461914e-09,0.48000001907348633,0.3400000035762787,2.6822091214739885e-09,0.48000001907348633,0.3400000035762787,2.6822091214739885e-09,0.48000001907348633,0.46000000834465027,2.6822091214739885e-09,0.48000001907348633
201,-0.11999999731779099,0.0,0.09999999403953552,-0.11999999731779099,0.0,0.02698805183172226,-0.11999999731779099,0.0,0.20000000298023224,-0.11999999731779099,0.0,0.09999999403953552,0.11999999731779099,0.0,0.09999999403953552,0.11999999731779099,0.0,0.02698805183172226,0.11999999731779099,0.0,0.20000000298023224,0.11999999731779099,0.0,0.09999999403953552,0.0,0.0,0.375,0.0,0.0,0.550000011920929,-0.20000003278255463,-1.862645149230957e-09,0.48000001907348633,-0.3400000333786011,7.450577932388569e-10,0.48000001907348633,-0.3400000333786011,7.450577932388569e-10,0.48000001907348633,-0.46000003814697266,7.450580152834618e-10,0.48000001907348633,0.20000000298023224,3.725290298461914e-09,0.48000001907348633,0.3400000035762787,2.6822091214739885e-09,0.48000001907348633,0.3400000035762787,2.6822091214739885e-09,0.48000001907348633,0.46000000834465027,2.6822091214739885e-09,0.48000001907348633
202,-0.11999999731779099,0.0,0.09999999403953552,-0.11999999731779099,0.0,0.02698805183172226,-0.11999999731779099,0.0,0.20000000298023224,-0.11999999731779099,0.0,0.09999999403953552,0.11999999731779099,0.0,0.09999999403953552,0.11999999731779099,0.0,0.02698805183172226,0.11999999731779099,0.0,0.20000000298023224,0.11999999731779099,0.0,0.09999999403953552,0.0,0.0,0.375,0.0,0.0,0.550000011920929,-0.20000003278255463,-1.862645149230957e-09,0.48000001907348633,-0.3400000333786011,7.450577932388569e-10,0.48000001907348633,-0.3400000333786011,7.450577932388569e-10,0.48000001907348633,-0.46000003814697266,7.450580152834618e-10,0.48000001907348633,0.20000000298023224,3.725290298461914e-09,0.48000001907348633,0.3400000035762787,2.6822091214739885e-09,0.48000001907348633,0.3400000035762787,2.6822091214739885e-09,0.48000001907348633,0.46000000834465027,2.6822091214739885e-09,0.48000001907348633
203,-0.11999999731779099,0.0,0.09999999403953552,-0.11999999731779099,0.0,0.02698805183172226,-0.11999999731779099,0.0,0.20000000298023224,-0.11999999731779099,0.0,0.09999999403953552,0.11999999731779099,0.0,0.09999999403953552,0.11999999731779099,0.0,0.02698805183172226,0.11999999731779099,0.0,0.20000000298023224,0.11999999731779099,0.0,0.09999999403953552,0.0,0.0,0.375,0.0,0.0,0.550000011920929,-0.20000003278255463,-1.862645149230957e-09,0.48000001907348633,-0.3400000333786011,7.450577932388569e-10,0.48000001907348633,-0.3400000333786011,7.450577932388569e-10,0.48000001907348633,-0.46000003814697266,7.450580152834618e-10,0.48000001907348633,0.20000000298023224,3.725290298461914e-09,0.48000001907348633,0.3400000035762787,2.6822091214739885e-09,0.48000001907348633,0.3400000035762787,2.6822091214739885e-09,0.48000001907348633,0.46000000834465027,2.6822091214739885e-09,0.48000001907348633
204,-0.11999999731779099,0.0,0.09999999403953552,-0.11999999731779099,0.0,0.02698805183172226,-0.11999999731779099,0.0,0.20000000298023224,-0.11999999731779099,0.0,0.09999999403953552,0.11999999731779099,0.0,0.09999999403953552,0.11999999731779099,0.0,0.02698805183172226,0.11999999731779099,0.0,0.20000000298023224,0.11999999731779099,0.0,0.09999999403953552,0.0,0.0,0.375,0.0,0.0,0.550000011920929,-0.20000003278255463,-1.862645149230957e-09,0.48000001907348633,-0.3400000333786011,7.450577932388569e-10,0.48000001907348633,-0.3400000333786011,7.450577932388569e-10,0.48000001907348633,-0.46000003814697266,7.450580152834618e-10,0.48000001907348633,0.20000000298023224,3.725290298461914e-09,0.48000001907348633,0.3400000035762787,2.6822091214739885e-09,0.48000001907348633,0.3400000035762787,2.6822091214739885e-09,0.48000001907348633,0.46000000834465027,2.6822091214739885e-09,0.48000001907348633
205,-0.11999999731779099,0.0,0.09999999403953552,-0.11999999731779099,0.0,0.02698805183172226,-0.11999999731779099,0.0,0.20000000298023224,-0.11999999731779099,0.0,0.09999999403953552,0.11999999731779099,0.0,0.09999999403953552,0.11999999731779099,0.0,0.02698805183172226,0.11999999731779099,0.0,0.20000000298023224,0.11999999731779099,0.0,0.09999999403953552,0.0,0.0,0.375,0.0,0.0,0.550000011920929,-0.20000003278255463,-1.862645149230957e-09,0.48000001907348633,-0.3400000333786011,7.450577932388569e-10,0.48000001907348633,-0.3400000333786011,7.450577932388569e-10,0.48000001907348633,-0.46000003814697266,7.450580152834618e-10,0.48000001907348633,0.20000000298023224,3.725290298461914e-09,0.48000001907348633,0.3400000035762787,2.6822091214739885e-09,0.48000001907348633,0.3400000035762787,2.6822091214739885e-09,0.48000001907348633,0.46000000834465027,2.6822091214739885e-09,0.48000001907348633
206,-0.11999999731779099,0.0,0.09999999403953552,-0.11999999731779099,0.0,0.02698805183172226,-0.11999999731779099,0.0,0.20000000298023224,-0.11999999731779099,0.0,0.09999999403953552,0.11999999731779099,0.0,0.09999999403953552,0.11999999731779099,0.0,0.02698805183172226,0.11999999731779099,0.0,0.20000000298023224,0.11999999731779099,0.0,0.09999999403953552,0.0,0.0,0.375,0.0,0.0,0.550000011920929,-0.20000003278255463,-1.862645149230957e-09,0.48000001907348633,-0.3400000333786011,7.450577932388569e-10,0.48000001907348633,-0.3400000333786011,7.450577932388569e-10,0.48000001907348633,-0.46000003814697266,7.450580152834618e-10,0.48000001907348633,0.20000000298023224,3.725290298461914e-09,0.48000001907348633,0.3400000035762787,2.6822091214739885e-09,0.48000001907348633,0.3400000035762787,2.6822091214739885e-09,0.48000001907348633,0.46000000834465027,2.6822091214739885e-09,0.48000001907348633
207,-0.11999999731779099,0.0,0.09999999403953552,-0.11999999731779099,0.0,0.02698805183172226,-0.11999999731779099,0.0,0.20000000298023224,-0.11999999731779099,0.0,0.09999999403953552,0.11999999731779099,0.0,0.09999999403953552,0.11999999731779099,0.0,0.02698805183172226,0.11999999731779099,0.0,0.20000000298023224,0.11999999731779099,0.0,0.09999999403953552,0.0,0.0,0.375,0.0,0.0,0.550000011920929,-0.20000003278255463,-1.862645149230957e-09,0.48000001907348633,-0.3400000333786011,7.450577932388569e-10,0.48000001907348633,-0.3400000333786011,7.450577932388569e-10,0.48000001907348633,-0.46000003814697266,7.450580152834618e-10,0.48000001907348633,0.20000000298023224,3.725290298461914e-09,0.48000001907348633,0.3400000035762787,2.6822091214739885e-09,0.48000001907348633,0.3400000035762787,2.6822091214739885e-09,0.48000001907348633,0.46000000834465027,2.6822091214739885e-09,0.48000001907348633
208,-0.11999999731779099,0.0,0.09999999403953552,-0.11999999731779099,0.0,0.02698805183172226,-0.11999999731779099,0.0,0.20000000298023224,-0.11999999731779099,0.0,0.09999999403953552,0.11999999731779099,0.0,0.09999999403953552,0.11999999731779099,0.0,0.02698805183172226,0.11999999731779099,0.0,0.20000000298023224,0.11999999731779099,0.0,0.09999999403953552,0.0,0.0,0.375,0.0,0.0,0.550000011920929,-0.20000003278255463,-1.862645149230957e-09,0.48000001907348633,-0.3400000333786011,7.450577932388569e-10,0.48000001907348633,-0.3400000333786011,7.450577932388569e-10,0.48000001907348633,-0.46000003814697266,7.450580152834618e-10,0.48000001907348633,0.20000000298023224,3.725290298461914e-09,0.48000001907348633,0.3400000035762787,2.6822091214739885e-09,0.48000001907348633,0.3400000035762787,2.6822091214739885e-09,0.48000001907348633,0.46000000834465027,2.6822091214739885e-09,0.48000001907348633
209,-0.11999999731779099,0.0,0.09999999403953552,-0.11999999731779099,0.0,0.02698805183172226,-0.11999999731779099,0.0,0.20000000298023224,-0.11999999731779099,0.0,0.09999999403953552,0.11999999731779099,0.0,0.09999999403953552,0.11999999731779099,0.0,0.02698805183172226,0.11999999731779099,0.0,0.20000000298023224,0.11999999731779099,0.0,0.09999999403953552,0.0,0.0,0.375,0.0,0.0,0.550000011920929,-0.20000003278255463,-1.862645149230957e-09,0.48000001907348633,-0.3400000333786011,7.450577932388569e-10,0.48000001907348633,-0.3400000333786011,7.450577932388569e-10,0.48000001907348633,-0.46000003814697266,7.450580152834618e-10,0.48000001907348633,0.20000000298023224,3.725290298461914e-09,0.48000001907348633,0.3400000035762787,2.6822091214739885e-09,0.48000001907348633,0.3400000035762787,2.6822091214739885e-09,0.48000001907348633,0.46000000834465027,2.6822091214739885e-09,0.48000001907348633
210,-0.11999999731779099,0.0,0.09999999403953552,-0.11999999731779099,0.0,0.02698805183172226,-0.11999999731779099,0.0,0.20000000298023224,-0.11999999731779099,0.0,0.09999999403953552,0.11999999731779099,0.0,0.09999999403953552,0.11999999731779099,0.0,0.02698805183172226,0.11999999731779099,0.0,0.20000000298023224,0.11999999731779099,0.0,0.09999999403953552,0.0,0.0,0.375,0.0,0.0,0.550000011920929,-0.20000003278255463,-1.862645149230957e-09,0.48000001907348633,-0.3400000333786011,7.450577932388569e-10,0.48000001907348633,-0.3400000333786011,7.450577932388569e-10,0.48000001907348633,-0.46000003814697266,7.450580152834618e-10,0.48000001907348633,0.20000000298023224,3.725290298461914e-09,0.48000001907348633,0.3400000035762787,2.6822091214739885e-09,0.48000001907348633,0.3400000035762787,2.6822091214739885e-09,0.48000001907348633,0.46000000834465027,2.6822091214739885e-09,0.48000001907348633
211,-0.11999999731779099,0.0,0.09999999403953552,-0.11999999731779099,0.0,0.02698805183172226,-0.11999999731779099,0.0,0.20000000298023224,-0.11999999731779099,0.0,0.09999999403953552,0.11999999731779099,0.0,0.09999999403953552,0.11999999731779099,0.0,0.02698805183172226,0.11999999731779099,0.0,0.20000000298023224,0.11999999731779099,0.0,0.09999999403953552,0.0,0.0,0.375,0.0,0.0,0.550000011920929,-0.20000003278255463,-1.862645149230957e-09,0.48000001907348633,-0.3400000333786011,7.450577932388569e-10,0.48000001907348633,-0.3400000333786011,7.450577932388569e-10,0.48000001907348633,-0.46000003814697266,7.450580152834618e-10,0.48000001907348633,0.20000000298023224,3.725290298461914e-09,0.48000001907348633,0.3400000035762787,2.6822091214739885e-09,0.48000001907348633,0.3400000035762787,2.6822091214739885e-09,0.48000001907348633,0.46000000834465027,2.6822091214739885e-09,0.48000001907348633
212,-0.11999999731779099,0.0,0.09999999403953552,-0.11999999731779099,0.0,0.02698805183172226,-0.11999999731779099,0.0,0.20000000298023224,-0.11999999731779099,0.0,0.09999999403953552,0.11999999731779099,0.0,0.09999999403953552,0.11999999731779099,0.0,0.02698805183172226,0.11999999731779099,0.0,0.20000000298023224,0.11999999731779099,0.0,0.09999999403953552,0.0,0.0,0.375,0.0,0.0,0.550000011920929,-0.20000003278255463,-1.862645149230957e-09,0.48000001907348633,-0.3400000333786011,7.450577932388569e-10,0.48000001907348633,-0.3400000333786011,7.450577932388569e-10,0.48000001907348633,-0.46000003814697266,7.450580152834618e-10,0.48000001907348633,0.20000000298023224,3.725290298461914e-09,0.48000001907348633,0.3400000035762787,2.6822091214739885e-09,0.48000001907348633,0.3400000035762787,2.6822091214739885e-09,0.48000001907348633,0.46000000834465027,2.6822091214739885e-09,0.48000001907348633
213,-0.11999999731779099,0.0,0.09999999403953552,-0.11999999731779099,0.0,0.02698805183172226,-0.11999999731779099,0.0,0.20000000298023224,-0.11999999731779099,0.0,0.09999999403953552,0.11999999731779099,0.0,0.09999999403953552,0.11999999731779099,0.0,0.02698805183172226,0.11999999731779099,0.0,0.20000000298023224,0.11999999731779099,0.0,0.09999999403953552,0.0,0.0,0.375,0.0,0.0,0.550000011920929,-0.20000003278255463,-1.862645149230957e-09,0.48000001907348633,-0.3400000333786011,7.450577932388569e-10,0.48000001907348633,-0.3400000333786011,7.450577932388569e-10,0.48000001907348633,-0.46000003814697266,7.450580152834618e-10,0.48000001907348633,0.20000000298023224,3.725290298461914e-09,0.48000001907348633,0.3400000035762787,2.6822091214739885e-09,0.48000001907348633,0.3400000035762787,2.6822091214739885e-09,0.48000001907348633,0.46000000834465027,2.6822091214739885e-09,0.48000001907348633
214,-0.11999999731779099,0.0,0.09999999403953552,-0.11999999731779099,0.0,0.02698805183172226,-0.11999999731779099,0.0,0.20000000298023224,-0.11999999731779099,0.0,0.09999999403953552,0.11999999731779099,0.0,0.09999999403953552,0.11999999731779099,0.0,0.02698805183172226,0.11999999731779099,0.0,0.20000000298023224,0.11999999731779099,0.0,0.09999999403953552,0.0,0.0,0.375,0.0,0.0,0.550000011920929,-0.20000003278255463,-1.862645149230957e-09,0.48000001907348633,-0.3400000333786011,7.450577932388569e-10,0.48000001907348633,-0.3400000333786011,7.450577932388569e-10,0.48000001907348633,-0.46000003814697266,7.450580152834618e-10,0.48000001907348633,0.20000000298023224,3.725290298461914e-09,0.48000001907348633,0.3400000035762787,2.6822091214739885e-09,0.48000001907348633,0.3400000035762787,2.6822091214739885e-09,0.48000001907348633,0.46000000834465027,2.6822091214739885e-09,0.48000001907348633
215,-0.11999999731779099,0.0,0.09999999403953552,-0.11999999731779099,0.0,0.02698805183172226,-0.11999999731779099,0.0,0.20000000298023224,-0.11999999731779099,0.0,0.09999999403953552,0.11999999731779099,0.0,0.09999999403953552,0.11999999731779099,0.0,0.02698805183172226,0.11999999731779099,0.0,0.20000000298023224,0.11999999731779099,0.0,0.09999999403953552,0.0,0.0,0.375,0.0,0.0,0.550000011920929,-0.20000003278255463,-1.862645149230957e-09,0.48000001907348633,-0.3400000333786011,7.450577932388569e-10,0.48000001907348633,-0.3400000333786011,7.450577932388569e-10,0.48000001907348633,-0.46000003814697266,7.450580152834618e-10,0.48000001907348633,0.20000000298023224,3.725290298461914e-09,0.48000001907348633,0.3400000035762787,2.6822091214739885e-09,0.48000001907348633,0.3400000035762787,2.6822091214739885e-09,0.48000001907348633,0.46000000834465027,2.6822091214739885e-09,0.48000001907348633
216,-0.11999999731779099,0.0,0.09999999403953552,-0.11999999731779099,0.0,0.02698805183172226,-0.11999999731779099,0.0,0.20000000298023224,-0.11999999731779099,0.0,0.09999999403953552,0.11999999731779099,0.0,0.09999999403953552,0.11999999731779099,0.0,0.02698805183172226,0.11999999731779099,0.0,0.20000000298023224,0.11999999731779099,0.0,0.09999999403953552,0.0,0.0,0.375,0.0,0.0,0.550000011920929,-0.20000003278255463,-1.862645149230957e-09,0.48000001907348633,-0.3400000333786011,7.450577932388569e-10,0.48000001907348633,-0.3400000333786011,7.450577932388569e-10,0.48000001907348633,-0.46000003814697266,7.450580152834618e-10,0.48000001907348633,0.20000000298023224,3.725290298461914e-09,0.48000001907348633,0.3400000035762787,2.6822091214739885e-09,0.48000001907348633,0.3400000035762787,2.6822091214739885e-09,0.48000001907348633,0.46000000834465027,2.6822091214739885e-09,0.48000001907348633
217,-0.11999999731779099,0.0,0.09999999403953552,-0.11999999731779099,0.0,0.02698805183172226,-0.11999999731779099,0.0,0.20000000298023224,-0.11999999731779099,0.0,0.09999999403953552,0.11999999731779099,0.0,0.09999999403953552,0.11999999731779099,0.0,0.02698805183172226,0.11999999731779099,0.0,0.20000000298023224,0.11999999731779099,0.0,0.09999999403953552,0.0,0.0,0.375,0.0,0.0,0.550000011920929,-0.20000003278255463,-1.862645149230957e-09,0.48000001907348633,-0.3400000333786011,7.450577932388569e-10,0.48000001907348633,-0.3400000333786011,7.450577932388569e-10,0.48000001907348633,-0.46000003814697266,7.450580152834618e-10,0.48000001907348633,0.20000000298023224,3.725290298461914e-09,0.48000001907348633,0.3400000035762787,2.6822091214739885e-09,0.48000001907348633,0.3400000035762787,2.6822091214739885e-09,0.48000001907348633,0.46000000834465027,2.6822091214739885e-09,0.48000001907348633
218,-0.11999999731779099,0.0,0.09999999403953552,-0.11999999731779099,0.0,0.02698805183172226,-0.11999999731779099,0.0,0.20000000298023224,-0.11999999731779099,0.0,0.09999999403953552,0.11999999731779099,0.0,0.09999999403953552,0.11999999731779099,0.0,0.02698805183172226,0.11999999731779099,0.0,0.20000000298023224,0.11999999731779099,0.0,0.09999999403953552,0.0,0.0,0.375,0.0,0.0,0.550000011920929,-0.20000003278255463,-1.862645149230957e-09,0.48000001907348633,-0.3400000333786011,7.450577932388569e-10,0.48000001907348633,-0.3400000333786011,7.450577932388569e-10,0.48000001907348633,-0.46000003814697266,7.450580152834618e-10,0.48000001907348633,0.20000000298023224,3.725290298461914e-09,0.48000001907348633,0.3400000035762787,2.6822091214739885e-09,0.48000001907348633,0.3400000035762787,2.6822091214739885e-09,0.48000001907348633,0.46000000834465027,2.6822091214739885e-09,0.48000001907348633
219,-0.11999999731779099,0.0,0.09999999403953552,-0.11999999731779099,0.0,0.02698805183172226,-0.11999999731779099,0.0,0.20000000298023224,-0.11999999731779099,0.0,0.09999999403953552,0.11999999731779099,0.0,0.09999999403953552,0.11999999731779099,0.0,0.02698805183172226,0.11999999731779099,0.0,0.20000000298023224,0.11999999731779099,0.0,0.09999999403953552,0.0,0.0,0.375,0.0,0.0,0.550000011920929,-0.20000003278255463,-1.862645149230957e-09,0.48000001907348633,-0.3400000333786011,7.450577932388569e-10,0.48000001907348633,-0.3400000333786011,7.450577932388569e-10,0.48000001907348633,-0.46000003814697266,7.450580152834618e-10,0.48000001907348633,0.20000000298023224,3.725290298461914e-09,0.48000001907348633,0.3400000035762787,2.6822091214739885e-09,0.48000001907348633,0.3400000035762787,2.6822091214739885e-09,0.48000001907348633,0.46000000834465027,2.6822091214739885e-09,0.48000001907348633
220,-0.11999999731779099,0.0,0.09999999403953552,-0.11999999731779099,0.0,0.02698805183172226,-0.11999999731779099,0.0,0.20000000298023224,-0.11999999731779099,0.0,0.09999999403953552,0.11999999731779099,0.0,0.09999999403953552,0.11999999731779099,0.0,0.02698805183172226,0.11999999731779099,0.0,0.20000000298023224,0.11999999731779099,0.0,0.09999999403953552,0.0,0.0,0.375,0.0,0.0,0.550000011920929,-0.20000003278255463,-1.862645149230957e-09,0.48000001907348633,-0.3400000333786011,7.450577932388569e-10,0.48000001907348633,-0.3400000333786011,7.450577932388569e-10,0.48000001907348633,-0.46000003814697266,7.450580152834618e-10,0.48000001907348633,0.20000000298023224,3.725290298461914e-09,0.48000001907348633,0.3400000035762787,2.6822091214739885e-09,0.48000001907348633,0.3400000035762787,2.6822091214739885e-09,0.48000001907348633,0.46000000834465027,2.6822091214739885e-09,0.48000001907348633
221,-0.11999999731779099,0.0,0.09999999403953552,-0.11999999731779099,0.0,0.02698805183172226,-0.11999999731779099,0.0,0.20000000298023224,-0.11999999731779099,0.0,0.09999999403953552,0.11999999731779099,0.0,0.09999999403953552,0.11999999731779099,0.0,0.02698805183172226,0.11999999731779099,0.0,0.20000000298023224,0.11999999731779099,0.0,0.09999999403953552,0.0,0.0,0.375,0.0,0.0,0.550000011920929,-0.20000003278255463,-1.862645149230957e-09,0.48000001907348633,-0.3400000333786011,7.450577932388569e-10,0.48000001907348633,-0.3400000333786011,7.450577932388569e-10,0.48000001907348633,-0.46000003814697266,7.450580152834618e-10,0.48000001907348633,0.20000000298023224,3.725290298461914e-09,0.48000001907348633,0.3400000035762787,2.6822091214739885e-09,0.48000001907348633,0.3400000035762787,2.6822091214739885e-09,0.48000001907348633,0.46000000834465027,2.6822091214739885e-09,0.48000001907348633
222,-0.11999999731779099,0.0,0.09999999403953552,-0.11999999731779099,0.0,0.02698805183172226,-0.11999999731779099,0.0,0.20000000298023224,-0.11999999731779099,0.0,0.09999999403953552,0.11999999731779099,0.0,0.09999999403953552,0.11999999731779099,0.0,0.02698805183172226,0.11999999731779099,0.0,0.20000000298023224,0.11999999731779099,0.0,0.09999999403953552,0.0,0.0,0.375,0.0,0.0,0.550000011920929,-0.20000003278255463,-1.862645149230957e-09,0.48000001907348633,-0.3400000333786011,7.450577932388569e-10,0.48000001907348633,-0.3400000333786011,7.450577932388569e-10,0.48000001907348633,-0.46000003814697266,7.450580152834618e-10,0.48000001907348633,0.20000000298023224,3.725290298461914e-09,0.48000001907348633,0.3400000035762787,2.6822091214739885e-09,0.48000001907348633,0.3400000035762787,2.6822091214739885e-09,0.48000001907348633,0.46000000834465027,2.6822091214739885e-09,0.48000001907348633
223,-0.11999999731779099,0.0,0.09999999403953552,-0.11999999731779099,0.0,0.02698805183172226,-0.11999999731779099,0.0,0.20000000298023224,-0.11999999731779099,0.0,0.09999999403953552,0.11999999731779099,0.0,0.09999999403953552,0.11999999731779099,0.0,0.02698805183172226,0.11999999731779099,0.0,0.20000000298023224,0.11999999731779099,0.0,0.09999999403953552,0.0,0.0,0.375,0.0,0.0,0.550000011920929,-0.20000003278255463,-1.862645149230957e-09,0.48000001907348633,-0.3400000333786011,7.450577932388569e-10,0.48000001907348633,-0.3400000333786011,7.450577932388569e-10,0.48000001907348633,-0.46000003814697266,7.450580152834618e-10,0.48000001907348633,0.20000000298023224,3.725290298461914e-09,0.48000001907348633,0.3400000035762787,2.6822091214739885e-09,0.48000001907348633,0.3400000035762787,2.6822091214739885e-09,0.48000001907348633,0.46000000834465027,2.6822091214739885e-09,0.48000001907348633
224,-0.11999999731779099,0.0,0.09999999403953552,-0.11999999731779099,0.0,0.02698805183172226,-0.11999999731779099,0.0,0.20000000298023224,-0.11999999731779099,0.0,0.09999999403953552,0.11999999731779099,0.0,0.09999999403953552,0.11999999731779099,0.0,0.02698805183172226,0.11999999731779099,0.0,0.20000000298023224,0.11999999731779099,0.0,0.09999999403953552,0.0,0.0,0.375,0.0,0.0,0.550000011920929,-0.20000003278255463,-1.862645149230957e-09,0.48000001907348633,-0.3400000333786011,7.450577932388569e-10,0.48000001907348633,-0.3400000333786011,7.450577932388569e-10,0.48000001907348633,-0.46000003814697266,7.450580152834618e-10,0.48000001907348633,0.20000000298023224,3.725290298461914e-09,0.48000001907348633,0.3400000035762787,2.6822091214739885e-09,0.48000001907348633,0.3400000035762787,2.6822091214739885e-09,0.48000001907348633,0.46000000834465027,2.6822091214739885e-09,0.48000001907348633
225,-0.11999999731779099,0.0,0.09999999403953552,-0.11999999731779099,0.0,0.02698805183172226,-0.11999999731779099,0.0,0.20000000298023224,-0.11999999731779099,0.0,0.09999999403953552,0.11999999731779099,0.0,0.09999999403953552,0.11999999731779099,0.0,0.02698805183172226,0.11999999731779099,0.0,0.20000000298023224,0.11999999731779099,0.0,0.09999999403953552,0.0,0.0,0.375,0.0,0.0,0.550000011920929,-0.20000003278255463,-1.862645149230957e-09,0.48000001907348633,-0.3400000333786011,7.450577932388569e-10,0.48000001907348633,-0.3400000333786011,7.450577932388569e-10,0.48000001907348633,-0.46000003814697266,7.450580152834618e-10,0.48000001907348633,0.20000000298023224,3.725290298461914e-09,0.48000001907348633,0.3400000035762787,2.6822091214739885e-09,0.48000001907348633,0.3400000035762787,2.6822091214739885e-09,0.48000001907348633,0.46000000834465027,2.6822091214739885e-09,0.48000001907348633
226,-0.11999999731779099,0.0,0.09999999403953552,-0.11999999731779099,0.0,0.02698805183172226,-0.11999999731779099,0.0,0.20000000298023224,-0.11999999731779099,0.0,0.09999999403953552,0.11999999731779099,0.0,0.09999999403953552,0.11999999731779099,0.0,0.02698805183172226,0.11999999731779099,0.0,0.20000000298023224,0.11999999731779099,0.0,0.09999999403953552,0.0,0.0,0.375,0.0,0.0,0.550000011920929,-0.20000003278255463,-1.862645149230957e-09,0.48000001907348633,-0.3400000333786011,7.450577932388569e-10,0.48000001907348633,-0.3400000333786011,7.450577932388569e-10,0.48000001907348633,-0.46000003814697266,7.450580152834618e-10,0.48000001907348633,0.20000000298023224,3.725290298461914e-09,0.48000001907348633,0.3400000035762787,2.6822091214739885e-09,0.48000001907348633,0.3400000035762787,2.6822091214739885e-09,0.48000001907348633,0.46000000834465027,2.6822091214739885e-09,0.48000001907348633
227,-0.11999999731779099,0.0,0.09999999403953552,-0.11999999731779099,0.0,0.02698805183172226,-0.11999999731779099,0.0,0.20000000298023224,-0.11999999731779099,0.0,0.09999999403953552,0.11999999731779099,0.0,0.09999999403953552,0.11999999731779099,0.0,0.02698805183172226,0.11999999731779099,0.0,0.20000000298023224,0.11999999731779099,0.0,0.09999999403953552,0.0,0.0,0.375,0.0,0.0,0.550000011920929,-0.20000003278255463,-1.862645149230957e-09,0.48000001907348633,-0.3400000333786011,7.450577932388569e-10,0.48000001907348633,-0.3400000333786011,7.450577932388569e-10,0.48000001907348633,-0.46000003814697266,7.450580152834618e-10,0.48000001907348633,0.20000000298023224,3.725290298461914e-09,0.48000001907348633,0.3400000035762787,2.6822091214739885e-09,0.48000001907348633,0.3400000035762787,2.6822091214739885e-09,0.48000001907348633,0.46000000834465027,2.6822091214739885e-09,0.48000001907348633
228,-0.11999999731779099,0.0,0.09999999403953552,-0.11999999731779099,0.0,0.02698805183172226,-0.11999999731779099,0.0,0.20000000298023224,-0.11999999731779099,0.0,0.09999999403953552,0.11999999731779099,0.0,0.09999999403953552,0.11999999731779099,0.0,0.02698805183172226,0.11999999731779099,0.0,0.20000000298023224,0.11999999731779099,0.0,0.09999999403953552,0.0,0.0,0.375,0.0,0.0,0.550000011920929,-0.20000003278255463,-1.862645149230957e-09,0.48000001907348633,-0.3400000333786011,7.450577932388569e-10,0.48000001907348633,-0.3400000333786011,7.450577932388569e-10,0.48000001907348633,-0.46000003814697266,7.450580152834618e-10,0.48000001907348633,0.20000000298023224,3.725290298461914e-09,0.48000001907348633,0.3400000035762787,2.6822091214739885e-09,0.48000001907348633,0.3400000035762787,2.6822091214739885e-09,0.48000001907348633,0.46000000834465027,2.6822091214739885e-09,0.48000001907348633
229,-0.11999999731779099,0.0,0.09999999403953552,-0.11999999731779099,0.0,0.02698805183172226,-0.11999999731779099,0.0,0.20000000298023224,-0.11999999731779099,0.0,0.09999999403953552,0.11999999731779099,0.0,0.09999999403953552,0.11999999731779099,0.0,0.02698805183172226,0.11999999731779099,0.0,0.20000000298023224,0.11999999731779099,0.0,0.09999999403953552,0.0,0.0,0.375,0.0,0.0,0.550000011920929,-0.20000003278255463,-1.862645149230957e-09,0.48000001907348633,-0.3400000333786011,7.450577932388569e-10,0.48000001907348633,-0.3400000333786011,7.450577932388569e-10,0.48000001907348633,-0.46000003814697266,7.450580152834618e-10,0.48000001907348633,0.20000000298023224,3.725290298461914e-09,0.48000001907348633,0.3400000035762787,2.6822091214739885e-09,0.48000001907348633,0.3400000035762787,2.6822091214739885e-09,0.48000001907348633,0.46000000834465027,2.6822091214739885e-09,0.48000001907348633
230,-0.11999999731779099,0.0,0.09999999403953552,-0.11999999731779099,0.0,0.02698805183172226,-0.11999999731779099,0.0,0.20000000298023224,-0.11999999731779099,0.0,0.09999999403953552,0.11999999731779099,0.0,0.09999999403953552,0.11999999731779099,0.0,0.02698805183172226,0.11999999731779099,0.0,0.20000000298023224,0.11999999731779099,0.0,0.09999999403953552,0.0,0.0,0.375,0.0,0.0,0.550000011920929,-0.20000003278255463,-1.862645149230957e-09,0.48000001907348633,-0.3400000333786011,7.450577932388569e-10,0.48000001907348633,-0.3400000333786011,7.450577932388569e-10,0.48000001907348633,-0.46000003814697266,7.450580152834618e-10,0.48000001907348633,0.20000000298023224,3.725290298461914e-09,0.48000001907348633,0.3400000035762787,2.6822091214739885e-09,0.48000001907348633,0.3400000035762787,2.6822091214739885e-09,0.48000001907348633,0.46000000834465027,2.6822091214739885e-09,0.48000001907348633
231,-0.11999999731779099,0.0,0.09999999403953552,-0.11999999731779099,0.0,0.02698805183172226,-0.11999999731779099,0.0,0.20000000298023224,-0.11999999731779099,0.0,0.09999999403953552,0.11999999731779099,0.0,0.09999999403953552,0.11999999731779099,0.0,0.02698805183172226,0.11999999731779099,0.0,0.20000000298023224,0.11999999731779099,0.0,0.09999999403953552,0.0,0.0,0.375,0.0,0.0,0.550000011920929,-0.20000003278255463,-1.862645149230957e-09,0.48000001907348633,-0.3400000333786011,7.450577932388569e-10,0.48000001907348633,-0.3400000333786011,7.450577932388569e-10,0.48000001907348633,-0.46000003814697266,7.450580152834618e-10,0.48000001907348633,0.20000000298023224,3.725290298461914e-09,0.48000001907348633,0.3400000035762787,2.6822091214739885e-09,0.48000001907348633,0.3400000035762787,2.6822091214739885e-09,0.48000001907348633,0.46000000834465027,2.6822091214739885e-09,0.48000001907348633
232,-0.11999999731779099,0.0,0.09999999403953552,-0.11999999731779099,0.0,0.02698805183172226,-0.11999999731779099,0.0,0.20000000298023224,-0.11999999731779099,0.0,0.09999999403953552,0.11999999731779099,0.0,0.09999999403953552,0.11999999731779099,0.0,0.02698805183172226,0.11999999731779099,0.0,0.20000000298023224,0.11999999731779099,0.0,0.09999999403953552,0.0,0.0,0.375,0.0,0.0,0.550000011920929,-0.20000003278255463,-1.862645149230957e-09,0.48000001907348633,-0.3400000333786011,7.450577932388569e-10,0.48000001907348633,-0.3400000333786011,7.450577932388569e-10,0.48000001907348633,-0.46000003814697266,7.450580152834618e-10,0.48000001907348633,0.20000000298023224,3.725290298461914e-09,0.48000001907348633,0.3400000035762787,2.6822091214739885e-09,0.48000001907348633,0.3400000035762787,2.6822091214739885e-09,0.48000001907348633,0.46000000834465027,2.6822091214739885e-09,0.48000001907348633
233,-0.11999999731779099,0.0,0.09999999403953552,-0.11999999731779099,0.0,0.02698805183172226,-0.11999999731779099,0.0,0.20000000298023224,-0.11999999731779099,0.0,0.09999999403953552,0.11999999731779099,0.0,0.09999999403953552,0.11999999731779099,0.0,0.02698805183172226,0.11999999731779099,0.0,0.20000000298023224,0.11999999731779099,0.0,0.09999999403953552,0.0,0.0,0.375,0.0,0.0,0.550000011920929,-0.20000003278255463,-1.862645149230957e-09,0.48000001907348633,-0.3400000333786011,7.450577932388569e-10,0.48000001907348633,-0.3400000333786011,7.450577932388569e-10,0.48000001907348633,-0.46000003814697266,7.450580152834618e-10,0.48000001907348633,0.20000000298023224,3.725290298461914e-09,0.48000001907348633,0.3400000035762787,2.6822091214739885e-09,0.48000001907348633,0.3400000035762787,2.6822091214739885e-09,0.48000001907348633,0.46000000834465027,2.6822091214739885e-09,0.48000001907348633
234,-0.11999999731779099,0.0,0.09999999403953552,-0.11999999731779099,0.0,0.02698805183172226,-0.11999999731779099,0.0,0.20000000298023224,-0.11999999731779099,0.0,0.09999999403953552,0.11999999731779099,0.0,0.09999999403953552,0.11999999731779099,0.0,0.02698805183172226,0.11999999731779099,0.0,0.20000000298023224,0.11999999731779099,0.0,0.09999999403953552,0.0,0.0,0.375,0.0,0.0,0.550000011920929,-0.20000003278255463,-1.862645149230957e-09,0.48000001907348633,-0.3400000333786011,7.450577932388569e-10,0.48000001907348633,-0.3400000333786011,7.450577932388569e-10,0.48000001907348633,-0.46000003814697266,7.450580152834618e-10,0.48000001907348633,0.20000000298023224,3.725290298461914e-09,0.48000001907348633,0.3400000035762787,2.6822091214739885e-09,0.48000001907348633,0.3400000035762787,2.6822091214739885e-09,0.48000001907348633,0.46000000834465027,2.6822091214739885e-09,0.48000001907348633
235,-0.11999999731779099,0.0,0.09999999403953552,-0.11999999731779099,0.0,0.02698805183172226,-0.11999999731779099,0.0,0.20000000298023224,-0.11999999731779099,0.0,0.09999999403953552,0.11999999731779099,0.0,0.09999999403953552,0.11999999731779099,0.0,0.02698805183172226,0.11999999731779099,0.0,0.20000000298023224,0.11999999731779099,0.0,0.09999999403953552,0.0,0.0,0.375,0.0,0.0,0.550000011920929,-0.20000003278255463,-1.862645149230957e-09,0.48000001907348633,-0.3400000333786011,7.450577932388569e-10,0.48000001907348633,-0.3400000333786011,7.450577932388569e-10,0.48000001907348633,-0.46000003814697266,7.450580152834618e-10,0.48000001907348633,0.20000000298023224,3.725290298461914e-09,0.48000001907348633,0.3400000035762787,2.6822091214739885e-09,0.48000001907348633,0.3400000035762787,2.6822091214739885e-09,0.48000001907348633,0.46000000834465027,2.6822091214739885e-09,0.48000001907348633
236,-0.11999999731779099,0.0,0.09999999403953552,-0.11999999731779099,0.0,0.02698805183172226,-0.11999999731779099,0.0,0.20000000298023224,-0.11999999731779099,0.0,0.09999999403953552,0.11999999731779099,0.0,0.09999999403953552,0.11999999731779099,0.0,0.02698805183172226,0.11999999731779099,0.0,0.20000000298023224,0.11999999731779099,0.0,0.09999999403953552,0.0,0.0,0.375,0.0,0.0,0.550000011920929,-0.20000003278255463,-1.862645149230957e-09,0.48000001907348633,-0.3400000333786011,7.450577932388569e-10,0.48000001907348633,-0.3400000333786011,7.450577932388569e-10,0.48000001907348633,-0.46000003814697266,7.450580152834618e-10,0.48000001907348633,0.20000000298023224,3.725290298461914e-09,0.48000001907348633,0.3400000035762787,2.6822091214739885e-09,0.48000001907348633,0.3400000035762787,2.6822091214739885e-09,0.48000001907348633,0.46000000834465027,2.6822091214739885e-09,0.48000001907348633
237,-0.11999999731779099,0.0,0.09999999403953552,-0.11999999731779099,0.0,0.02698805183172226,-0.11999999731779099,0.0,0.20000000298023224,-0.11999999731779099,0.0,0.09999999403953552,0.11999999731779099,0.0,0.09999999403953552,0.11999999731779099,0.0,0.02698805183172226,0.11999999731779099,0.0,0.20000000298023224,0.11999999731779099,0.0,0.09999999403953552,0.0,0.0,0.375,0.0,0.0,0.550000011920929,-0.20000003278255463,-1.862645149230957e-09,0.48000001907348633,-0.3400000333786011,7.450577932388569e-10,0.48000001907348633,-0.3400000333786011,7.450577932388569e-10,0.48000001907348633,-0.46000003814697266,7.450580152834618e-10,0.48000001907348633,0.20000000298023224,3.725290298461914e-09,0.48000001907348633,0.3400000035762787,2.6822091214739885e-09,0.48000001907348633,0.3400000035762787,2.6822091214739885e-09,0.48000001907348633,0.46000000834465027,2.6822091214739885e-09,0.48000001907348633
238,-0.11999999731779099,0.0,0.09999999403953552,-0.11999999731779099,0.0,0.02698805183172226,-0.11999999731779099,0.0,0.20000000298023224,-0.11999999731779099,0.0,0.09999999403953552,0.11999999731779099,0.0,0.09999999403953552,0.11999999731779099,0.0,0.02698805183172226,0.11999999731779099,0.0,0.20000000298023224,0.11999999731779099,0.0,0.09999999403953552,0.0,0.0,0.375,0.0,0.0,0.550000011920929,-0.20000003278255463,-1.862645149230957e-09,0.48000001907348633,-0.3400000333786011,7.450577932388569e-10,0.48000001907348633,-0.3400000333786011,7.450577932388569e-10,0.48000001907348633,-0.46000003814697266,7.450580152834618e-10,0.48000001907348633,0.20000000298023224,3.725290298461914e-09,0.48000001907348633,0.3400000035762787,2.6822091214739885e-09,0.48000001907348633,0.3400000035762787,2.6822091214739885e-09,0.48000001907348633,0.46000000834465027,2.6822091214739885e-09,0.48000001907348633
239,-0.11999999731779099,0.0,0.09999999403953552,-0.11999999731779099,0.0,0.02698805183172226,-0.11999999731779099,0.0,0.20000000298023224,-0.11999999731779099,0.0,0.09999999403953552,0.11999999731779099,0.0,0.09999999403953552,0.11999999731779099,0.0,0.02698805183172226,0.11999999731779099,0.0,0.20000000298023224,0.11999999731779099,0.0,0.09999999403953552,0.0,0.0,0.375,0.0,0.0,0.550000011920929,-0.20000003278255463,-1.862645149230957e-09,0.48000001907348633,-0.3400000333786011,7.450577932388569e-10,0.48000001907348633,-0.3400000333786011,7.450577932388569e-10,0.48000001907348633,-0.46000003814697266,7.450580152834618e-10,0.48000001907348633,0.20000000298023224,3.725290298461914e-09,0.48000001907348633,0.3400000035762787,2.6822091214739885e-09,0.48000001907348633,0.3400000035762787,2.6822091214739885e-09,0.48000001907348633,0.46000000834465027,2.6822091214739885e-09,0.48000001907348633
240,-0.11999999731779099,0.0,0.09999999403953552,-0.11999999731779099,0.0,0.02698805183172226,-0.11999999731779099,0.0,0.20000000298023224,-0.11999999731779099,0.0,0.09999999403953552,0.11999999731779099,0.0,0.09999999403953552,0.11999999731779099,0.0,0.02698805183172226,0.11999999731779099,0.0,0.20000000298023224,0.11999999731779099,0.0,0.09999999403953552,0.0,0.0,0.375,0.0,0.0,0.550000011920929,-0.20000003278255463,-1.862645149230957e-09,0.48000001907348633,-0.3400000333786011,7.450577932388569e-10,0.48000001907348633,-0.3400000333786011,7.450577932388569e-10,0.48000001907348633,-0.46000003814697266,7.450580152834618e-10,0.48000001907348633,0.20000000298023224,3.725290298461914e-09,0.48000001907348633,0.3400000035762787,2.6822091214739885e-09,0.48000001907348633,0.3400000035762787,2.6822091214739885e-09,0.48000001907348633,0.46000000834465027,2.6822091214739885e-09,0.48000001907348633
241,-0.11999999731779099,0.0,0.09999999403953552,-0.11999999731779099,0.0,0.02698805183172226,-0.11999999731779099,0.0,0.20000000298023224,-0.11999999731779099,0.0,0.09999999403953552,0.11999999731779099,0.0,0.09999999403953552,0.11999999731779099,0.0,0.02698805183172226,0.11999999731779099,0.0,0.20000000298023224,0.11999999731779099,0.0,0.09999999403953552,0.0,0.0,0.375,0.0,0.0,0.550000011920929,-0.20000003278255463,-1.862645149230957e-09,0.48000001907348633,-0.3400000333786011,7.450577932388569e-10,0.48000001907348633,-0.3400000333786011,7.450577932388569e-10,0.48000001907348633,-0.46000003814697266,7.450580152834618e-10,0.48000001907348633,0.20000000298023224,3.725290298461914e-09,0.48000001907348633,0.3400000035762787,2.6822091214739885e-09,0.48000001907348633,0.3400000035762787,2.6822091214739885e-09,0.48000001907348633,0.46000000834465027,2.6822091214739885e-09,0.48000001907348633
242,-0.11999999731779099,0.0,0.09999999403953552,-0.11999999731779099,0.0,0.02698805183172226,-0.11999999731779099,0.0,0.20000000298023224,-0.11999999731779099,0.0,0.09999999403953552,0.11999999731779099,0.0,0.09999999403953552,0.11999999731779099,0.0,0.02698805183172226,0.11999999731779099,0.0,0.20000000298023224,0.11999999731779099,0.0,0.09999999403953552,0.0,0.0,0.375,0.0,0.0,0.550000011920929,-0.20000003278255463,-1.862645149230957e-09,0.48000001907348633,-0.3400000333786011,7.450577932388569e-10,0.48000001907348633,-0.3400000333786011,7.450577932388569e-10,0.48000001907348633,-0.46000003814697266,7.450580152834618e-10,0.48000001907348633,0.20000000298023224,3.725290298461914e-09,0.48000001907348633,0.3400000035762787,2.6822091214739885e-09,0.48000001907348633,0.3400000035762787,2.6822091214739885e-09,0.48000001907348633,0.46000000834465027,2.6822091214739885e-09,0.48000001907348633
243,-0.11999999731779099,0.0,0.09999999403953552,-0.11999999731779099,0.0,0.02698805183172226,-0.11999999731779099,0.0,0.20000000298023224,-0.11999999731779099,0.0,0.09999999403953552,0.11999999731779099,0.0,0.09999999403953552,0.11999999731779099,0.0,0.02698805183172226,0.11999999731779099,0.0,0.20000000298023224,0.11999999731779099,0.0,0.09999999403953552,0.0,0.0,0.375,0.0,0.0,0.550000011920929,-0.20000003278255463,-1.862645149230957e-09,0.48000001907348633,-0.3400000333786011,7.450577932388569e-10,0.48000001907348633,-0.3400000333786011,7.450577932388569e-10,0.48000001907348633,-0.46000003814697266,7.450580152834618e-10,0.48000001907348633,0.20000000298023224,3.725290298461914e-09,0.48000001907348633,0.3400000035762787,2.6822091214739885e-09,0.48000001907348633,0.3400000035762787,2.6822091214739885e-09,0.48000001907348633,0.46000000834465027,2.6822091214739885e-09,0.48000001907348633
244,-0.11999999731779099,0.0,0.09999999403953552,-0.11999999731779099,0.0,0.02698805183172226,-0.11999999731779099,0.0,0.20000000298023224,-0.11999999731779099,0.0,0.09999999403953552,0.11999999731779099,0.0,0.09999999403953552,0.11999999731779099,0.0,0.02698805183172226,0.11999999731779099,0.0,0.20000000298023224,0.11999999731779099,0.0,0.09999999403953552,0.0,0.0,0.375,0.0,0.0,0.550000011920929,-0.20000003278255463,-1.862645149230957e-09,0.48000001907348633,-0.3400000333786011,7.450577932388569e-10,0.48000001907348633,-0.3400000333786011,7.450577932388569e-10,0.48000001907348633,-0.46000003814697266,7.450580152834618e-10,0.48000001907348633,0.20000000298023224,3.725290298461914e-09,0.48000001907348633,0.3400000035762787,2.6822091214739885e-09,0.48000001907348633,0.3400000035762787,2.6822091214739885e-09,0.48000001907348633,0.46000000834465027,2.6822091214739885e-09,0.48000001907348633
245,-0.11999999731779099,0.0,0.09999999403953552,-0.11999999731779099,0.0,0.02698805183172226,-0.11999999731779099,0.0,0.20000000298023224,-0.11999999731779099,0.0,0.09999999403953552,0.11999999731779099,0.0,0.09999999403953552,0.11999999731779099,0.0,0.02698805183172226,0.11999999731779099,0.0,0.20000000298023224,0.11999999731779099,0.0,0.09999999403953552,0.0,0.0,0.375,0.0,0.0,0.550000011920929,-0.20000003278255463,-1.862645149230957e-09,0.48000001907348633,-0.3400000333786011,7.450577932388569e-10,0.48000001907348633,-0.3400000333786011,7.450577932388569e-10,0.48000001907348633,-0.46000003814697266,7.450580152834618e-10,0.48000001907348633,0.20000000298023224,3.725290298461914e-09,0.48000001907348633,0.3400000035762787,2.6822091214739885e-09,0.48000001907348633,0.3400000035762787,2.6822091214739885e-09,0.48000001907348633,0.46000000834465027,2.6822091214739885e-09,0.48000001907348633
246,-0.11999999731779099,0.0,0.09999999403953552,-0.11999999731779099,0.0,0.02698805183172226,-0.11999999731779099,0.0,0.20000000298023224,-0.11999999731779099,0.0,0.09999999403953552,0.11999999731779099,0.0,0.09999999403953552,0.11999999731779099,0.0,0.02698805183172226,0.11999999731779099,0.0,0.20000000298023224,0.11999999731779099,0.0,0.09999999403953552,0.0,0.0,0.375,0.0,0.0,0.550000011920929,-0.20000003278255463,-1.862645149230957e-09,0.48000001907348633,-0.3400000333786011,7.450577932388569e-10,0.48000001907348633,-0.3400000333786011,7.450577932388569e-10,0.48000001907348633,-0.46000003814697266,7.450580152834618e-10,0.48000001907348633,0.20000000298023224,3.725290298461914e-09,0.48000001907348633,0.3400000035762787,2.6822091214739885e-09,0.48000001907348633,0.3400000035762787,2.6822091214739885e-09,0.48000001907348633,0.46000000834465027,2.6822091214739885e-09,0.48000001907348633
247,-0.11999999731779099,0.0,0.09999999403953552,-0.11999999731779099,0.0,0.02698805183172226,-0.11999999731779099,0.0,0.20000000298023224,-0.11999999731779099,0.0,0.09999999403953552,0.11999999731779099,0.0,0.09999999403953552,0.11999999731779099,0.0,0.02698805183172226,0.11999999731779099,0.0,0.20000000298023224,0.11999999731779099,0.0,0.09999999403953552,0.0,0.0,0.375,0.0,0.0,0.550000011920929,-0.20000003278255463,-1.862645149230957e-09,0.48000001907348633,-0.3400000333786011,7.450577932388569e-10,0.48000001907348633,-0.3400000333786011,7.450577932388569e-10,0.48000001907348633,-0.46000003814697266,7.450580152834618e-10,0.48000001907348633,0.20000000298023224,3.725290298461914e-09,0.48000001907348633,0.3400000035762787,2.6822091214739885e-09,0.48000001907348633,0.3400000035762787,2.6822091214739885e-09,0.48000001907348633,0.46000000834465027,2.6822091214739885e-09,0.48000001907348633
248,-0.11999999731779099,0.0,0.09999999403953552,-0.11999999731779099,0.0,0.02698805183172226,-0.11999999731779099,0.0,0.20000000298023224,-0.11999999731779099,0.0,0.09999999403953552,0.11999999731779099,0.0,0.09999999403953552,0.11999999731779099,0.0,0.02698805183172226,0.11999999731779099,0.0,0.20000000298023224,0.11999999731779099,0.0,0.09999999403953552,0.0,0.0,0.375,0.0,0.0,0.550000011920929,-0.20000003278255463,-1.862645149230957e-09,0.48000001907348633,-0.3400000333786011,7.450577932388569e-10,0.48000001907348633,-0.3400000333786011,7.450577932388569e-10,0.48000001907348633,-0.46000003814697266,7.450580152834618e-10,0.48000001907348633,0.20000000298023224,3.725290298461914e-09,0.48000001907348633,0.3400000035762787,2.6822091214739885e-09,0.48000001907348633,0.3400000035762787,2.6822091214739885e-09,0.48000001907348633,0.46000000834465027,2.6822091214739885e-09,0.48000001907348633
249,-0.11999999731779099,0.0,0.09999999403953552,-0.11999999731779099,0.0,0.02698805183172226,-0.11999999731779099,0.0,0.20000000298023224,-0.11999999731779099,0.0,0.09999999403953552,0.11999999731779099,0.0,0.09999999403953552,0.11999999731779099,0.0,0.02698805183172226,0.11999999731779099,0.0,0.20000000298023224,0.11999999731779099,0.0,0.09999999403953552,0.0,0.0,0.375,0.0,0.0,0.550000011920929,-0.20000003278255463,-1.862645149230957e-09,0.48000001907348633,-0.3400000333786011,7.450577932388569e-10,0.48000001907348633,-0.3400000333786011,7.450577932388569e-10,0.48000001907348633,-0.46000003814697266,7.450580152834618e-10,0.48000001907348633,0.20000000298023224,3.725290298461914e-09,0.48000001907348633,0.3400000035762787,2.6822091214739885e-09,0.48000001907348633,0.3400000035762787,2.6822091214739885e-09,0.48000001907348633,0.46000000834465027,2.6822091214739885e-09,0.48000001907348633
250,-0.11999999731779099,0.0,0.09999999403953552,-0.11999999731779099,0.0,0.02698805183172226,-0.11999999731779099,0.0,0.20000000298023224,-0.11999999731779099,0.0,0.09999999403953552,0.11999999731779099,0.0,0.09999999403953552,0.11999999731779099,0.0,0.02698805183172226,0.11999999731779099,0.0,0.20000000298023224,0.11999999731779099,0.0,0.09999999403953552,0.0,0.0,0.375,0.0,0.0,0.550000011920929,-0.20000003278255463,-1.862645149230957e-09,0.48000001907348633,-0.3400000333786011,7.450577932388569e-10,0.48000001907348633,-0.3400000333786011,7.450577932388569e-10,0.48000001907348633,-0.46000003814697266,7.450580152834618e-10,0.48000001907348633,0.20000000298023224,3.725290298461914e-09,0.48000001907348633,0.3400000035762787,2.6822091214739885e-09,0.48000001907348633,0.3400000035762787,2.6822091214739885e-09,0.48000001907348633,0.46000000834465027,2.6822091214739885e-09,0.48000001907348633
